ingredient_unit_id,ingredient_id,quantity_id,standart_quantity,price,full_of_use_quantity,full_of_use_quantity_numerator,full_of_use_quantity_denominator,created_id,created_at,updated_id,updated_at
1,408,1,1,0,1,0,0,1,2014-11-10 18:08:12,1,2014-11-10 17:32:00
2,360,2,1,0,1,0,0,1,2014-11-10 18:08:12,1,2014-11-10 17:32:00
3,286,2,1,0,1,0,0,1,2014-11-10 18:08:12,1,2014-11-10 17:32:00
5,309,4,1,0,1,0,0,1,2014-11-10 18:08:12,1,2014-11-10 17:32:00
6,310,4,1,0,1,0,0,1,2014-11-10 18:08:12,1,2014-11-10 17:32:00
8,375,4,1,0,1,0,0,1,2014-11-10 18:08:12,1,2014-11-10 17:32:00
9,311,4,1,0,1,0,0,1,2014-11-10 18:08:12,1,2014-11-10 17:32:00
10,376,4,1,0,1,0,0,1,2014-11-10 18:08:12,1,2014-11-10 17:32:00
11,312,4,1,0,1,0,0,1,2014-11-10 18:08:12,1,2014-11-10 17:32:00
12,331,4,1,0,1,0,0,1,2014-11-10 18:08:12,1,2014-11-10 17:32:00
13,321,4,1,0,1,0,0,1,2014-11-10 18:08:12,1,2014-11-10 17:32:00
14,379,4,1,0,1,0,0,1,2014-11-10 18:08:12,1,2014-11-10 17:32:00
17,381,4,1,0,1,0,0,1,2014-11-10 18:08:12,1,2014-11-10 17:32:00
18,287,4,1,0,1,0,0,1,2014-11-10 18:08:12,1,2014-11-10 17:32:00
19,299,4,1,0,1,0,0,1,2014-11-10 18:08:12,1,2014-11-10 17:32:00
21,337,4,1,0,1,0,0,1,2014-11-10 18:08:12,1,2014-11-10 17:32:00
22,332,4,1,0,1,0,0,1,2014-11-10 18:08:12,1,2014-11-10 17:32:00
24,296,4,1,0,1,0,0,1,2014-11-10 18:08:12,1,2014-11-10 17:32:00
26,314,4,1,0,1,0,0,1,2014-11-10 18:08:12,1,2014-11-10 17:32:00
27,297,4,1,0,1,0,0,1,2014-11-10 18:08:12,1,2014-11-10 17:32:00
28,355,4,1,0,1,0,0,1,2014-11-10 18:08:12,1,2014-11-10 17:32:00
29,356,4,1,0,1,0,0,1,2014-11-10 18:08:12,1,2014-11-10 17:32:00
30,357,4,1,0,1,0,0,1,2014-11-10 18:08:12,1,2014-11-10 17:32:00
31,386,4,1,0,1,0,0,1,2014-11-10 18:08:12,1,2014-11-10 17:32:00
32,358,4,1,0,1,0,0,1,2014-11-10 18:08:12,1,2014-11-10 17:32:00
33,193,4,1,0,1,0,0,1,2014-11-10 18:08:12,1,2014-11-10 17:32:00
36,388,4,1,0,1,0,0,1,2014-11-10 18:08:12,1,2014-11-10 17:32:00
37,361,4,1,0,1,0,0,1,2014-11-10 18:08:12,1,2014-11-10 17:32:00
38,389,4,1,0,1,0,0,1,2014-11-10 18:08:12,1,2014-11-10 17:32:00
39,363,4,1,0,1,0,0,1,2014-11-10 18:08:12,1,2014-11-10 17:32:00
40,317,4,1,0,1,0,0,1,2014-11-10 18:08:12,1,2014-11-10 17:32:00
41,291,4,1,0,1,0,0,1,2014-11-10 18:08:12,1,2014-11-10 17:32:00
42,390,4,1,0,1,0,0,1,2014-11-10 18:08:12,1,2014-11-10 17:32:00
44,391,4,1,0,1,0,0,1,2014-11-10 18:08:12,1,2014-11-10 17:32:00
45,392,4,1,0,1,0,0,1,2014-11-10 18:08:12,1,2014-11-10 17:32:00
47,285,4,1,0,1,0,0,1,2014-11-10 18:08:12,1,2014-11-10 17:32:00
49,339,4,1,0,1,0,0,1,2014-11-10 18:08:12,1,2014-11-10 17:32:00
50,334,4,1,0,1,0,0,1,2014-11-10 18:08:12,1,2014-11-10 17:32:00
51,396,4,1,0,1,0,0,1,2014-11-10 18:08:12,1,2014-11-10 17:32:00
52,340,4,1,0,1,0,0,1,2014-11-10 18:08:12,1,2014-11-10 17:32:00
53,397,4,1,0,1,0,0,1,2014-11-10 18:08:12,1,2014-11-10 17:32:00
54,289,4,1,0,1,0,0,1,2014-11-10 18:08:12,1,2014-11-10 17:32:00
55,292,4,1,0,1,0,0,1,2014-11-10 18:08:12,1,2014-11-10 17:32:00
56,325,4,1,0,1,0,0,1,2014-11-10 18:08:12,1,2014-11-10 17:32:00
57,307,4,1,0,1,0,0,1,2014-11-10 18:08:12,1,2014-11-10 17:32:00
60,366,4,1,0,1,0,0,1,2014-11-10 18:08:12,1,2014-11-10 17:32:00
61,300,4,1,0,1,0,0,1,2014-11-10 18:08:12,1,2014-11-10 17:32:00
62,301,4,1,0,1,0,0,1,2014-11-10 18:08:12,1,2014-11-10 17:32:00
63,302,4,1,0,1,0,0,1,2014-11-10 18:08:12,1,2014-11-10 17:32:00
64,293,4,1,0,1,0,0,1,2014-11-10 18:08:12,1,2014-11-10 17:32:00
66,341,4,1,0,1,0,0,1,2014-11-10 18:08:12,1,2014-11-10 17:32:00
67,294,4,1,0,1,0,0,1,2014-11-10 18:08:12,1,2014-11-10 17:32:00
68,367,4,1,0,1,0,0,1,2014-11-10 18:08:12,1,2014-11-10 17:32:00
69,303,4,1,0,1,0,0,1,2014-11-10 18:08:12,1,2014-11-10 17:32:00
70,298,4,1,0,1,0,0,1,2014-11-10 18:08:12,1,2014-11-10 17:32:00
71,403,4,1,0,1,0,0,1,2014-11-10 18:08:12,1,2014-11-10 17:32:00
72,348,4,1,0,1,0,0,1,2014-11-10 18:08:12,1,2014-11-10 17:32:00
73,327,4,1,0,1,0,0,1,2014-11-10 18:08:12,1,2014-11-10 17:32:00
74,405,4,1,0,1,0,0,1,2014-11-10 18:08:12,1,2014-11-10 17:32:00
75,304,4,1,0,1,0,0,1,2014-11-10 18:08:12,1,2014-11-10 17:32:00
76,265,4,1,0,1,0,0,1,2014-11-10 18:08:12,1,2014-11-10 17:32:00
77,368,4,1,0,1,0,0,1,2014-11-10 18:08:12,1,2014-11-10 17:32:00
78,286,4,1,0,1,0,0,1,2014-11-10 18:08:12,1,2014-11-10 17:32:00
79,295,4,1,0,1,0,0,1,2014-11-10 18:08:12,1,2014-11-10 17:32:00
80,370,4,1,0,1,0,0,1,2014-11-10 18:08:12,1,2014-11-10 17:32:00
82,308,4,1,0,1,0,0,1,2014-11-10 18:08:12,1,2014-11-10 17:32:00
85,309,5,1,0,1,0,0,1,2014-11-10 18:08:12,1,2014-11-10 17:32:00
86,310,5,1,0,1,0,0,1,2014-11-10 18:08:12,1,2014-11-10 17:32:00
88,375,5,1,0,1,0,0,1,2014-11-10 18:08:12,1,2014-11-10 17:32:00
89,311,5,1,0,1,0,0,1,2014-11-10 18:08:12,1,2014-11-10 17:32:00
90,376,5,1,0,1,0,0,1,2014-11-10 18:08:12,1,2014-11-10 17:32:00
91,312,5,1,0,1,0,0,1,2014-11-10 18:08:12,1,2014-11-10 17:32:00
92,331,5,1,0,1,0,0,1,2014-11-10 18:08:12,1,2014-11-10 17:32:00
93,321,5,1,0,1,0,0,1,2014-11-10 18:08:12,1,2014-11-10 17:32:00
94,379,5,1,0,1,0,0,1,2014-11-10 18:08:12,1,2014-11-10 17:32:00
97,381,5,1,0,1,0,0,1,2014-11-10 18:08:12,1,2014-11-10 17:32:00
98,287,5,1,0,1,0,0,1,2014-11-10 18:08:12,1,2014-11-10 17:32:00
99,299,5,1,0,1,0,0,1,2014-11-10 18:08:12,1,2014-11-10 17:32:00
101,337,5,1,0,1,0,0,1,2014-11-10 18:08:12,1,2014-11-10 17:32:00
102,332,5,1,0,1,0,0,1,2014-11-10 18:08:12,1,2014-11-10 17:32:00
104,296,5,1,0,1,0,0,1,2014-11-10 18:08:12,1,2014-11-10 17:32:00
107,314,5,1,0,1,0,0,1,2014-11-10 18:08:12,1,2014-11-10 17:32:00
108,297,5,1,0,1,0,0,1,2014-11-10 18:08:12,1,2014-11-10 17:32:00
109,355,5,1,0,1,0,0,1,2014-11-10 18:08:12,1,2014-11-10 17:32:00
110,356,5,1,0,1,0,0,1,2014-11-10 18:08:12,1,2014-11-10 17:32:00
111,357,5,1,0,1,0,0,1,2014-11-10 18:08:12,1,2014-11-10 17:32:00
112,386,5,1,0,1,0,0,1,2014-11-10 18:08:12,1,2014-11-10 17:32:00
113,358,5,1,0,1,0,0,1,2014-11-10 18:08:12,1,2014-11-10 17:32:00
114,193,5,1,0,1,0,0,1,2014-11-10 18:08:12,1,2014-11-10 17:32:00
117,388,5,1,0,1,0,0,1,2014-11-10 18:08:12,1,2014-11-10 17:32:00
118,361,5,1,0,1,0,0,1,2014-11-10 18:08:12,1,2014-11-10 17:32:00
119,389,5,1,0,1,0,0,1,2014-11-10 18:08:12,1,2014-11-10 17:32:00
120,363,5,1,0,1,0,0,1,2014-11-10 18:08:12,1,2014-11-10 17:32:00
121,317,5,1,0,1,0,0,1,2014-11-10 18:08:12,1,2014-11-10 17:32:00
122,291,5,1,0,1,0,0,1,2014-11-10 18:08:12,1,2014-11-10 17:32:00
123,390,5,1,0,1,0,0,1,2014-11-10 18:08:12,1,2014-11-10 17:32:00
125,391,5,1,0,1,0,0,1,2014-11-10 18:08:12,1,2014-11-10 17:32:00
126,392,5,1,0,1,0,0,1,2014-11-10 18:08:12,1,2014-11-10 17:32:00
128,285,5,1,0,1,0,0,1,2014-11-10 18:08:12,1,2014-11-10 17:32:00
130,339,5,1,0,1,0,0,1,2014-11-10 18:08:12,1,2014-11-10 17:32:00
131,334,5,1,0,1,0,0,1,2014-11-10 18:08:12,1,2014-11-10 17:32:00
132,395,5,1,0,1,0,0,1,2014-11-10 18:08:12,1,2014-11-10 17:32:00
133,396,5,1,0,1,0,0,1,2014-11-10 18:08:12,1,2014-11-10 17:32:00
134,340,5,1,0,1,0,0,1,2014-11-10 18:08:12,1,2014-11-10 17:32:00
135,397,5,1,0,1,0,0,1,2014-11-10 18:08:12,1,2014-11-10 17:32:00
136,289,5,1,0,1,0,0,1,2014-11-10 18:08:12,1,2014-11-10 17:32:00
137,292,5,1,0,1,0,0,1,2014-11-10 18:08:12,1,2014-11-10 17:32:00
138,325,5,1,0,1,0,0,1,2014-11-10 18:08:12,1,2014-11-10 17:32:00
139,307,5,1,0,1,0,0,1,2014-11-10 18:08:12,1,2014-11-10 17:32:00
142,366,5,1,0,1,0,0,1,2014-11-10 18:08:12,1,2014-11-10 17:32:00
143,300,5,1,0,1,0,0,1,2014-11-10 18:08:12,1,2014-11-10 17:32:00
144,301,5,1,0,1,0,0,1,2014-11-10 18:08:12,1,2014-11-10 17:32:00
145,302,5,1,0,1,0,0,1,2014-11-10 18:08:12,1,2014-11-10 17:32:00
146,293,5,1,0,1,0,0,1,2014-11-10 18:08:12,1,2014-11-10 17:32:00
148,341,5,1,0,1,0,0,1,2014-11-10 18:08:12,1,2014-11-10 17:32:00
149,294,5,1,0,1,0,0,1,2014-11-10 18:08:12,1,2014-11-10 17:32:00
150,367,5,1,0,1,0,0,1,2014-11-10 18:08:12,1,2014-11-10 17:32:00
151,303,5,1,0,1,0,0,1,2014-11-10 18:08:12,1,2014-11-10 17:32:00
152,298,5,1,0,1,0,0,1,2014-11-10 18:08:12,1,2014-11-10 17:32:00
153,403,5,1,0,1,0,0,1,2014-11-10 18:08:12,1,2014-11-10 17:32:00
154,348,5,1,0,1,0,0,1,2014-11-10 18:08:12,1,2014-11-10 17:32:00
155,327,5,1,0,1,0,0,1,2014-11-10 18:08:12,1,2014-11-10 17:32:00
156,405,5,1,0,1,0,0,1,2014-11-10 18:08:12,1,2014-11-10 17:32:00
157,304,5,1,0,1,0,0,1,2014-11-10 18:08:12,1,2014-11-10 17:32:00
158,265,5,1,0,1,0,0,1,2014-11-10 18:08:12,1,2014-11-10 17:32:00
159,368,5,1,0,1,0,0,1,2014-11-10 18:08:12,1,2014-11-10 17:32:00
160,286,5,1,0,1,0,0,1,2014-11-10 18:08:12,1,2014-11-10 17:32:00
161,295,5,1,0,1,0,0,1,2014-11-10 18:08:12,1,2014-11-10 17:32:00
162,305,5,1,0,1,0,0,1,2014-11-10 18:08:12,1,2014-11-10 17:32:00
164,282,5,1,0,1,0,0,1,2014-11-10 18:08:12,1,2014-11-10 17:32:00
167,308,5,1,0,1,0,0,1,2014-11-10 18:08:12,1,2014-11-10 17:32:00
170,309,6,1,0,1,0,0,1,2014-11-10 18:08:12,1,2014-11-10 17:32:00
171,310,6,1,0,1,0,0,1,2014-11-10 18:08:12,1,2014-11-10 17:32:00
172,375,6,1,0,1,0,0,1,2014-11-10 18:08:12,1,2014-11-10 17:32:00
173,311,6,1,0,1,0,0,1,2014-11-10 18:08:12,1,2014-11-10 17:32:00
174,312,6,1,0,1,0,0,1,2014-11-10 18:08:12,1,2014-11-10 17:32:00
175,331,6,1,0,1,0,0,1,2014-11-10 18:08:12,1,2014-11-10 17:32:00
176,377,6,1,0,1,0,0,1,2014-11-10 18:08:12,1,2014-11-10 17:32:00
177,296,6,1,0,1,0,0,1,2014-11-10 18:08:12,1,2014-11-10 17:32:00
179,315,6,1,0,1,0,0,1,2014-11-10 18:08:12,1,2014-11-10 17:32:00
180,384,6,1,0,1,0,0,1,2014-11-10 18:08:12,1,2014-11-10 17:32:00
181,224,6,1,0,1,0,0,1,2014-11-10 18:08:12,1,2014-11-10 17:32:00
182,290,6,1,0,1,0,0,1,2014-11-10 18:08:12,1,2014-11-10 17:32:00
183,410,6,1,0,1,0,0,1,2014-11-10 18:08:12,1,2014-11-10 17:32:00
184,316,6,1,0,1,0,0,1,2014-11-10 18:08:12,1,2014-11-10 17:32:00
185,291,6,1,0,1,0,0,1,2014-11-10 18:08:12,1,2014-11-10 17:32:00
188,306,6,1,0,1,0,0,1,2014-11-10 18:08:12,1,2014-11-10 17:32:00
189,411,6,1,0,1,0,0,1,2014-11-10 18:08:12,1,2014-11-10 17:32:00
190,395,6,1,0,1,0,0,1,2014-11-10 18:08:12,1,2014-11-10 17:32:00
191,292,6,1,0,1,0,0,1,2014-11-10 18:08:12,1,2014-11-10 17:32:00
192,307,6,1,0,1,0,0,1,2014-11-10 18:08:12,1,2014-11-10 17:32:00
194,366,6,1,0,1,0,0,1,2014-11-10 18:08:12,1,2014-11-10 17:32:00
195,259,6,1,0,1,0,0,1,2014-11-10 18:08:12,1,2014-11-10 17:32:00
196,293,6,1,0,1,0,0,1,2014-11-10 18:08:12,1,2014-11-10 17:32:00
197,319,6,1,0,1,0,0,1,2014-11-10 18:08:12,1,2014-11-10 17:32:00
198,294,6,1,0,1,0,0,1,2014-11-10 18:08:12,1,2014-11-10 17:32:00
199,298,6,1,0,1,0,0,1,2014-11-10 18:08:12,1,2014-11-10 17:32:00
201,343,6,1,0,1,0,0,1,2014-11-10 18:08:12,1,2014-11-10 17:32:00
202,407,6,1,0,1,0,0,1,2014-11-10 18:08:12,1,2014-11-10 17:32:00
203,295,6,1,0,1,0,0,1,2014-11-10 18:08:12,1,2014-11-10 17:32:00
204,412,6,1,0,1,0,0,1,2014-11-10 18:08:12,1,2014-11-10 17:32:00
205,308,6,1,0,1,0,0,1,2014-11-10 18:08:12,1,2014-11-10 17:32:00
206,209,7,1,0,1,0,0,1,2014-11-10 18:08:12,1,2014-11-10 17:32:00
208,349,7,1,0,1,0,0,1,2014-11-10 18:08:12,1,2014-11-10 17:32:00
209,164,7,1,0,1,0,0,1,2014-11-10 18:08:12,1,2014-11-10 17:32:00
210,214,7,1,0,1,0,0,1,2014-11-10 18:08:12,1,2014-11-10 17:32:00
211,204,7,1,0,1,0,0,1,2014-11-10 18:08:12,1,2014-11-10 17:32:00
213,320,7,1,0,1,0,0,1,2014-11-10 18:08:12,1,2014-11-10 17:32:00
214,217,7,1,0,1,0,0,1,2014-11-10 18:08:12,1,2014-11-10 17:32:00
216,188,7,1,0,1,0,0,1,2014-11-10 18:08:12,1,2014-11-10 17:32:00
219,218,7,1,0,1,0,0,1,2014-11-10 18:08:12,1,2014-11-10 17:32:00
220,189,7,1,0,1,0,0,1,2014-11-10 18:08:12,1,2014-11-10 17:32:00
222,287,7,1,0,1,0,0,1,2014-11-10 18:08:12,1,2014-11-10 17:32:00
224,350,7,1,0,1,0,0,1,2014-11-10 18:08:12,1,2014-11-10 17:32:00
227,190,7,1,0,1,0,0,1,2014-11-10 18:08:12,1,2014-11-10 17:32:00
229,191,7,1,0,1,0,0,1,2014-11-10 18:08:12,1,2014-11-10 17:32:00
231,352,7,1,0,1,0,0,1,2014-11-10 18:08:12,1,2014-11-10 17:32:00
232,221,7,1,0,1,0,0,1,2014-11-10 18:08:12,1,2014-11-10 17:32:00
233,353,7,1,0,1,0,0,1,2014-11-10 18:08:12,1,2014-11-10 17:32:00
234,354,7,1,0,1,0,0,1,2014-11-10 18:08:12,1,2014-11-10 17:32:00
236,223,7,1,0,1,0,0,1,2014-11-10 18:08:12,1,2014-11-10 17:32:00
237,357,7,1,0,1,0,0,1,2014-11-10 18:08:12,1,2014-11-10 17:32:00
239,124,7,1,0,1,0,0,1,2014-11-10 18:08:12,1,2014-11-10 17:32:00
241,225,7,1,0,1,0,0,1,2014-11-10 18:08:12,1,2014-11-10 17:32:00
242,360,7,1,0,1,0,0,1,2014-11-10 18:08:12,1,2014-11-10 17:32:00
244,125,7,1,0,1,0,0,1,2014-11-10 18:08:12,1,2014-11-10 17:32:00
246,228,7,1,0,1,0,0,1,2014-11-10 18:08:12,1,2014-11-10 17:32:00
248,362,7,1,0,1,0,0,1,2014-11-10 18:08:12,1,2014-11-10 17:32:00
249,230,7,1,0,1,0,0,1,2014-11-10 18:08:12,1,2014-11-10 17:32:00
252,333,7,1,0,1,0,0,1,2014-11-10 18:08:12,1,2014-11-10 17:32:00
253,234,7,1,0,1,0,0,1,2014-11-10 18:08:12,1,2014-11-10 17:32:00
256,392,7,1,0,1,0,0,1,2014-11-10 18:08:12,1,2014-11-10 17:32:00
257,323,7,1,0,1,0,0,1,2014-11-10 18:08:12,1,2014-11-10 17:32:00
259,285,7,1,0,1,0,0,1,2014-11-10 18:08:12,1,2014-11-10 17:32:00
261,270,7,1,0,1,0,0,1,2014-11-10 18:08:12,1,2014-11-10 17:32:00
262,236,7,1,0,1,0,0,1,2014-11-10 18:08:12,1,2014-11-10 17:32:00
263,237,7,1,0,1,0,0,1,2014-11-10 18:08:12,1,2014-11-10 17:32:00
264,239,7,1,0,1,0,0,1,2014-11-10 18:08:12,1,2014-11-10 17:32:00
265,94,7,1,0,1,0,0,1,2014-11-10 18:08:12,1,2014-11-10 17:32:00
266,99,7,1,0,1,0,0,1,2014-11-10 18:08:12,1,2014-11-10 17:32:00
267,100,7,1,0,1,0,0,1,2014-11-10 18:08:12,1,2014-11-10 17:32:00
268,101,7,1,0,1,0,0,1,2014-11-10 18:08:12,1,2014-11-10 17:32:00
269,102,7,1,0,1,0,0,1,2014-11-10 18:08:12,1,2014-11-10 17:32:00
271,116,7,1,0,1,0,0,1,2014-11-10 18:08:12,1,2014-11-10 17:32:00
272,277,7,1,0,1,0,0,1,2014-11-10 18:08:12,1,2014-11-10 17:32:00
273,117,7,1,0,1,0,0,1,2014-11-10 18:08:12,1,2014-11-10 17:32:00
274,118,7,1,0,1,0,0,1,2014-11-10 18:08:12,1,2014-11-10 17:32:00
275,119,7,1,0,1,0,0,1,2014-11-10 18:08:12,1,2014-11-10 17:32:00
277,243,7,1,0,1,0,0,1,2014-11-10 18:08:12,1,2014-11-10 17:32:00
279,18,7,1,0,1,0,0,1,2014-11-10 18:08:12,1,2014-11-10 17:32:00
283,289,7,1,0,1,0,0,1,2014-11-10 18:08:12,1,2014-11-10 17:32:00
286,248,7,1,0,1,0,0,1,2014-11-10 18:08:12,1,2014-11-10 17:32:00
287,324,7,1,0,1,0,0,1,2014-11-10 18:08:12,1,2014-11-10 17:32:00
288,123,7,1,0,1,0,0,1,2014-11-10 18:08:12,1,2014-11-10 17:32:00
289,249,7,1,0,1,0,0,1,2014-11-10 18:08:12,1,2014-11-10 17:32:00
293,300,7,1,0,1,0,0,1,2014-11-10 18:08:12,1,2014-11-10 17:32:00
294,254,7,1,0,1,0,0,1,2014-11-10 18:08:12,1,2014-11-10 17:32:00
295,257,7,1,0,1,0,0,1,2014-11-10 18:08:12,1,2014-11-10 17:32:00
297,105,7,1,0,1,0,0,1,2014-11-10 18:08:12,1,2014-11-10 17:32:00
298,106,7,1,0,1,0,0,1,2014-11-10 18:08:12,1,2014-11-10 17:32:00
299,107,7,1,0,1,0,0,1,2014-11-10 18:08:12,1,2014-11-10 17:32:00
300,108,7,1,0,1,0,0,1,2014-11-10 18:08:12,1,2014-11-10 17:32:00
301,109,7,1,0,1,0,0,1,2014-11-10 18:08:12,1,2014-11-10 17:32:00
305,402,7,1,0,1,0,0,1,2014-11-10 18:08:12,1,2014-11-10 17:32:00
306,303,7,1,0,1,0,0,1,2014-11-10 18:08:12,1,2014-11-10 17:32:00
307,128,7,1,0,1,0,0,1,2014-11-10 18:08:12,1,2014-11-10 17:32:00
309,327,7,1,0,1,0,0,1,2014-11-10 18:08:12,1,2014-11-10 17:32:00
310,304,7,1,0,1,0,0,1,2014-11-10 18:08:12,1,2014-11-10 17:32:00
312,263,7,1,0,1,0,0,1,2014-11-10 18:08:12,1,2014-11-10 17:32:00
313,264,7,1,0,1,0,0,1,2014-11-10 18:08:12,1,2014-11-10 17:32:00
315,406,7,1,0,1,0,0,1,2014-11-10 18:08:12,1,2014-11-10 17:32:00
316,335,7,1,0,1,0,0,1,2014-11-10 18:08:12,1,2014-11-10 17:32:00
317,265,7,1,0,1,0,0,1,2014-11-10 18:08:12,1,2014-11-10 17:32:00
323,129,7,1,0,1,0,0,1,2014-11-10 18:08:12,1,2014-11-10 17:32:00
324,200,7,1,0,1,0,0,1,2014-11-10 18:08:12,1,2014-11-10 17:32:00
325,103,7,1,0,1,0,0,1,2014-11-10 18:08:12,1,2014-11-10 17:32:00
326,104,7,1,0,1,0,0,1,2014-11-10 18:08:12,1,2014-11-10 17:32:00
327,330,7,1,0,1,0,0,1,2014-11-10 18:08:12,1,2014-11-10 17:32:00
328,272,7,1,0,1,0,0,1,2014-11-10 18:08:12,1,2014-11-10 17:32:00
330,112,7,1,0,1,0,0,1,2014-11-10 18:08:12,1,2014-11-10 17:32:00
332,201,7,1,0,1,0,0,1,2014-11-10 18:08:12,1,2014-11-10 17:32:00
334,62,7,1,0,1,0,0,1,2014-11-10 18:08:12,1,2014-11-10 17:32:00
337,275,7,1,0,1,0,0,1,2014-11-10 18:08:12,1,2014-11-10 17:32:00
338,325,8,1,0,1,0,0,1,2014-11-10 18:08:12,1,2014-11-10 17:32:00
340,32,8,1,0,1,0,0,1,2014-11-10 18:08:12,1,2014-11-10 17:32:00
344,289,9,1,0,1,0,0,1,2014-11-10 18:08:12,1,2014-11-10 17:32:00
345,403,9,1,0,1,0,0,1,2014-11-10 18:08:12,1,2014-11-10 17:32:00
346,405,9,1,0,1,0,0,1,2014-11-10 18:08:12,1,2014-11-10 17:32:00
347,283,9,1,0,1,0,0,1,2014-11-10 18:08:12,1,2014-11-10 17:32:00
350,210,11,1,0,1,0,0,1,2014-11-10 18:08:12,1,2014-11-10 17:32:00
351,211,11,1,0,1,0,0,1,2014-11-10 18:08:12,1,2014-11-10 17:32:00
352,212,11,1,0,1,0,0,1,2014-11-10 18:08:12,1,2014-11-10 17:32:00
354,205,11,1,0,1,0,0,1,2014-11-10 18:08:12,1,2014-11-10 17:32:00
355,216,11,1,0,1,0,0,1,2014-11-10 18:08:12,1,2014-11-10 17:32:00
356,206,11,1,0,1,0,0,1,2014-11-10 18:08:12,1,2014-11-10 17:32:00
357,222,11,1,0,1,0,0,1,2014-11-10 18:08:12,1,2014-11-10 17:32:00
358,124,11,1,0,1,0,0,1,2014-11-10 18:08:12,1,2014-11-10 17:32:00
359,208,11,1,0,1,0,0,1,2014-11-10 18:08:12,1,2014-11-10 17:32:00
361,365,11,1,0,1,0,0,1,2014-11-10 18:08:12,1,2014-11-10 17:32:00
362,235,11,1,0,1,0,0,1,2014-11-10 18:08:12,1,2014-11-10 17:32:00
363,142,11,1,0,1,0,0,1,2014-11-10 18:08:12,1,2014-11-10 17:32:00
365,241,11,1,0,1,0,0,1,2014-11-10 18:08:12,1,2014-11-10 17:32:00
367,242,11,1,0,1,0,0,1,2014-11-10 18:08:12,1,2014-11-10 17:32:00
368,250,11,1,0,1,0,0,1,2014-11-10 18:08:12,1,2014-11-10 17:32:00
369,252,11,1,0,1,0,0,1,2014-11-10 18:08:12,1,2014-11-10 17:32:00
374,268,11,1,0,1,0,0,1,2014-11-10 18:08:12,1,2014-11-10 17:32:00
375,129,11,1,0,1,0,0,1,2014-11-10 18:08:12,1,2014-11-10 17:32:00
376,369,11,1,0,1,0,0,1,2014-11-10 18:08:12,1,2014-11-10 17:32:00
382,202,11,1,0,1,0,0,1,2014-11-10 18:08:12,1,2014-11-10 17:32:00
383,276,11,1,0,1,0,0,1,2014-11-10 18:08:12,1,2014-11-10 17:32:00
388,204,12,1,0,1,0,0,1,2014-11-10 18:08:12,1,2014-11-10 17:32:00
392,40,12,1,0,1,0,0,1,2014-11-10 18:08:12,1,2014-11-10 17:32:00
394,207,12,1,0,1,0,0,1,2014-11-10 18:08:12,1,2014-11-10 17:32:00
397,227,12,1,0,1,0,0,1,2014-11-10 18:08:12,1,2014-11-10 17:32:00
398,364,12,1,0,1,0,0,1,2014-11-10 18:08:12,1,2014-11-10 17:32:00
400,121,12,1,0,1,0,0,1,2014-11-10 18:08:12,1,2014-11-10 17:32:00
402,122,12,1,0,1,0,0,1,2014-11-10 18:08:12,1,2014-11-10 17:32:00
406,326,12,1,0,1,0,0,1,2014-11-10 18:08:12,1,2014-11-10 17:32:00
419,264,15,1,0,1,0,0,1,2014-11-10 18:08:12,1,2014-11-10 17:32:00
422,187,16,1,0,1,0,0,1,2014-11-10 18:08:12,1,2014-11-10 17:32:00
424,215,16,1,0,1,0,0,1,2014-11-10 18:08:12,1,2014-11-10 17:32:00
428,336,16,1,0,1,0,0,1,2014-11-10 18:08:12,1,2014-11-10 17:32:00
435,359,16,1,0,1,0,0,1,2014-11-10 18:08:12,1,2014-11-10 17:32:00
440,229,16,1,0,1,0,0,1,2014-11-10 18:08:12,1,2014-11-10 17:32:00
444,92,16,1,0,1,0,0,1,2014-11-10 18:08:12,1,2014-11-10 17:32:00
447,238,16,1,0,1,0,0,1,2014-11-10 18:08:12,1,2014-11-10 17:32:00
448,94,16,1,0,1,0,0,1,2014-11-10 18:08:12,1,2014-11-10 17:32:00
455,256,16,1,0,1,0,0,1,2014-11-10 18:08:12,1,2014-11-10 17:32:00
456,279,16,1,0,1,0,0,1,2014-11-10 18:08:12,1,2014-11-10 17:32:00
457,261,16,1,0,1,0,0,1,2014-11-10 18:08:12,1,2014-11-10 17:32:00
462,269,16,1,0,1,0,0,1,2014-11-10 18:08:12,1,2014-11-10 17:32:00
463,271,16,1,0,1,0,0,1,2014-11-10 18:08:12,1,2014-11-10 17:32:00
464,371,16,1,0,1,0,0,1,2014-11-10 18:08:12,1,2014-11-10 17:32:00
465,96,16,1,0,1,0,0,1,2014-11-10 18:08:12,1,2014-11-10 17:32:00
470,232,17,1,0,1,0,0,1,2014-11-10 18:08:12,1,2014-11-10 17:32:00
471,262,17,1,0,1,0,0,1,2014-11-10 18:08:12,1,2014-11-10 17:32:00
472,273,17,1,0,1,0,0,1,2014-11-10 18:08:12,1,2014-11-10 17:32:00
474,180,18,1,0,1,0,0,1,2014-11-10 18:08:12,1,2014-11-10 17:32:00
477,183,18,1,0,1,0,0,1,2014-11-10 18:08:12,1,2014-11-10 17:32:00
480,186,18,1,0,1,0,0,1,2014-11-10 18:08:12,1,2014-11-10 17:32:00
481,131,19,1,0,1,0,0,1,2014-11-10 18:08:12,1,2014-11-10 17:32:00
486,138,19,1,0,1,0,0,1,2014-11-10 18:08:12,1,2014-11-10 17:32:00
495,220,20,1,0,1,0,0,1,2014-11-10 18:08:12,1,2014-11-10 17:32:00
501,245,20,1,0,1,0,0,1,2014-11-10 18:08:12,1,2014-11-10 17:32:00
513,170,22,1,0,1,0,0,1,2014-11-10 18:08:12,1,2014-11-10 17:32:00
522,258,23,1,0,1,0,0,1,2014-11-10 18:08:12,1,2014-11-10 17:32:00
523,267,23,1,0,1,0,0,1,2014-11-10 18:08:12,1,2014-11-10 17:32:00
528,219,25,1,0,1,0,0,1,2014-11-10 18:08:12,1,2014-11-10 17:32:00
532,226,25,1,0,1,0,0,1,2014-11-10 18:08:12,1,2014-11-10 17:32:00
534,231,25,1,0,1,0,0,1,2014-11-10 18:08:12,1,2014-11-10 17:32:00
536,278,25,1,0,1,0,0,1,2014-11-10 18:08:12,1,2014-11-10 17:32:00
537,246,25,1,0,1,0,0,1,2014-11-10 18:08:12,1,2014-11-10 17:32:00
538,247,25,1,0,1,0,0,1,2014-11-10 18:08:12,1,2014-11-10 17:32:00
539,250,25,1,0,1,0,0,1,2014-11-10 18:08:12,1,2014-11-10 17:32:00
541,260,25,1,0,1,0,0,1,2014-11-10 18:08:12,1,2014-11-10 17:32:00
542,280,25,1,0,1,0,0,1,2014-11-10 18:08:12,1,2014-11-10 17:32:00
543,281,25,1,0,1,0,0,1,2014-11-10 18:08:12,1,2014-11-10 17:32:00
546,276,25,1,0,1,0,0,1,2014-11-10 18:08:12,1,2014-11-10 17:32:00
547,127,7,1,0,1,0,0,1,2014-11-13 10:57:22,1,2016-11-11 00:00:00
548,413,7,1,"",1,0,0,1,2014-11-13 19:50:10,1,2016-11-11 00:00:00
549,414,7,1,"",1,0,0,1,2014-11-13 20:47:25,1,2016-11-11 00:00:00
550,415,16,1,"",1,0,0,1,2014-11-13 21:05:17,1,2016-11-11 00:00:00
553,416,12,1,"",1,0,0,1,2014-12-02 13:49:30,1,2016-11-11 00:00:00
554,416,7,10,"",1,0,0,1,2014-12-02 13:49:30,1,2016-11-11 00:00:00
555,417,7,10,"",1,0,0,1,2014-12-02 13:51:10,1,2016-11-11 00:00:00
556,418,12,3,"",1,0,0,1,2014-12-02 14:01:35,1,2016-11-11 00:00:00
564,419,19,1,0,1,0,0,1,2014-12-10 11:58:46,1,2016-11-11 00:00:00
567,422,16,1,0,1,0,0,1,2014-12-10 15:58:19,1,2016-11-11 00:00:00
568,423,7,1,0,1,0,0,1,2014-12-12 14:33:53,1,2016-11-11 00:00:00
569,424,4,1,0,1,0,0,1,2014-12-12 14:36:20,1,2016-11-11 00:00:00
570,424,5,1,0,1,0,0,1,2014-12-12 14:36:20,1,2016-11-11 00:00:00
571,424,6,1,0,1,0,0,1,2014-12-12 14:36:20,1,2016-11-11 00:00:00
572,425,7,1,0,1,0,0,1,2014-12-12 14:39:01,1,2016-11-11 00:00:00
573,426,16,1,0,1,0,0,1,2014-12-12 14:44:01,1,2016-11-11 00:00:00
575,428,12,1,0,1,0,0,1,2014-12-12 14:47:02,1,2016-11-11 00:00:00
576,428,7,1,0,1,0,0,1,2014-12-12 14:47:02,1,2016-11-11 00:00:00
578,318,4,1,0,1,0,0,1,2014-12-12 15:12:58,1,2016-11-11 00:00:00
579,318,5,1,0,1,0,0,1,2014-12-12 15:12:58,1,2016-11-11 00:00:00
580,318,6,1,0,1,0,0,1,2014-12-12 15:12:58,1,2016-11-11 00:00:00
581,318,9,1,0,1,0,0,1,2014-12-12 15:12:58,1,2016-11-11 00:00:00
584,120,7,1,0,1,0,0,1,2014-12-12 16:37:45,1,2016-11-11 00:00:00
585,120,11,250,0,1,0,0,1,2014-12-12 16:37:45,1,2016-11-11 00:00:00
589,431,7,1,1,1,0,0,1,2014-12-18 10:47:50,1,2016-11-11 00:00:00
590,427,7,1,0,1,0,0,1,2014-12-18 10:49:09,1,2016-11-11 00:00:00
591,432,7,1,"",1,0,0,1,2015-01-14 14:06:01,1,2016-11-11 00:00:00
592,432,22,1,"",1,0,0,1,2015-01-14 14:06:01,1,2016-11-11 00:00:00
593,433,12,1,"",1,0,0,1,2015-01-14 14:07:24,1,2016-11-11 00:00:00
594,378,25,1,0,1,0,0,1,2015-01-14 14:16:33,1,2016-11-11 00:00:00
595,378,7,1,"",1,0,0,1,2015-01-14 14:16:33,1,2016-11-11 00:00:00
596,284,4,1,0,1,0,0,1,2015-01-14 14:17:45,1,2016-11-11 00:00:00
597,284,5,1,0,1,0,0,1,2015-01-14 14:17:45,1,2016-11-11 00:00:00
598,284,7,1,0,1,0,0,1,2015-01-14 14:17:45,1,2016-11-11 00:00:00
605,82,7,1,0,1,0,0,1,2015-01-15 10:15:33,1,2016-11-11 00:00:00
606,82,12,1,"",1,0,0,1,2015-01-15 10:15:33,1,2016-11-11 00:00:00
607,434,7,1,"",1,0,0,1,2015-01-15 10:42:24,1,2016-11-11 00:00:00
613,437,7,1,"",1,0,0,1,2015-02-09 10:52:15,1,2016-11-11 00:00:00
616,438,18,1,"",1,0,0,1,2015-02-09 10:54:00,1,2016-11-11 00:00:00
619,439,7,1,"",1,0,0,1,2015-02-09 12:14:07,1,2016-11-11 00:00:00
624,338,5,1,0,1,0,0,1,2015-02-13 14:17:41,1,2016-11-11 00:00:00
625,338,6,1,0,1,0,0,1,2015-02-13 14:17:41,1,2016-11-11 00:00:00
626,338,9,1,"",1,0,0,1,2015-02-13 14:17:41,1,2016-11-11 00:00:00
629,255,11,1,0,1,0,0,1,2015-02-19 10:28:37,1,2016-11-11 00:00:00
630,255,7,1,"",1,0,0,1,2015-02-19 10:28:37,1,2016-11-11 00:00:00
632,443,12,1,"",1,0,0,1,2015-02-25 13:45:26,1,2016-11-11 00:00:00
633,196,4,1,0,1,0,0,1,2015-02-26 11:31:12,1,2016-11-11 00:00:00
634,196,5,1,0,1,0,0,1,2015-02-26 11:31:12,1,2016-11-11 00:00:00
635,196,6,1,0,1,0,0,1,2015-02-26 11:31:12,1,2016-11-11 00:00:00
636,196,9,1,"",1,0,0,1,2015-02-26 11:31:12,1,2016-11-11 00:00:00
639,444,4,1,"",1,0,0,1,2015-02-26 11:37:02,1,2016-11-11 00:00:00
640,445,4,1,"",1,0,0,1,2015-02-26 11:37:59,1,2016-11-11 00:00:00
641,446,23,1,"",1,0,0,1,2015-02-26 13:59:55,1,2016-11-11 00:00:00
643,447,9,1,"",1,0,0,1,2015-02-27 09:54:19,1,2016-11-11 00:00:00
644,447,6,100,"",1,0,0,1,2015-02-27 09:54:19,1,2016-11-11 00:00:00
645,448,4,1,"",1,0,0,1,2015-02-27 10:09:56,1,2016-11-11 00:00:00
646,448,5,1,"",1,0,0,1,2015-02-27 10:09:56,1,2016-11-11 00:00:00
647,449,7,1,"",1,0,0,1,2015-02-27 10:20:41,1,2016-11-11 00:00:00
651,251,25,1,0,1,0,0,1,2015-02-27 10:38:07,1,2016-11-11 00:00:00
652,251,23,1,"",1,0,0,1,2015-02-27 10:38:07,1,2016-11-11 00:00:00
653,450,16,1,"",1,0,0,1,2015-02-27 11:36:40,1,2016-11-11 00:00:00
655,451,7,1,"",1,0,0,1,2015-03-03 13:44:29,1,2016-11-11 00:00:00
656,451,12,1,"",1,0,0,1,2015-03-03 13:44:29,1,2016-11-11 00:00:00
660,453,25,1,"",1,0,0,1,2015-03-05 11:01:31,1,2016-11-11 00:00:00
666,110,7,1,0,1,0,0,1,2015-03-10 11:50:54,1,2016-11-11 00:00:00
667,110,11,1,"",1,0,0,1,2015-03-10 11:50:54,1,2016-11-11 00:00:00
677,456,7,1,"",1,0,0,1,2015-03-24 10:55:08,1,2016-11-11 00:00:00
686,288,7,1,0,1,0,0,1,2015-03-26 10:39:43,1,2016-11-11 00:00:00
687,288,4,1,"",1,0,0,1,2015-03-26 10:39:43,1,2016-11-11 00:00:00
688,288,5,1,"",1,0,0,1,2015-03-26 10:39:43,1,2016-11-11 00:00:00
689,460,7,1,"",1,0,0,1,2015-03-26 10:54:57,1,2016-11-11 00:00:00
690,460,4,1,"",1,0,0,1,2015-03-26 10:54:57,1,2016-11-11 00:00:00
691,460,5,1,"",1,0,0,1,2015-03-26 10:54:57,1,2016-11-11 00:00:00
692,322,7,1,0,1,0,0,1,2015-03-30 12:02:06,1,2016-11-11 00:00:00
693,322,4,1,"",1,0,0,1,2015-03-30 12:02:06,1,2016-11-11 00:00:00
694,322,5,1,"",1,0,0,1,2015-03-30 12:02:06,1,2016-11-11 00:00:00
703,130,11,1,0,1,0,0,1,2015-04-02 14:26:10,1,2016-11-11 00:00:00
704,130,7,1,"",1,0,0,1,2015-04-02 14:26:10,1,2016-11-11 00:00:00
705,461,12,1,"",1,0,0,1,2015-04-02 15:33:17,1,2016-11-11 00:00:00
706,461,7,1,"",1,0,0,1,2015-04-02 15:33:17,1,2016-11-11 00:00:00
707,461,4,1,"",1,0,0,1,2015-04-02 15:33:17,1,2016-11-11 00:00:00
708,461,5,1,"",1,0,0,1,2015-04-02 15:33:17,1,2016-11-11 00:00:00
711,383,4,1,0,1,0,0,1,2015-04-06 10:21:44,1,2016-11-11 00:00:00
712,383,5,1,0,1,0,0,1,2015-04-06 10:21:44,1,2016-11-11 00:00:00
713,409,4,1,0,1,0,0,1,2015-04-06 10:22:01,1,2016-11-11 00:00:00
714,409,5,1,0,1,0,0,1,2015-04-06 10:22:01,1,2016-11-11 00:00:00
715,458,4,1,"",1,0,0,1,2015-04-06 10:22:17,1,2016-11-11 00:00:00
716,458,5,1,"",1,0,0,1,2015-04-06 10:22:17,1,2016-11-11 00:00:00
717,382,4,1,0,1,0,0,1,2015-04-06 10:25:39,1,2016-11-11 00:00:00
718,382,5,1,0,1,0,0,1,2015-04-06 10:25:39,1,2016-11-11 00:00:00
719,382,9,1,0,1,0,0,1,2015-04-06 10:25:39,1,2016-11-11 00:00:00
723,463,7,1,"",1,0,0,1,2015-04-07 15:36:14,1,2016-11-11 00:00:00
724,463,12,1,"",1,0,0,1,2015-04-07 15:36:14,1,2016-11-11 00:00:00
725,328,7,1,0,1,0,0,1,2015-04-07 16:08:15,1,2016-11-11 00:00:00
726,328,4,1,"",1,0,0,1,2015-04-07 16:08:15,1,2016-11-11 00:00:00
727,328,5,1,"",1,0,0,1,2015-04-07 16:08:15,1,2016-11-11 00:00:00
729,465,4,1,"",1,0,0,1,2015-04-09 12:35:46,1,2016-11-11 00:00:00
730,465,5,1,"",1,0,0,1,2015-04-09 12:35:46,1,2016-11-11 00:00:00
731,466,16,1,"",1,0,0,1,2015-04-10 11:16:30,1,2016-11-11 00:00:00
732,466,25,1,"",1,0,0,1,2015-04-10 11:16:30,1,2016-11-11 00:00:00
736,25,20,1,0,1,0,0,1,2015-04-16 13:20:12,1,2016-11-11 00:00:00
737,25,14,1,"",1,0,0,1,2015-04-16 13:20:12,1,2016-11-11 00:00:00
738,98,5,1,0,1,0,0,1,2015-04-16 13:27:29,1,2016-11-11 00:00:00
739,98,4,1,"",1,0,0,1,2015-04-16 13:27:29,1,2016-11-11 00:00:00
740,98,6,1,"",1,0,0,1,2015-04-16 13:27:29,1,2016-11-11 00:00:00
744,468,5,1,"",1,0,0,1,2015-04-24 15:56:05,1,2016-11-11 00:00:00
745,468,4,1,"",1,0,0,1,2015-04-24 15:56:05,1,2016-11-11 00:00:00
746,394,7,1,0,1,0,0,1,2015-04-24 16:03:00,1,2016-11-11 00:00:00
747,394,4,1,"",1,0,0,1,2015-04-24 16:03:00,1,2016-11-11 00:00:00
748,394,5,1,"",1,0,0,1,2015-04-24 16:03:00,1,2016-11-11 00:00:00
749,441,7,1,"",1,0,0,1,2015-05-08 13:08:54,1,2016-11-11 00:00:00
750,441,16,1,"",1,0,0,1,2015-05-08 13:08:54,1,2016-11-11 00:00:00
751,441,5,1,"",1,0,0,1,2015-05-08 13:08:54,1,2016-11-11 00:00:00
752,441,4,1,"",1,0,0,1,2015-05-08 13:08:54,1,2016-11-11 00:00:00
753,469,22,1,"",1,0,0,1,2015-05-08 14:12:52,1,2016-11-11 00:00:00
754,470,7,1,"",1,0,0,1,2015-05-08 15:30:35,1,2016-11-11 00:00:00
755,470,12,1,"",1,0,0,1,2015-05-08 15:30:35,1,2016-11-11 00:00:00
758,165,22,1,0,1,0,0,1,2015-05-28 16:10:37,1,2016-11-11 00:00:00
759,165,7,1,"",1,0,0,1,2015-05-28 16:10:37,1,2016-11-11 00:00:00
766,436,16,1,"",1,0,0,1,2015-05-29 10:36:00,1,2016-11-11 00:00:00
767,436,14,1,"",1,0,0,1,2015-05-29 10:36:00,1,2016-11-11 00:00:00
772,244,7,1,0,1,0,0,1,2015-06-08 10:38:03,1,2016-11-11 00:00:00
773,345,4,1,"",0,0,0,1,2015-06-09 11:14:21,1,2016-11-11 00:00:00
774,345,5,1,"",0,0,0,1,2015-06-09 11:14:21,1,2016-11-11 00:00:00
775,184,18,1,0,1,0,0,1,2015-06-16 10:17:14,1,2016-11-11 00:00:00
776,184,7,1,"",1,0,0,1,2015-06-16 10:17:14,1,2016-11-11 00:00:00
781,115,12,1,0,1,0,0,1,2015-06-18 16:49:29,1,2016-11-11 00:00:00
782,115,7,1,"",1,0,0,1,2015-06-18 16:49:29,1,2016-11-11 00:00:00
785,471,7,1,"",1,0,0,1,2015-06-29 09:52:33,1,2016-11-11 00:00:00
786,471,12,1,"",1,0,0,1,2015-06-29 09:52:33,1,2016-11-11 00:00:00
787,471,11,1,"",1,0,0,1,2015-06-29 09:52:33,1,2016-11-11 00:00:00
790,474,22,1,"",1,0,0,1,2015-07-07 16:43:02,1,2016-11-11 00:00:00
791,474,19,1,"",1,0,0,1,2015-07-07 16:43:02,1,2016-11-11 00:00:00
792,474,7,1,"",1,0,0,1,2015-07-07 16:43:02,1,2016-11-11 00:00:00
793,181,9,1,"",1,0,0,1,2015-08-24 09:43:01,1,2016-11-11 00:00:00
794,181,18,1,0,1,0,0,1,2015-08-24 09:43:01,1,2016-11-11 00:00:00
795,181,7,1,"",1,0,0,1,2015-08-24 09:43:01,1,2016-11-11 00:00:00
796,30,12,1,0,1,0,0,1,2015-09-14 12:23:23,1,2016-11-11 00:00:00
797,30,20,1,"",1,0,0,1,2015-09-14 12:23:23,1,2016-11-11 00:00:00
798,475,7,1,"",1,0,0,1,2015-09-14 12:26:06,1,2016-11-11 00:00:00
800,477,16,1,"",1,0,0,1,2015-09-14 14:12:44,1,2016-11-11 00:00:00
801,344,7,1,0,0,0,0,1,2015-09-14 14:35:50,1,2016-11-11 00:00:00
802,344,4,1,"",0,0,0,1,2015-09-14 14:35:50,1,2016-11-11 00:00:00
803,344,5,1,"",0,0,0,1,2015-09-14 14:35:50,1,2016-11-11 00:00:00
804,253,6,1,0,1,0,0,1,2015-09-14 14:36:38,1,2016-11-11 00:00:00
805,253,9,1,"",0,1,2,1,2015-09-14 14:36:38,1,2016-11-11 00:00:00
806,478,25,1,"",1,0,0,1,2015-09-14 14:43:43,1,2016-11-11 00:00:00
807,478,7,1,"",1,0,0,1,2015-09-14 14:43:43,1,2016-11-11 00:00:00
808,329,7,1,0,0,0,0,1,2015-09-15 11:05:00,1,2016-11-11 00:00:00
809,329,8,1,"",0,0,0,1,2015-09-15 11:05:00,1,2016-11-11 00:00:00
814,480,24,1,"",1,0,0,1,2015-09-15 13:52:56,1,2016-11-11 00:00:00
815,480,7,1,"",1,0,0,1,2015-09-15 13:52:56,1,2016-11-11 00:00:00
816,481,4,1,"",0,0,0,1,2015-09-15 14:21:26,1,2016-11-11 00:00:00
817,481,5,1,"",0,0,0,1,2015-09-15 14:21:26,1,2016-11-11 00:00:00
818,481,8,1,"",0,0,0,1,2015-09-15 14:21:26,1,2016-11-11 00:00:00
821,482,4,1,"",0,0,0,1,2015-09-25 14:39:24,1,2016-11-11 00:00:00
822,482,5,1,"",0,0,0,1,2015-09-25 14:39:24,1,2016-11-11 00:00:00
823,233,7,1,"",1,0,0,1,2015-09-28 14:37:07,1,2016-11-11 00:00:00
824,233,25,1,0,1,0,0,1,2015-09-28 14:37:07,1,2016-11-11 00:00:00
825,483,20,1,"",1,0,0,1,2015-09-30 16:18:31,1,2016-11-11 00:00:00
826,483,12,1,"",1,0,0,1,2015-09-30 16:18:31,1,2016-11-11 00:00:00
838,400,4,1,"",0,0,0,1,2015-10-07 14:56:28,1,2016-11-11 00:00:00
839,400,5,1,"",0,0,0,1,2015-10-07 14:56:28,1,2016-11-11 00:00:00
840,400,7,1,0,0,0,0,1,2015-10-07 14:56:28,1,2016-11-11 00:00:00
852,487,14,1,"",1,0,0,1,2015-10-19 13:05:50,1,2016-11-11 00:00:00
853,487,20,1,"",1,0,0,1,2015-10-19 13:05:50,1,2016-11-11 00:00:00
854,487,7,1,"",1,0,0,1,2015-10-19 13:05:50,1,2016-11-11 00:00:00
855,488,14,1,"",1,0,0,1,2015-10-28 16:12:41,1,2016-11-11 00:00:00
856,488,11,1,"",1,0,0,1,2015-10-28 16:12:41,1,2016-11-11 00:00:00
857,489,7,1,"",1,0,0,1,2015-11-04 14:52:24,1,2016-11-11 00:00:00
858,489,5,1,"",1,0,0,1,2015-11-04 14:52:24,1,2016-11-11 00:00:00
859,489,18,1,"",1,0,0,1,2015-11-04 14:52:24,1,2016-11-11 00:00:00
860,404,7,1,0,0,0,0,1,2015-11-04 15:10:02,1,2016-11-11 00:00:00
861,404,5,1,"",0,0,0,1,2015-11-04 15:10:02,1,2016-11-11 00:00:00
864,492,7,1,"",1,0,0,1,2015-11-05 15:35:55,1,2016-11-11 00:00:00
865,492,25,1,"",1,0,0,1,2015-11-05 15:35:55,1,2016-11-11 00:00:00
881,495,20,1,"",1,0,0,1,2015-11-11 14:51:15,1,2016-11-11 00:00:00
882,495,7,1,"",1,0,0,1,2015-11-11 14:51:15,1,2016-11-11 00:00:00
885,497,7,1,"",1,0,0,1,2015-11-19 16:45:39,1,2016-11-11 00:00:00
890,498,4,1,"",0,0,0,1,2015-11-26 15:46:47,1,2016-11-11 00:00:00
891,498,5,1,"",0,0,0,1,2015-11-26 15:46:47,1,2016-11-11 00:00:00
892,498,6,1,"",0,0,0,1,2015-11-26 15:46:47,1,2016-11-11 00:00:00
893,499,4,1,"",0,0,0,1,2015-11-27 11:13:26,1,2016-11-11 00:00:00
894,499,5,1,"",0,0,0,1,2015-11-27 11:13:26,1,2016-11-11 00:00:00
895,500,18,1,"",1,0,0,1,2015-12-03 13:35:47,1,2016-11-11 00:00:00
896,500,7,1,"",1,0,0,1,2015-12-03 13:35:47,1,2016-11-11 00:00:00
899,501,7,1,"",1,0,0,1,2015-12-04 10:03:02,1,2016-11-11 00:00:00
902,504,16,1,"",1,0,0,1,2015-12-04 10:05:24,1,2016-11-11 00:00:00
903,504,7,1,"",1,0,0,1,2015-12-04 10:05:24,1,2016-11-11 00:00:00
905,502,6,1,"",0,0,0,1,2015-12-04 10:17:25,1,2016-11-11 00:00:00
906,505,7,1,"",1,0,0,1,2015-12-04 10:21:04,1,2016-11-11 00:00:00
907,506,7,1,"",1,0,0,1,2015-12-04 10:21:46,1,2016-11-11 00:00:00
908,507,6,1,"",0,0,0,1,2015-12-04 10:22:19,1,2016-11-11 00:00:00
909,508,6,1,"",0,0,0,1,2015-12-04 10:23:17,1,2016-11-11 00:00:00
910,509,11,1,"",1,0,0,1,2015-12-04 10:24:00,1,2016-11-11 00:00:00
911,510,11,1,"",1,0,0,1,2015-12-04 10:24:40,1,2016-11-11 00:00:00
912,510,19,1,"",1,0,0,1,2015-12-04 10:24:40,1,2016-11-11 00:00:00
913,511,11,1,"",1,0,0,1,2015-12-04 10:25:31,1,2016-11-11 00:00:00
914,511,16,1,"",1,0,0,1,2015-12-04 10:25:31,1,2016-11-11 00:00:00
919,514,7,1,"",1,0,0,1,2015-12-04 10:56:12,1,2016-11-11 00:00:00
921,515,7,1,"",1,0,0,1,2015-12-04 10:58:15,1,2016-11-11 00:00:00
922,516,11,1,"",1,0,0,1,2015-12-04 10:59:13,1,2016-11-11 00:00:00
926,518,6,1,"",0,0,0,1,2015-12-04 11:01:12,1,2016-11-11 00:00:00
927,518,5,1,"",0,0,0,1,2015-12-04 11:01:12,1,2016-11-11 00:00:00
928,518,4,1,"",0,0,0,1,2015-12-04 11:01:12,1,2016-11-11 00:00:00
929,519,7,1,"",1,0,0,1,2015-12-04 11:02:20,1,2016-11-11 00:00:00
931,521,5,1,"",0,0,0,1,2015-12-04 11:04:56,1,2016-11-11 00:00:00
932,521,4,1,"",0,0,0,1,2015-12-04 11:04:56,1,2016-11-11 00:00:00
933,517,4,1,"",0,0,0,1,2015-12-04 11:19:45,1,2016-11-11 00:00:00
934,517,5,1,"",0,0,0,1,2015-12-04 11:19:45,1,2016-11-11 00:00:00
935,517,6,1,"",0,0,0,1,2015-12-04 11:19:45,1,2016-11-11 00:00:00
936,513,6,1,"",0,0,0,1,2015-12-04 11:20:20,1,2016-11-11 00:00:00
937,520,6,1,"",0,0,0,1,2015-12-04 11:24:41,1,2016-11-11 00:00:00
939,503,11,1,"",1,0,0,1,2015-12-04 14:07:56,1,2016-11-11 00:00:00
940,522,14,1,"",1,0,0,1,2015-12-09 11:26:35,1,2016-11-11 00:00:00
941,522,20,1,"",1,0,0,1,2015-12-09 11:26:35,1,2016-11-11 00:00:00
942,523,16,1,"",1,0,0,1,2015-12-09 13:24:55,1,2016-11-11 00:00:00
943,523,7,1,"",1,0,0,1,2015-12-09 13:24:55,1,2016-11-11 00:00:00
944,523,25,1,"",1,0,0,1,2015-12-09 13:24:55,1,2016-11-11 00:00:00
945,486,7,1,"",1,0,0,1,2015-12-09 13:25:11,1,2016-11-11 00:00:00
946,486,16,1,"",1,0,0,1,2015-12-09 13:25:11,1,2016-11-11 00:00:00
947,486,25,1,"",1,0,0,1,2015-12-09 13:25:11,1,2016-11-11 00:00:00
948,524,4,1,"",0,0,0,1,2015-12-09 13:28:31,1,2016-11-11 00:00:00
949,524,5,1,"",0,0,0,1,2015-12-09 13:28:31,1,2016-11-11 00:00:00
953,525,7,1,"",1,0,0,1,2015-12-09 14:22:12,1,2016-11-11 00:00:00
954,526,6,1,"",0,0,0,1,2015-12-09 14:24:04,1,2016-11-11 00:00:00
955,526,5,1,"",0,0,0,1,2015-12-09 14:24:04,1,2016-11-11 00:00:00
956,526,4,1,"",0,0,0,1,2015-12-09 14:24:04,1,2016-11-11 00:00:00
959,527,6,1,"",1,0,0,1,2015-12-11 14:17:58,1,2016-11-11 00:00:00
960,528,7,1,"",1,0,0,1,2015-12-14 13:21:29,1,2016-11-11 00:00:00
961,528,16,1,"",1,0,0,1,2015-12-14 13:21:29,1,2016-11-11 00:00:00
965,530,12,1,"",1,0,0,1,2015-12-14 13:24:14,1,2016-11-11 00:00:00
966,530,7,1,"",1,0,0,1,2015-12-14 13:24:14,1,2016-11-11 00:00:00
967,530,16,1,"",1,0,0,1,2015-12-14 13:24:14,1,2016-11-11 00:00:00
968,531,7,1,"",1,0,0,1,2015-12-14 13:25:46,1,2016-11-11 00:00:00
969,531,16,1,"",1,0,0,1,2015-12-14 13:25:46,1,2016-11-11 00:00:00
970,532,4,1,"",0,0,0,1,2015-12-14 13:27:18,1,2016-11-11 00:00:00
971,532,5,1,"",0,0,0,1,2015-12-14 13:27:18,1,2016-11-11 00:00:00
972,532,7,1,"",0,0,0,1,2015-12-14 13:27:18,1,2016-11-11 00:00:00
973,533,7,1,"",1,0,0,1,2015-12-14 13:28:07,1,2016-11-11 00:00:00
974,533,16,1,"",1,0,0,1,2015-12-14 13:28:07,1,2016-11-11 00:00:00
975,534,11,1,"",1,0,0,1,2015-12-14 13:28:57,1,2016-11-11 00:00:00
976,534,7,1,"",1,0,0,1,2015-12-14 13:28:57,1,2016-11-11 00:00:00
977,535,7,1,"",1,0,0,1,2015-12-14 13:30:53,1,2016-11-11 00:00:00
978,535,12,1,"",1,0,0,1,2015-12-14 13:30:53,1,2016-11-11 00:00:00
979,536,7,1,"",1,0,0,1,2015-12-14 13:32:33,1,2016-11-11 00:00:00
980,536,25,1,"",1,0,0,1,2015-12-14 13:32:33,1,2016-11-11 00:00:00
981,537,7,1,"",1,0,0,1,2015-12-14 13:34:48,1,2016-11-11 00:00:00
982,537,14,1,"",1,0,0,1,2015-12-14 13:34:48,1,2016-11-11 00:00:00
983,537,20,1,"",1,0,0,1,2015-12-14 13:34:48,1,2016-11-11 00:00:00
984,538,7,1,"",1,0,0,1,2015-12-14 13:36:20,1,2016-11-11 00:00:00
985,538,12,1,"",1,0,0,1,2015-12-14 13:36:20,1,2016-11-11 00:00:00
986,538,20,1,"",1,0,0,1,2015-12-14 13:36:20,1,2016-11-11 00:00:00
987,539,7,1,"",1,0,0,1,2015-12-14 13:37:32,1,2016-11-11 00:00:00
988,539,12,1,"",1,0,0,1,2015-12-14 13:37:32,1,2016-11-11 00:00:00
995,342,5,1,"",0,0,0,1,2015-12-14 14:21:42,1,2016-11-11 00:00:00
996,342,6,1,0,0,0,0,1,2015-12-14 14:21:42,1,2016-11-11 00:00:00
997,342,4,1,"",0,0,0,1,2015-12-14 14:21:42,1,2016-11-11 00:00:00
998,126,7,1,0,1,0,0,1,2015-12-14 14:59:01,1,2016-11-11 00:00:00
999,126,11,1,"",1,0,0,1,2015-12-14 14:59:01,1,2016-11-11 00:00:00
1000,479,4,1,"",0,1,4,1,2015-12-15 12:39:30,1,2016-11-11 00:00:00
1001,479,5,1,"",0,1,4,1,2015-12-15 12:39:30,1,2016-11-11 00:00:00
1002,479,6,1,"",1,0,0,1,2015-12-15 12:39:30,1,2016-11-11 00:00:00
1003,479,9,1,"",1,0,0,1,2015-12-15 12:39:30,1,2016-11-11 00:00:00
1004,240,11,1,0,1,0,0,1,2015-12-15 13:53:45,1,2016-11-11 00:00:00
1005,240,7,1,"",1,0,0,1,2015-12-15 13:53:45,1,2016-11-11 00:00:00
1006,398,4,1,0,0,0,0,1,2015-12-15 13:54:26,1,2016-11-11 00:00:00
1007,398,5,1,0,0,0,0,1,2015-12-15 13:54:26,1,2016-11-11 00:00:00
1008,398,10,1,0,0,0,0,1,2015-12-15 13:54:26,1,2016-11-11 00:00:00
1009,398,7,1,"",0,0,0,1,2015-12-15 13:54:26,1,2016-11-11 00:00:00
1016,347,6,1,"",0,0,0,1,2015-12-15 15:02:25,1,2016-11-11 00:00:00
1017,442,19,1,"",1,0,0,1,2015-12-15 15:02:52,1,2016-11-11 00:00:00
1018,442,7,1,"",1,0,0,1,2015-12-15 15:02:52,1,2016-11-11 00:00:00
1025,194,4,1,0,1,0,0,1,2015-12-16 15:39:44,1,2016-11-11 00:00:00
1026,194,5,1,0,1,0,0,1,2015-12-16 15:39:44,1,2016-11-11 00:00:00
1027,194,6,1,"",1,0,0,1,2015-12-16 15:39:44,1,2016-11-11 00:00:00
1028,194,9,1,"",1,0,0,1,2015-12-16 15:39:44,1,2016-11-11 00:00:00
1033,75,7,1,"",1,0,0,1,2015-12-18 12:39:42,1,2016-11-11 00:00:00
1034,75,14,1,0,1,0,0,1,2015-12-18 12:39:42,1,2016-11-11 00:00:00
1035,75,25,1,"",1,0,0,1,2015-12-18 12:39:42,1,2016-11-11 00:00:00
1036,75,12,1,"",1,0,0,1,2015-12-18 12:39:42,1,2016-11-11 00:00:00
1037,544,7,1,"",1,0,0,1,2015-12-22 14:36:31,1,2016-11-11 00:00:00
1041,547,4,1,"",0,0,0,1,2016-01-12 14:50:52,1,2016-11-11 00:00:00
1042,547,5,1,"",0,0,0,1,2016-01-12 14:50:52,1,2016-11-11 00:00:00
1043,547,6,1,"",0,0,0,1,2016-01-12 14:50:52,1,2016-11-11 00:00:00
1044,547,7,1,"",0,0,0,1,2016-01-12 14:50:52,1,2016-11-11 00:00:00
1045,385,4,1,"",0,0,0,1,2016-01-20 09:19:19,1,2016-11-11 00:00:00
1046,385,7,1,"",0,0,0,1,2016-01-20 09:19:19,1,2016-11-11 00:00:00
1047,385,10,1,0,0,0,0,1,2016-01-20 09:19:19,1,2016-11-11 00:00:00
1048,385,5,1,"",0,0,0,1,2016-01-20 09:19:19,1,2016-11-11 00:00:00
1049,548,4,1,"",0,0,0,1,2016-01-21 11:04:31,1,2016-11-11 00:00:00
1050,548,5,1,"",0,0,0,1,2016-01-21 11:04:31,1,2016-11-11 00:00:00
1051,549,7,1,"",1,0,0,1,2016-01-21 11:37:38,1,2016-11-11 00:00:00
1052,549,12,1,"",1,0,0,1,2016-01-21 11:37:38,1,2016-11-11 00:00:00
1053,550,7,1,"",1,0,0,1,2016-01-21 11:41:16,1,2016-11-11 00:00:00
1054,166,25,1,0,1,0,0,1,2016-01-21 13:07:59,1,2016-11-11 00:00:00
1055,166,7,1,"",1,0,0,1,2016-01-21 13:07:59,1,2016-11-11 00:00:00
1056,551,15,1,"",1,0,0,1,2016-01-21 15:55:19,1,2016-11-11 00:00:00
1060,169,7,1,0,1,0,0,1,2016-01-25 17:16:46,1,2016-11-11 00:00:00
1061,169,22,1,"",1,0,0,1,2016-01-25 17:16:46,1,2016-11-11 00:00:00
1063,182,18,1,0,1,0,0,1,2016-01-28 12:52:34,1,2016-11-11 00:00:00
1064,182,7,1,"",1,0,0,1,2016-01-28 12:52:34,1,2016-11-11 00:00:00
1065,555,7,1,"",1,0,0,1,2016-01-28 13:16:51,1,2016-11-11 00:00:00
1068,351,4,1,0,0,0,0,1,2016-02-19 12:29:16,1,2016-11-11 00:00:00
1069,351,5,1,0,0,0,0,1,2016-02-19 12:29:16,1,2016-11-11 00:00:00
1070,457,4,1,"",0,0,0,1,2016-02-26 14:56:16,1,2016-11-11 00:00:00
1071,457,5,1,"",0,0,0,1,2016-02-26 14:56:16,1,2016-11-11 00:00:00
1072,557,4,1,"",0,0,0,1,2016-02-29 14:04:05,1,2016-11-11 00:00:00
1073,557,5,1,"",0,0,0,1,2016-02-29 14:04:05,1,2016-11-11 00:00:00
1074,496,5,1,"",0,0,0,1,2016-03-02 13:13:37,1,2016-11-11 00:00:00
1075,496,7,1,"",0,0,0,1,2016-03-02 13:13:37,1,2016-11-11 00:00:00
1076,496,4,1,"",0,0,0,1,2016-03-02 13:13:37,1,2016-11-11 00:00:00
1077,558,4,1,"",0,0,0,1,2016-03-02 14:33:09,1,2016-11-11 00:00:00
1078,558,5,1,"",0,0,0,1,2016-03-02 14:33:09,1,2016-11-11 00:00:00
1079,558,6,1,"",0,0,0,1,2016-03-02 14:33:09,1,2016-11-11 00:00:00
1080,559,23,1,"",1,0,0,1,2016-03-11 11:06:40,1,2016-11-11 00:00:00
1081,559,7,1,"",1,0,0,1,2016-03-11 11:06:40,1,2016-11-11 00:00:00
1085,472,7,1,"",1,0,0,1,2016-04-20 11:43:03,1,2016-11-11 00:00:00
1086,472,16,1,"",1,0,0,1,2016-04-20 11:43:03,1,2016-11-11 00:00:00
1087,472,25,1,"",1,0,0,1,2016-04-20 11:43:03,1,2016-11-11 00:00:00
1094,401,4,1,0,0,0,0,1,2016-04-27 11:06:56,1,2016-11-11 00:00:00
1095,401,5,1,0,0,0,0,1,2016-04-27 11:06:56,1,2016-11-11 00:00:00
1096,401,7,1,0,0,0,0,1,2016-04-27 11:06:56,1,2016-11-11 00:00:00
1097,401,9,1,0,0,0,0,1,2016-04-27 11:06:56,1,2016-11-11 00:00:00
1098,560,4,1,"",0,0,0,1,2016-06-01 10:11:15,1,2016-11-11 00:00:00
1100,393,7,1,0,1,0,0,1,2016-06-14 11:48:48,1,2016-11-11 00:00:00
1101,213,11,1,0,1,0,0,1,2016-07-14 14:33:40,1,2016-11-11 00:00:00
1103,561,18,1,0,1,0,0,1,2016-08-29 11:37:34,1,2016-11-11 00:00:00
1104,561,7,1,0,1,0,0,1,2016-08-29 11:37:34,1,2016-11-11 00:00:00
1113,564,16,1,"",0,1,2,1,2016-08-29 23:14:21,1,2016-11-11 00:00:00
1122,565,7,1,0,1,0,0,1,2016-08-30 09:26:34,1,2016-11-11 00:00:00
1123,566,7,10,"",10,0,0,1,2016-08-30 15:04:15,1,2016-11-11 00:00:00
1125,313,4,1,0,0,0,0,1,2016-08-30 15:08:13,1,2016-11-11 00:00:00
1126,313,5,1,0,0,0,0,1,2016-08-30 15:08:13,1,2016-11-11 00:00:00
1127,313,7,10,"",0,0,0,1,2016-08-30 15:08:13,1,2016-11-11 00:00:00
1128,568,7,10,"",10,0,0,1,2016-08-30 15:26:55,1,2016-11-11 00:00:00
1129,567,7,10,"",0,0,0,1,2016-08-30 15:28:36,1,2016-11-11 00:00:00
1130,179,18,1,0,1,0,0,1,2016-08-30 15:53:30,1,2016-11-11 00:00:00
1131,179,7,1,"",1,0,0,1,2016-08-30 15:53:30,1,2016-11-11 00:00:00
1141,569,7,1,"",1,0,0,1,2016-08-30 16:13:21,1,2016-11-11 00:00:00
1144,570,7,1,"",1,0,0,1,2016-08-30 16:23:57,1,2016-11-11 00:00:00
1145,571,7,1,"",1,0,0,1,2016-08-30 16:25:49,1,2016-11-11 00:00:00
1146,572,12,1,"",0,0,0,1,2016-08-30 16:42:35,1,2016-11-11 00:00:00
1147,380,4,1,0,0,0,0,1,2016-08-30 16:51:22,1,2016-11-11 00:00:00
1148,380,5,1,0,0,0,0,1,2016-08-30 16:51:22,1,2016-11-11 00:00:00
1149,380,7,1,0,0,0,0,1,2016-08-30 16:51:22,1,2016-11-11 00:00:00
1150,563,7,1,"",0,0,0,1,2016-08-30 17:14:21,1,2016-11-11 00:00:00
1157,573,7,1,"",0,0,0,1,2016-08-31 13:58:15,1,2016-11-11 00:00:00
1158,373,4,1,0,0,0,0,1,2016-09-06 10:38:18,1,2016-11-11 00:00:00
1159,373,5,1,0,0,0,0,1,2016-09-06 10:38:18,1,2016-11-11 00:00:00
1160,373,6,1,"",0,0,0,1,2016-09-06 10:38:18,1,2016-11-11 00:00:00
1163,574,16,1,"",1,0,0,1,2016-09-21 08:49:55,1,2016-11-11 00:00:00
1164,575,4,1,0,0,0,0,1,2016-09-28 14:47:56,1,2016-11-11 00:00:00
1165,575,5,1,0,0,0,0,1,2016-09-28 14:47:56,1,2016-11-11 00:00:00
1166,576,4,1,0,0,0,0,1,2016-09-28 15:02:43,1,2016-11-11 00:00:00
1167,576,5,1,0,0,0,0,1,2016-09-28 15:02:43,1,2016-11-11 00:00:00
1168,577,25,1,0,1,0,0,1,2016-09-28 15:19:15,1,2016-11-11 00:00:00
1169,578,4,1,0,0,0,0,1,2016-09-28 15:37:05,1,2016-11-11 00:00:00
1170,578,5,1,0,0,0,0,1,2016-09-28 15:37:05,1,2016-11-11 00:00:00
1171,579,9,1,0,1,0,0,1,2016-09-28 15:54:28,1,2016-11-11 00:00:00
1172,580,7,1,0,1,0,0,1,2016-09-28 16:08:16,1,2016-11-11 00:00:00
1173,581,5,1,0,1,0,0,1,2016-09-28 16:14:10,1,2016-11-11 00:00:00
1174,582,7,1,0,1,0,0,1,2016-09-29 10:08:58,1,2016-11-11 00:00:00
1177,584,18,1,0,1,0,0,1,2016-09-29 12:06:40,1,2016-11-11 00:00:00
1178,562,7,100,"",10,0,0,1,2016-10-02 15:38:42,1,2016-11-11 00:00:00
1186,585,18,1,0,1,0,0,3,2016-11-28 13:25:10,3,2016-11-28 13:25:10
1187,585,7,1,0,1,0,0,3,2016-11-28 13:25:10,3,2016-11-28 13:25:10
1188,586,7,1,0,1,0,0,3,2016-11-28 13:32:55,3,2016-11-28 13:32:55
1190,588,7,1,0,1,0,0,3,2016-11-28 15:13:41,3,2016-11-28 15:13:41
1191,589,7,1,0,1,0,0,3,2016-11-28 15:58:29,3,2016-11-28 15:58:29
1192,590,7,1,0,1,0,0,3,2016-11-28 16:26:32,3,2016-11-28 16:26:32
1193,591,7,1,0,1,0,0,3,2016-11-28 16:30:20,3,2016-11-28 16:30:20
1194,592,6,1,0,1,0,0,3,2016-11-28 16:43:43,3,2016-11-28 16:43:43
1195,593,7,1,0,1,0,0,3,2016-11-28 16:45:21,3,2016-11-28 16:45:21
1196,594,7,1,0,1,0,0,3,2016-11-28 16:50:05,3,2016-11-28 16:50:05
1199,1,12,1,0,1,0,0,3,2016-12-06 13:07:12,3,2016-12-06 13:07:12
1200,1,20,1,0,1,0,0,3,2016-12-06 13:07:12,3,2016-12-06 13:07:12
1201,2,25,1,0,1,0,0,3,2016-12-06 13:09:08,3,2016-12-06 13:09:08
1203,4,16,1,0,0,1,2,3,2016-12-06 13:14:47,3,2016-12-06 13:14:47
1204,4,14,1,0,0,1,2,3,2016-12-06 13:14:47,3,2016-12-06 13:14:47
1206,5,14,1,0,0,1,2,3,2016-12-06 13:30:35,3,2016-12-06 13:30:35
1207,5,16,1,0,0,1,2,3,2016-12-06 13:30:35,3,2016-12-06 13:30:35
1208,6,25,1,0,1,0,0,3,2016-12-06 13:35:28,3,2016-12-06 13:35:28
1209,7,25,1,0,1,0,0,3,2016-12-06 13:37:42,3,2016-12-06 13:37:42
1210,8,12,1,0,1,0,0,3,2016-12-06 13:39:33,3,2016-12-06 13:39:33
1211,9,20,1,0,1,0,0,3,2016-12-06 13:42:33,3,2016-12-06 13:42:33
1213,12,25,1,0,1,0,0,3,2016-12-06 13:52:36,3,2016-12-06 13:52:36
1214,12,7,1,0,1,0,0,3,2016-12-06 13:52:36,3,2016-12-06 13:52:36
1215,13,14,1,0,1,0,0,3,2016-12-06 13:57:43,3,2016-12-06 13:57:43
1216,13,20,1,0,1,0,0,3,2016-12-06 13:57:43,3,2016-12-06 13:57:43
1217,14,16,1,0,1,0,0,3,2016-12-06 13:59:42,3,2016-12-06 13:59:42
1220,16,20,1,0,1,0,0,3,2016-12-06 14:04:01,3,2016-12-06 14:04:01
1221,17,20,1,0,1,0,0,3,2016-12-06 14:07:52,3,2016-12-06 14:07:52
1222,19,20,1,0,1,0,0,3,2016-12-06 14:13:44,3,2016-12-06 14:13:44
1223,19,25,1,0,1,0,0,3,2016-12-06 14:13:44,3,2016-12-06 14:13:44
1224,20,7,1,0,1,0,0,3,2016-12-06 14:16:23,3,2016-12-06 14:16:23
1225,20,12,1,0,1,0,0,3,2016-12-06 14:16:23,3,2016-12-06 14:16:23
1227,22,20,1,0,1,0,0,3,2016-12-06 14:22:26,3,2016-12-06 14:22:26
1228,23,14,1,0,1,0,0,3,2016-12-06 14:24:23,3,2016-12-06 14:24:23
1229,23,20,1,0,1,0,0,3,2016-12-06 14:24:23,3,2016-12-06 14:24:23
1230,24,14,1,0,1,0,0,3,2016-12-06 14:26:32,3,2016-12-06 14:26:32
1231,24,20,1,0,1,0,0,3,2016-12-06 14:26:32,3,2016-12-06 14:26:32
1232,26,12,1,0,1,0,0,3,2016-12-06 14:33:02,3,2016-12-06 14:33:02
1233,27,11,1,0,1,0,0,3,2016-12-06 14:34:42,3,2016-12-06 14:34:42
1234,28,8,1,0,1,0,0,3,2016-12-06 14:40:32,3,2016-12-06 14:40:32
1235,28,12,1,0,0,1,2,3,2016-12-06 14:40:32,3,2016-12-06 14:40:32
1236,28,7,1,0,1,0,0,3,2016-12-06 14:40:32,3,2016-12-06 14:40:32
1237,29,14,1,0,0,1,4,3,2016-12-06 14:41:00,3,2016-12-06 14:41:00
1238,29,16,1,0,0,1,4,3,2016-12-06 14:41:00,3,2016-12-06 14:41:00
1239,31,8,1,0,1,0,0,3,2016-12-06 14:43:59,3,2016-12-06 14:43:59
1240,33,25,1,0,1,0,0,3,2016-12-06 14:53:17,3,2016-12-06 14:53:17
1241,34,12,1,0,1,0,0,3,2016-12-06 14:55:14,3,2016-12-06 14:55:14
1242,34,25,1,0,1,0,0,3,2016-12-06 14:55:14,3,2016-12-06 14:55:14
1243,35,7,1,0,1,0,0,3,2016-12-06 14:58:15,3,2016-12-06 14:58:15
1244,36,12,1,0,1,0,0,3,2016-12-06 15:02:38,3,2016-12-06 15:02:38
1245,37,16,1,0,1,0,0,3,2016-12-06 15:15:23,3,2016-12-06 15:15:23
1246,38,12,1,0,1,0,0,3,2016-12-06 15:17:27,3,2016-12-06 15:17:27
1247,39,7,1,0,1,0,0,3,2016-12-06 15:22:05,3,2016-12-06 15:22:05
1248,41,12,1,0,1,0,0,3,2016-12-06 16:14:28,3,2016-12-06 16:14:28
1249,42,16,1,0,1,0,0,3,2016-12-06 16:23:18,3,2016-12-06 16:23:18
1250,43,12,1,0,1,0,0,3,2016-12-06 16:24:50,3,2016-12-06 16:24:50
1251,43,7,10,0,10,0,0,3,2016-12-06 16:24:50,3,2016-12-06 16:24:50
1253,45,16,1,0,1,0,0,3,2016-12-06 16:29:13,3,2016-12-06 16:29:13
1254,46,16,1,0,1,0,0,3,2016-12-06 16:32:58,3,2016-12-06 16:32:58
1255,47,16,1,0,1,0,0,3,2016-12-06 16:35:32,3,2016-12-06 16:35:32
1256,48,12,1,0,1,0,0,3,2016-12-06 16:37:37,3,2016-12-06 16:37:37
1257,48,7,10,0,10,0,0,3,2016-12-06 16:37:37,3,2016-12-06 16:37:37
1261,51,12,1,0,1,0,0,3,2016-12-07 11:09:31,3,2016-12-07 11:09:31
1262,51,25,1,0,1,0,0,3,2016-12-07 11:09:31,3,2016-12-07 11:09:31
1263,52,7,1,0,1,0,0,3,2016-12-07 11:11:26,3,2016-12-07 11:11:26
1264,54,7,1,0,1,0,0,3,2016-12-07 11:15:00,3,2016-12-07 11:15:00
1265,55,7,1,0,1,0,0,3,2016-12-07 11:17:43,3,2016-12-07 11:17:43
1266,56,11,1,0,1,0,0,3,2016-12-07 11:18:28,3,2016-12-07 11:18:28
1267,57,7,1,0,1,0,0,3,2016-12-07 11:20:30,3,2016-12-07 11:20:30
1268,57,25,1,0,1,0,0,3,2016-12-07 11:20:30,3,2016-12-07 11:20:30
1269,58,7,1,0,1,0,0,3,2016-12-07 11:21:51,3,2016-12-07 11:21:51
1270,58,9,1,0,1,0,0,3,2016-12-07 11:21:51,3,2016-12-07 11:21:51
1271,59,7,1,0,1,0,0,3,2016-12-07 11:23:44,3,2016-12-07 11:23:44
1272,60,7,1,0,1,0,0,3,2016-12-07 11:24:24,3,2016-12-07 11:24:24
1273,60,12,1,0,1,0,0,3,2016-12-07 11:24:24,3,2016-12-07 11:24:24
1274,61,13,1,0,1,0,0,3,2016-12-07 11:25:43,3,2016-12-07 11:25:43
1275,63,12,1,0,1,0,0,3,2016-12-07 11:30:24,3,2016-12-07 11:30:24
1276,63,7,1,0,1,0,0,3,2016-12-07 11:30:24,3,2016-12-07 11:30:24
1277,64,7,1,0,1,0,0,3,2016-12-07 11:33:05,3,2016-12-07 11:33:05
1278,65,7,1,0,1,0,0,3,2016-12-07 11:36:34,3,2016-12-07 11:36:34
1279,65,12,1,0,1,0,0,3,2016-12-07 11:36:34,3,2016-12-07 11:36:34
1280,65,8,1,0,1,0,0,3,2016-12-07 11:36:34,3,2016-12-07 11:36:34
1281,66,7,1,0,1,0,0,3,2016-12-07 11:38:10,3,2016-12-07 11:38:10
1282,66,8,1,0,1,0,0,3,2016-12-07 11:38:10,3,2016-12-07 11:38:10
1283,66,12,1,0,0,1,4,3,2016-12-07 11:38:10,3,2016-12-07 11:38:10
1286,68,7,1,0,1,0,0,3,2016-12-07 11:46:25,3,2016-12-07 11:46:25
1287,68,12,1,0,1,0,0,3,2016-12-07 11:46:25,3,2016-12-07 11:46:25
1288,69,16,1,0,1,0,0,3,2016-12-07 11:48:00,3,2016-12-07 11:48:00
1289,69,7,1,0,1,0,0,3,2016-12-07 11:48:00,3,2016-12-07 11:48:00
1290,70,16,1,0,1,0,0,3,2016-12-07 11:51:28,3,2016-12-07 11:51:28
1291,70,7,1,0,1,0,0,3,2016-12-07 11:51:28,3,2016-12-07 11:51:28
1292,71,16,1,0,1,0,0,3,2016-12-07 11:53:23,3,2016-12-07 11:53:23
1293,72,7,1,0,1,0,0,3,2016-12-07 11:56:19,3,2016-12-07 11:56:19
1294,73,16,1,0,1,0,0,3,2016-12-07 11:58:21,3,2016-12-07 11:58:21
1295,73,7,1,0,1,0,0,3,2016-12-07 11:58:21,3,2016-12-07 11:58:21
1296,74,7,1,0,1,0,0,3,2016-12-07 12:01:06,3,2016-12-07 12:01:06
1297,74,14,1,0,1,0,0,3,2016-12-07 12:01:06,3,2016-12-07 12:01:06
1298,74,25,1,0,1,0,0,3,2016-12-07 12:01:06,3,2016-12-07 12:01:06
1299,76,14,1,0,1,0,0,3,2016-12-07 12:04:45,3,2016-12-07 12:04:45
1300,76,25,1,0,1,0,0,3,2016-12-07 12:04:45,3,2016-12-07 12:04:45
1301,77,16,1,0,1,0,0,3,2016-12-07 12:07:27,3,2016-12-07 12:07:27
1302,78,16,1,0,1,0,0,3,2016-12-07 12:08:58,3,2016-12-07 12:08:58
1303,79,11,1,0,1,0,0,3,2016-12-07 12:12:59,3,2016-12-07 12:12:59
1304,80,11,1,0,1,0,0,3,2016-12-07 12:14:40,3,2016-12-07 12:14:40
1305,81,12,1,0,1,0,0,3,2016-12-07 12:16:31,3,2016-12-07 12:16:31
1306,84,7,1,0,1,0,0,3,2016-12-07 13:03:55,3,2016-12-07 13:03:55
1308,85,7,1,0,1,0,0,3,2016-12-07 13:05:30,3,2016-12-07 13:05:30
1309,86,14,1,0,1,0,0,3,2016-12-07 13:08:05,3,2016-12-07 13:08:05
1310,86,7,1,0,1,0,0,3,2016-12-07 13:08:05,3,2016-12-07 13:08:05
1311,86,25,1,0,1,0,0,3,2016-12-07 13:08:05,3,2016-12-07 13:08:05
1312,87,16,1,0,1,0,0,3,2016-12-07 13:09:30,3,2016-12-07 13:09:30
1313,88,16,1,0,1,0,0,3,2016-12-07 13:11:07,3,2016-12-07 13:11:07
1314,89,7,1,0,1,0,0,3,2016-12-07 13:14:36,3,2016-12-07 13:14:36
1315,89,16,1,0,1,0,0,3,2016-12-07 13:14:36,3,2016-12-07 13:14:36
1316,90,16,1,0,1,0,0,3,2016-12-07 13:18:21,3,2016-12-07 13:18:21
1317,91,16,1,0,1,0,0,3,2016-12-07 13:20:27,3,2016-12-07 13:20:27
1318,93,16,1,0,1,0,0,3,2016-12-07 13:27:24,3,2016-12-07 13:27:24
1319,95,16,1,0,1,0,0,3,2016-12-07 13:30:37,3,2016-12-07 13:30:37
1320,97,16,1,0,1,0,0,3,2016-12-07 13:34:43,3,2016-12-07 13:34:43
1321,132,19,1,0,1,0,0,3,2016-12-07 14:42:01,3,2016-12-07 14:42:01
1322,133,19,1,0,1,0,0,3,2016-12-07 14:44:14,3,2016-12-07 14:44:14
1323,134,7,1,0,1,0,0,3,2016-12-07 14:49:15,3,2016-12-07 14:49:15
1324,135,19,1,0,1,0,0,3,2016-12-07 14:51:38,3,2016-12-07 14:51:38
1325,136,19,1,0,1,0,0,3,2016-12-07 14:53:23,3,2016-12-07 14:53:23
1329,145,19,1,0,1,0,0,3,2016-12-07 15:06:12,3,2016-12-07 15:06:12
1330,146,19,1,0,1,0,0,3,2016-12-07 15:07:37,3,2016-12-07 15:07:37
1333,149,11,1,0,1,0,0,3,2016-12-07 15:14:49,3,2016-12-07 15:14:49
1334,149,22,1,0,1,0,0,3,2016-12-07 15:14:49,3,2016-12-07 15:14:49
1335,150,22,1,0,1,0,0,3,2016-12-07 15:16:31,3,2016-12-07 15:16:31
1338,153,11,1,0,1,0,0,3,2016-12-08 09:43:01,3,2016-12-08 09:43:01
1339,154,22,1,0,1,0,0,3,2016-12-08 09:44:23,3,2016-12-08 09:44:23
1341,156,11,1,0,1,0,0,3,2016-12-08 09:46:10,3,2016-12-08 09:46:10
1344,159,22,1,0,1,0,0,3,2016-12-08 09:52:11,3,2016-12-08 09:52:11
1346,161,11,1,0,1,0,0,3,2016-12-08 09:53:49,3,2016-12-08 09:53:49
1347,163,21,1,0,1,0,0,3,2016-12-08 09:56:23,3,2016-12-08 09:56:23
1348,167,7,1,0,1,0,0,3,2016-12-08 10:13:18,3,2016-12-08 10:13:18
1349,167,12,1,0,1,0,0,3,2016-12-08 10:13:18,3,2016-12-08 10:13:18
1350,168,7,1,0,1,0,0,3,2016-12-08 10:16:23,3,2016-12-08 10:16:23
1351,171,7,1,0,1,0,0,3,2016-12-08 10:18:24,3,2016-12-08 10:18:24
1352,172,19,1,0,1,0,0,3,2016-12-08 10:21:41,3,2016-12-08 10:21:41
1353,173,7,1,0,1,0,0,3,2016-12-08 10:23:59,3,2016-12-08 10:23:59
1360,198,16,1,0,1,0,0,3,2016-12-08 11:13:02,3,2016-12-08 11:13:02
1361,199,16,1,0,1,0,0,3,2016-12-08 11:13:47,3,2016-12-08 11:13:47
1362,595,22,1,0,1,0,0,3,2016-12-14 16:49:04,3,2016-12-14 16:49:04
1363,595,19,1,0,1,0,0,3,2016-12-14 16:49:04,3,2016-12-14 16:49:04
1364,596,7,1,0,1,0,0,3,2016-12-16 12:01:19,3,2016-12-16 12:01:19
1367,597,5,1,0,1,0,0,3,2017-01-17 11:43:32,3,2017-01-17 11:43:32
1368,597,6,1,0,1,0,0,3,2017-01-17 11:43:32,3,2017-01-17 11:43:32
1369,597,9,1,0,0,0,0,3,2017-01-17 11:43:32,3,2017-01-17 11:43:32
1370,598,4,1,0,1,0,0,3,2017-01-20 10:57:18,3,2017-01-20 10:57:18
1371,598,5,1,0,1,0,0,3,2017-01-20 10:57:18,3,2017-01-20 10:57:18
1373,600,16,1,0,1,0,0,3,2017-01-20 11:02:51,3,2017-01-20 11:02:51
1375,601,16,1,0,1,0,0,3,2017-01-23 13:42:32,3,2017-01-23 13:42:32
1376,602,16,1,0,1,0,0,3,2017-02-02 09:27:23,3,2017-02-02 09:27:23
1377,603,16,1,0,1,0,0,3,2017-02-02 09:28:26,3,2017-02-02 09:28:26
1390,612,7,1,0,1,0,0,3,2017-02-07 13:49:06,3,2017-02-07 13:49:06
1399,620,4,1,0,1,0,0,3,2017-02-17 16:04:33,3,2017-02-17 16:04:33
1400,620,5,1,0,1,0,0,3,2017-02-17 16:04:33,3,2017-02-17 16:04:33
1401,620,8,1,0,1,0,0,3,2017-02-17 16:04:33,3,2017-02-17 16:04:33
1402,620,7,1,0,1,0,0,3,2017-02-17 16:04:33,3,2017-02-17 16:04:33
1414,625,25,1,0,1,0,0,3,2017-03-01 14:04:28,3,2017-03-01 14:04:28
1415,625,7,1,0,1,0,0,3,2017-03-01 14:04:28,3,2017-03-01 14:04:28
1416,624,25,1,0,1,0,0,3,2017-03-01 14:04:42,3,2017-03-01 14:04:42
1417,624,7,1,0,1,0,0,3,2017-03-01 14:04:42,3,2017-03-01 14:04:42
1418,619,7,1,0,1,0,0,3,2017-03-01 14:05:03,3,2017-03-01 14:05:03
1419,618,7,1,0,1,0,0,3,2017-03-01 14:05:12,3,2017-03-01 14:05:12
1421,616,11,1,0,1,0,0,3,2017-03-01 14:05:42,3,2017-03-01 14:05:42
1422,615,7,1,0,1,0,0,3,2017-03-01 14:05:54,3,2017-03-01 14:05:54
1423,614,16,1,0,1,0,0,3,2017-03-01 14:06:03,3,2017-03-01 14:06:03
1424,613,5,1,0,1,0,0,3,2017-03-01 14:06:12,3,2017-03-01 14:06:12
1425,611,4,1,0,1,0,0,3,2017-03-01 14:06:25,3,2017-03-01 14:06:25
1427,609,25,1,0,1,0,0,3,2017-03-01 14:06:46,3,2017-03-01 14:06:46
1428,608,6,1,0,1,0,0,3,2017-03-01 14:06:54,3,2017-03-01 14:06:54
1429,607,7,1,0,1,0,0,3,2017-03-01 14:07:02,3,2017-03-01 14:07:02
1430,606,7,1,0,1,0,0,3,2017-03-01 14:07:11,3,2017-03-01 14:07:11
1434,627,7,1,0,1,0,0,3,2017-03-01 16:04:00,3,2017-03-01 16:04:00
1435,627,24,1,0,1,0,0,3,2017-03-01 16:04:00,3,2017-03-01 16:04:00
1436,627,25,1,0,1,0,0,3,2017-03-01 16:04:00,3,2017-03-01 16:04:00
1437,628,7,1,0,1,0,0,3,2017-03-01 16:05:32,3,2017-03-01 16:05:32
1438,629,5,1,0,1,0,0,3,2017-03-03 13:53:49,3,2017-03-03 13:53:49
1439,626,5,1,0,1,0,0,3,2017-03-07 15:18:21,3,2017-03-07 15:18:21
1441,459,7,1,0,1,0,0,3,2017-03-09 10:50:25,3,2017-03-09 10:50:25
1442,459,21,1,0,1,0,0,3,2017-03-09 10:50:25,3,2017-03-09 10:50:25
1444,631,7,1,0,1,0,0,3,2017-03-14 14:46:11,3,2017-03-14 14:46:11
1445,632,7,1,0,1,0,0,3,2017-03-14 15:55:47,3,2017-03-14 15:55:47
1446,633,7,1,0,1,0,0,3,2017-03-14 16:23:47,3,2017-03-14 16:23:47
1447,634,7,1,0,1,0,0,3,2017-03-22 09:24:47,3,2017-03-22 09:24:47
1454,49,7,10,0,10,0,0,3,2017-03-30 15:27:09,3,2017-03-30 15:27:09
1455,49,16,50,0,0,1,2,3,2017-03-30 15:27:09,3,2017-03-30 15:27:09
1456,44,16,1,0,0,1,2,3,2017-03-30 15:27:26,3,2017-03-30 15:27:26
1457,50,16,1,0,0,1,2,3,2017-03-30 15:27:40,3,2017-03-30 15:27:40
1458,640,11,1,0,1,0,0,9,2017-04-06 11:30:53,9,2017-04-06 11:30:53
1459,641,7,1,0,1,0,0,9,2017-04-06 14:01:35,9,2017-04-06 14:01:35
1464,643,7,1,0,0,0,0,5,2017-04-10 16:45:19,5,2017-04-10 16:45:19
1465,644,7,1,0,0,0,0,5,2017-04-10 16:48:52,5,2017-04-10 16:48:52
1472,642,5,1,0,1,0,0,9,2017-04-11 15:08:24,9,2017-04-11 15:08:24
1473,21,16,1,0,0,1,4,9,2017-04-12 12:10:09,9,2017-04-12 12:10:09
1477,649,15,1,0,1,0,0,9,2017-04-12 16:06:29,9,2017-04-12 16:06:29
1478,650,16,1,0,1,0,0,9,2017-04-13 16:58:39,9,2017-04-13 16:58:39
1483,604,5,1,0,1,0,0,5,2017-04-17 14:07:15,5,2017-04-17 14:07:15
1485,11,16,1,0,1,0,0,9,2017-04-19 15:06:55,9,2017-04-19 15:06:55
1486,11,14,1,0,1,0,0,9,2017-04-19 15:06:55,9,2017-04-19 15:06:55
1487,654,18,1,0,1,0,0,9,2017-04-25 10:13:40,9,2017-04-25 10:13:40
1495,657,16,1,0,1,0,0,9,2017-05-08 12:06:51,9,2017-05-08 12:06:51
1496,657,7,1,0,1,0,0,9,2017-05-08 12:06:51,9,2017-05-08 12:06:51
1497,658,22,1,0,0,0,0,5,2017-05-09 10:38:31,5,2017-05-09 10:38:31
1500,637,7,1,0,1,0,0,9,2017-05-17 13:13:39,9,2017-05-17 13:13:39
1501,651,7,1,0,1,0,0,9,2017-05-17 13:13:51,9,2017-05-17 13:13:51
1502,653,7,1,0,1,0,0,9,2017-05-17 13:14:12,9,2017-05-17 13:14:12
1503,659,7,1,0,0,0,0,9,2017-05-17 13:15:33,9,2017-05-17 13:15:33
1512,346,4,1,0,0,0,0,9,2017-05-22 15:26:16,9,2017-05-22 15:26:16
1513,346,5,1,0,0,0,0,9,2017-05-22 15:26:16,9,2017-05-22 15:26:16
1514,346,6,1,0,0,0,0,9,2017-05-22 15:26:16,9,2017-05-22 15:26:16
1517,663,7,1,0,1,0,0,9,2017-05-24 10:47:20,9,2017-05-24 10:47:20
1518,660,7,1,0,1,0,0,9,2017-05-24 10:58:21,9,2017-05-24 10:58:21
1519,656,7,1,0,1,0,0,9,2017-05-24 10:58:32,9,2017-05-24 10:58:32
1520,656,12,1,0,1,0,0,9,2017-05-24 10:58:32,9,2017-05-24 10:58:32
1521,655,7,1,0,1,0,0,9,2017-05-24 10:58:41,9,2017-05-24 10:58:41
1522,646,7,1,0,1,0,0,9,2017-05-24 10:59:40,9,2017-05-24 10:59:40
1523,645,7,1,0,1,0,0,9,2017-05-24 10:59:49,9,2017-05-24 10:59:49
1524,636,24,1,0,1,0,0,9,2017-05-24 11:00:08,9,2017-05-24 11:00:08
1525,623,7,10,0,0,0,0,9,2017-05-24 11:00:55,9,2017-05-24 11:00:55
1528,652,5,1,0,0,0,0,9,2017-05-24 11:02:49,9,2017-05-24 11:02:49
1529,647,5,1,0,1,0,0,9,2017-05-24 11:03:00,9,2017-05-24 11:03:00
1530,662,5,1,0,1,0,0,9,2017-05-24 11:03:16,9,2017-05-24 11:03:16
1531,661,7,1,0,1,0,0,9,2017-05-24 11:33:20,9,2017-05-24 11:33:20
1532,661,11,1,0,1,0,0,9,2017-05-24 11:33:20,9,2017-05-24 11:33:20
1534,664,5,1,0,1,0,0,9,2017-05-24 11:38:29,9,2017-05-24 11:38:29
1535,665,18,1,0,1,0,0,9,2017-05-24 11:58:59,9,2017-05-24 11:58:59
1536,666,16,1,0,1,0,0,9,2017-05-24 13:23:28,9,2017-05-24 13:23:28
1537,197,4,1,0,1,0,0,9,2017-05-25 09:53:44,9,2017-05-25 09:53:44
1538,197,5,1,0,1,0,0,9,2017-05-25 09:53:44,9,2017-05-25 09:53:44
1539,197,6,1,0,1,0,0,9,2017-05-25 09:53:44,9,2017-05-25 09:53:44
1541,667,7,1,0,1,0,0,9,2017-05-26 13:47:57,9,2017-05-26 13:47:57
1543,669,7,1,0,1,0,0,9,2017-05-26 14:54:57,9,2017-05-26 14:54:57
1544,670,19,1,0,1,0,0,9,2017-05-26 14:56:13,9,2017-05-26 14:56:13
1550,387,4,1,0,1,0,0,9,2017-05-26 15:08:03,9,2017-05-26 15:08:03
1551,387,5,1,0,1,0,0,9,2017-05-26 15:08:03,9,2017-05-26 15:08:03
1552,387,9,1,0,1,0,0,9,2017-05-26 15:08:03,9,2017-05-26 15:08:03
1553,387,7,1,0,1,0,0,9,2017-05-26 15:08:03,9,2017-05-26 15:08:03
1554,671,7,1,0,1,0,0,9,2017-05-26 15:08:28,9,2017-05-26 15:08:28
1555,671,9,1,0,1,0,0,9,2017-05-26 15:08:28,9,2017-05-26 15:08:28
1556,671,4,1,0,1,0,0,9,2017-05-26 15:08:28,9,2017-05-26 15:08:28
1557,671,5,1,0,1,0,0,9,2017-05-26 15:08:28,9,2017-05-26 15:08:28
1558,672,7,1,0,0,0,0,5,2017-05-28 11:29:37,5,2017-05-28 11:29:37
1568,674,7,1,0,1,0,0,9,2017-05-29 16:39:51,9,2017-05-29 16:39:51
1569,675,7,1,0,1,0,0,9,2017-05-30 16:11:56,9,2017-05-30 16:11:56
1570,676,19,1,0,1,0,0,9,2017-05-31 14:49:19,9,2017-05-31 14:49:19
1571,677,7,1,0,1,0,0,9,2017-05-31 15:05:57,9,2017-05-31 15:05:57
1572,678,25,1,0,1,0,0,9,2017-06-12 14:23:44,9,2017-06-12 14:23:44
1577,682,5,1,0,1,0,0,9,2017-06-12 15:10:30,9,2017-06-12 15:10:30
1578,682,4,1,0,1,0,0,9,2017-06-12 15:10:30,9,2017-06-12 15:10:30
1579,682,7,1,0,1,0,0,9,2017-06-12 15:10:30,9,2017-06-12 15:10:30
1580,683,7,1,0,1,0,0,9,2017-06-12 15:20:59,9,2017-06-12 15:20:59
1581,684,5,1,0,1,0,0,9,2017-06-12 15:30:36,9,2017-06-12 15:30:36
1582,684,4,1,0,1,0,0,9,2017-06-12 15:30:36,9,2017-06-12 15:30:36
1583,684,7,1,0,1,0,0,9,2017-06-12 15:30:36,9,2017-06-12 15:30:36
1584,685,5,1,0,1,0,0,9,2017-06-12 15:32:01,9,2017-06-12 15:32:01
1585,685,4,1,0,1,0,0,9,2017-06-12 15:32:01,9,2017-06-12 15:32:01
1586,685,7,1,0,1,0,0,9,2017-06-12 15:32:01,9,2017-06-12 15:32:01
1592,686,25,1,0,1,0,0,9,2017-06-13 11:17:23,9,2017-06-13 11:17:23
1593,686,7,1,0,1,0,0,9,2017-06-13 11:17:23,9,2017-06-13 11:17:23
1594,686,11,1,0,1,0,0,9,2017-06-13 11:17:23,9,2017-06-13 11:17:23
1599,687,5,1,0,1,0,0,9,2017-06-13 11:27:40,9,2017-06-13 11:27:40
1600,687,4,1,0,1,0,0,9,2017-06-13 11:27:40,9,2017-06-13 11:27:40
1601,688,5,1,0,1,0,0,9,2017-06-13 11:27:50,9,2017-06-13 11:27:50
1602,688,4,1,0,1,0,0,9,2017-06-13 11:27:50,9,2017-06-13 11:27:50
1603,689,25,1,0,1,0,0,9,2017-06-13 12:08:44,9,2017-06-13 12:08:44
1604,690,7,1,0,1,0,0,9,2017-06-13 12:12:23,9,2017-06-13 12:12:23
1605,690,12,1,0,1,0,0,9,2017-06-13 12:12:23,9,2017-06-13 12:12:23
1606,691,7,1,0,1,0,0,9,2017-06-13 13:33:01,9,2017-06-13 13:33:01
1610,692,25,1,0,1,0,0,9,2017-06-19 09:20:26,9,2017-06-19 09:20:26
1611,692,7,1,0,1,0,0,9,2017-06-19 09:20:26,9,2017-06-19 09:20:26
1615,695,5,1,0,0,0,0,5,2017-06-27 16:23:54,5,2017-06-27 16:23:54
1618,698,16,1,0,0,0,0,5,2017-07-03 14:30:10,5,2017-07-03 14:30:10
1621,701,7,1,0,0,0,0,11,2017-07-07 10:17:04,11,2017-07-07 10:17:04
1625,703,5,1,0,0,0,0,11,2017-07-07 10:21:38,11,2017-07-07 10:21:38
1626,702,1,1,0,0,0,0,11,2017-07-07 10:22:24,11,2017-07-07 10:22:24
1631,706,11,1,0,0,0,0,11,2017-07-11 11:59:47,11,2017-07-11 11:59:47
1632,707,21,1,0,0,0,0,11,2017-07-11 13:22:42,11,2017-07-11 13:22:42
1642,712,22,1,0,0,0,0,5,2017-07-19 09:31:29,5,2017-07-19 09:31:29
1647,711,12,1,0,0,0,0,5,2017-07-19 09:54:06,5,2017-07-19 09:54:06
1648,174,7,1,0,1,0,0,5,2017-07-19 09:54:48,5,2017-07-19 09:54:48
1649,174,8,1,0,1,0,0,5,2017-07-19 09:54:48,5,2017-07-19 09:54:48
1655,718,4,1,0,0,0,0,11,2017-07-27 10:17:08,11,2017-07-27 10:17:08
1656,718,5,1,0,0,0,0,11,2017-07-27 10:17:08,11,2017-07-27 10:17:08
1657,719,7,1,0,0,0,0,11,2017-07-27 10:36:11,11,2017-07-27 10:36:11
1658,720,7,1,0,0,0,0,11,2017-07-27 10:38:05,11,2017-07-27 10:38:05
1664,274,15,1,0,1,0,0,11,2017-07-31 09:47:27,11,2017-07-31 09:47:27
1672,726,16,1,0,0,0,0,11,2017-08-02 14:02:49,11,2017-08-02 14:02:49
1676,729,7,1,0,0,0,0,11,2017-08-04 16:09:59,11,2017-08-04 16:09:59
1678,730,7,1,0,0,0,0,11,2017-08-07 10:11:24,11,2017-08-07 10:11:24
1679,731,7,1,0,0,0,0,11,2017-08-07 10:12:55,11,2017-08-07 10:12:55
1683,735,7,1,0,0,0,0,5,2017-08-21 17:59:32,5,2017-08-21 17:59:32
1684,735,25,1,0,0,0,0,5,2017-08-21 17:59:32,5,2017-08-21 17:59:32
1693,739,7,1,0,0,0,0,11,2017-08-23 14:42:53,11,2017-08-23 14:42:53
1694,740,7,1,0,0,0,0,11,2017-08-23 14:53:58,11,2017-08-23 14:53:58
1703,10,16,1,0,1,0,0,11,2017-09-05 13:42:48,11,2017-09-05 13:42:48
1708,749,19,1,0,0,0,0,11,2017-09-07 11:16:55,11,2017-09-07 11:16:55
1709,749,7,1,0,0,0,0,11,2017-09-07 11:16:55,11,2017-09-07 11:16:55
1710,748,7,1,0,0,0,0,11,2017-09-07 11:17:13,11,2017-09-07 11:17:13
1711,747,22,1,0,1,0,0,11,2017-09-07 11:17:30,11,2017-09-07 11:17:30
1712,750,7,1,0,0,0,0,11,2017-09-07 11:19:40,11,2017-09-07 11:19:40
1715,753,12,1,0,0,0,0,11,2017-09-12 13:29:48,11,2017-09-12 13:29:48
1716,753,16,1,0,0,0,0,11,2017-09-12 13:29:48,11,2017-09-12 13:29:48
1717,754,7,1,0,0,0,0,11,2017-09-12 13:41:13,11,2017-09-12 13:41:13
1718,755,12,1,0,0,0,0,11,2017-09-12 14:03:06,11,2017-09-12 14:03:06
1719,755,16,1,0,0,0,0,11,2017-09-12 14:03:06,11,2017-09-12 14:03:06
1729,192,7,1,0,1,0,0,12,2017-09-15 10:10:52,12,2017-09-15 10:10:52
1733,175,7,1,0,1,0,0,12,2017-09-15 14:34:46,12,2017-09-15 14:34:46
1734,761,7,1,0,0,0,0,5,2017-09-15 15:48:08,5,2017-09-15 15:48:08
1735,452,7,1,0,1,0,0,1,2017-09-19 10:07:41,1,2017-09-19 10:07:41
1738,158,22,1,0,1,0,0,1,2017-09-19 13:08:52,1,2017-09-19 13:08:52
1739,185,5,1,0,1,0,0,1,2017-09-19 13:53:43,1,2017-09-19 13:53:43
1740,185,7,1,0,1,0,0,1,2017-09-19 13:53:43,1,2017-09-19 13:53:43
1741,185,18,1,0,1,0,0,1,2017-09-19 13:53:43,1,2017-09-19 13:53:43
1742,113,7,1,0,1,0,0,1,2017-09-19 15:30:33,1,2017-09-19 15:30:33
1743,113,11,1,0,1,0,0,1,2017-09-19 15:30:33,1,2017-09-19 15:30:33
1744,114,11,1,0,1,0,0,1,2017-09-19 15:37:27,1,2017-09-19 15:37:27
1745,473,18,1,0,1,0,0,1,2017-09-19 16:36:56,1,2017-09-19 16:36:56
1746,473,7,1,0,1,0,0,1,2017-09-19 16:36:56,1,2017-09-19 16:36:56
1747,177,7,1,0,1,0,0,1,2017-09-19 17:15:35,1,2017-09-19 17:15:35
1748,203,8,1,0,1,0,0,12,2017-09-20 13:42:14,12,2017-09-20 13:42:14
1749,203,12,1,0,1,0,0,12,2017-09-20 13:42:14,12,2017-09-20 13:42:14
1759,769,25,1,0,0,0,0,11,2017-09-20 14:39:15,11,2017-09-20 14:39:15
1760,769,6,1,0,0,0,0,11,2017-09-20 14:39:15,11,2017-09-20 14:39:15
1761,770,5,1,0,0,0,0,11,2017-09-20 15:12:16,11,2017-09-20 15:12:16
1762,770,4,1,0,0,0,0,11,2017-09-20 15:12:16,11,2017-09-20 15:12:16
1763,770,1,1,0,0,0,0,11,2017-09-20 15:12:16,11,2017-09-20 15:12:16
1764,374,4,1,0,1,0,0,12,2017-09-20 15:14:36,12,2017-09-20 15:14:36
1765,374,5,1,0,1,0,0,12,2017-09-20 15:14:36,12,2017-09-20 15:14:36
1766,374,7,1,0,1,0,0,12,2017-09-20 15:14:36,12,2017-09-20 15:14:36
1768,141,22,1,0,1,0,0,12,2017-09-20 17:00:04,12,2017-09-20 17:00:04
1769,372,11,1,0,1,0,0,12,2017-09-20 17:17:22,12,2017-09-20 17:17:22
1770,144,22,1,0,1,0,0,12,2017-09-20 17:18:52,12,2017-09-20 17:18:52
1771,155,22,1,0,1,0,0,12,2017-09-20 17:27:25,12,2017-09-20 17:27:25
1772,53,7,1,0,1,0,0,12,2017-09-21 10:05:20,12,2017-09-21 10:05:20
1774,162,19,1,0,1,0,0,12,2017-09-21 11:30:43,12,2017-09-21 11:30:43
1775,435,7,1,0,1,0,0,12,2017-09-21 16:54:43,12,2017-09-21 16:54:43
1776,435,4,1,0,1,0,0,12,2017-09-21 16:54:43,12,2017-09-21 16:54:43
1777,435,5,1,0,1,0,0,12,2017-09-21 16:54:43,12,2017-09-21 16:54:43
1778,178,7,1,0,1,0,0,12,2017-09-22 11:05:01,12,2017-09-22 11:05:01
1779,621,4,1,0,1,0,0,11,2017-09-22 11:49:11,11,2017-09-22 11:49:11
1780,621,5,1,0,1,0,0,11,2017-09-22 11:49:11,11,2017-09-22 11:49:11
1781,621,8,1,0,1,0,0,11,2017-09-22 11:49:11,11,2017-09-22 11:49:11
1782,621,7,1,0,1,0,0,11,2017-09-22 11:49:11,11,2017-09-22 11:49:11
1783,399,4,1,0,1,0,0,11,2017-09-22 11:49:52,11,2017-09-22 11:49:52
1784,399,5,1,0,1,0,0,11,2017-09-22 11:49:52,11,2017-09-22 11:49:52
1785,111,7,1,0,1,0,0,12,2017-09-22 13:43:04,12,2017-09-22 13:43:04
1786,83,7,1,0,1,0,0,5,2017-09-23 11:16:02,5,2017-09-23 11:16:02
1787,139,22,1,0,1,0,0,12,2017-09-25 11:43:35,12,2017-09-25 11:43:35
1789,420,7,1,0,1,0,0,12,2017-09-25 15:32:44,12,2017-09-25 15:32:44
1790,421,7,1,0,1,0,0,12,2017-09-25 15:33:23,12,2017-09-25 15:33:23
1791,430,16,1,0,1,0,0,12,2017-09-25 16:18:40,12,2017-09-25 16:18:40
1793,455,7,1,0,1,0,0,12,2017-09-26 14:16:30,12,2017-09-26 14:16:30
1794,464,7,1,0,1,0,0,12,2017-09-26 16:02:01,12,2017-09-26 16:02:01
1805,195,7,1,0,1,0,0,11,2017-10-10 11:23:27,11,2017-10-10 11:23:27
1806,195,16,1,0,0,0,0,11,2017-10-10 11:23:27,11,2017-10-10 11:23:27
1828,454,7,1,0,1,0,0,11,2017-10-30 16:59:05,11,2017-10-30 16:59:05
1829,454,9,1,0,1,0,0,11,2017-10-30 16:59:05,11,2017-10-30 16:59:05
1854,786,1,1,0,0,0,0,11,2017-12-04 10:03:01,11,2017-12-04 10:03:01
1855,786,16,1,0,0,0,0,11,2017-12-04 10:03:01,11,2017-12-04 10:03:01
1856,787,20,1,0,0,0,0,11,2017-12-04 10:04:10,11,2017-12-04 10:04:10
1857,787,14,1,0,0,0,0,11,2017-12-04 10:04:10,11,2017-12-04 10:04:10
1858,782,25,1,0,0,0,0,11,2017-12-04 10:06:01,11,2017-12-04 10:06:01
1859,782,7,1,0,0,0,0,11,2017-12-04 10:06:01,11,2017-12-04 10:06:01
1860,782,16,1,0,0,0,0,11,2017-12-04 10:06:01,11,2017-12-04 10:06:01
1861,789,11,1,0,0,0,0,11,2017-12-04 10:08:26,11,2017-12-04 10:08:26
1862,789,22,1,0,0,0,0,11,2017-12-04 10:08:26,11,2017-12-04 10:08:26
1863,789,7,1,0,0,0,0,11,2017-12-04 10:08:26,11,2017-12-04 10:08:26
1864,617,12,1,0,1,0,0,11,2017-12-04 10:15:48,11,2017-12-04 10:15:48
1866,700,12,1,0,0,0,0,11,2017-12-04 10:20:41,11,2017-12-04 10:20:41
1867,793,25,1,0,0,0,0,11,2017-12-04 10:22:25,11,2017-12-04 10:22:25
1868,793,7,1,0,0,0,0,11,2017-12-04 10:22:25,11,2017-12-04 10:22:25
1869,793,14,1,0,0,0,0,11,2017-12-04 10:22:25,11,2017-12-04 10:22:25
1870,784,19,1,0,0,0,0,11,2017-12-04 10:24:11,11,2017-12-04 10:24:11
1871,784,7,1,0,0,0,0,11,2017-12-04 10:24:11,11,2017-12-04 10:24:11
1872,785,25,1,0,0,0,0,11,2017-12-04 10:24:47,11,2017-12-04 10:24:47
1873,785,7,1,0,0,0,0,11,2017-12-04 10:24:47,11,2017-12-04 10:24:47
1875,772,16,1,0,0,0,0,11,2017-12-04 10:26:49,11,2017-12-04 10:26:49
1876,773,16,1,0,0,0,0,11,2017-12-04 10:27:29,11,2017-12-04 10:27:29
1877,773,7,1,0,0,0,0,11,2017-12-04 10:27:29,11,2017-12-04 10:27:29
1880,795,1,1,0,0,0,0,11,2017-12-04 10:31:13,11,2017-12-04 10:31:13
1881,795,18,1,0,0,0,0,11,2017-12-04 10:31:13,11,2017-12-04 10:31:13
1882,794,23,1,0,0,0,0,11,2017-12-04 10:31:33,11,2017-12-04 10:31:33
1883,792,7,1,0,0,0,0,11,2017-12-04 10:31:55,11,2017-12-04 10:31:55
1884,791,7,1,0,0,0,0,11,2017-12-04 10:32:12,11,2017-12-04 10:32:12
1885,790,7,1,0,0,0,0,11,2017-12-04 10:32:30,11,2017-12-04 10:32:30
1886,788,18,1,0,0,0,0,11,2017-12-04 10:32:47,11,2017-12-04 10:32:47
1887,788,7,1,0,0,0,0,11,2017-12-04 10:32:47,11,2017-12-04 10:32:47
1888,783,25,1,0,0,0,0,11,2017-12-04 10:33:08,11,2017-12-04 10:33:08
1889,783,7,1,0,0,0,0,11,2017-12-04 10:33:08,11,2017-12-04 10:33:08
1890,780,5,1,0,0,0,0,11,2017-12-04 10:33:26,11,2017-12-04 10:33:26
1891,780,4,1,0,0,0,0,11,2017-12-04 10:33:26,11,2017-12-04 10:33:26
1892,780,7,1,0,0,0,0,11,2017-12-04 10:33:26,11,2017-12-04 10:33:26
1893,779,7,1,0,0,0,0,11,2017-12-04 10:33:45,11,2017-12-04 10:33:45
1894,778,18,1,0,0,0,0,11,2017-12-04 10:34:04,11,2017-12-04 10:34:04
1895,777,11,1,0,0,0,0,11,2017-12-04 10:34:21,11,2017-12-04 10:34:21
1896,776,7,1,0,0,0,0,11,2017-12-04 10:35:56,11,2017-12-04 10:35:56
1897,776,16,1,0,0,0,0,11,2017-12-04 10:35:56,11,2017-12-04 10:35:56
1898,775,12,1,0,0,0,0,11,2017-12-04 10:36:19,11,2017-12-04 10:36:19
1899,775,8,1,0,0,0,0,11,2017-12-04 10:36:19,11,2017-12-04 10:36:19
1900,774,18,1,0,0,0,0,11,2017-12-04 10:36:36,11,2017-12-04 10:36:36
1901,774,7,1,0,0,0,0,11,2017-12-04 10:36:36,11,2017-12-04 10:36:36
1902,771,7,1,0,0,0,0,11,2017-12-04 10:37:07,11,2017-12-04 10:37:07
1903,768,16,1,0,0,0,0,11,2017-12-04 10:44:16,11,2017-12-04 10:44:16
1904,768,7,1,0,0,0,0,11,2017-12-04 10:44:16,11,2017-12-04 10:44:16
1905,767,16,1,0,0,0,0,11,2017-12-04 10:44:36,11,2017-12-04 10:44:36
1906,766,25,1,0,0,0,0,11,2017-12-04 10:44:57,11,2017-12-04 10:44:57
1907,766,7,1,0,0,0,0,11,2017-12-04 10:44:57,11,2017-12-04 10:44:57
1908,765,1,1,0,0,0,0,11,2017-12-04 10:50:18,11,2017-12-04 10:50:18
1909,764,6,1,0,0,0,0,11,2017-12-04 10:50:39,11,2017-12-04 10:50:39
1910,764,5,1,0,0,0,0,11,2017-12-04 10:50:39,11,2017-12-04 10:50:39
1911,764,4,1,0,0,0,0,11,2017-12-04 10:50:39,11,2017-12-04 10:50:39
1912,763,11,1,0,0,0,0,11,2017-12-04 10:53:19,11,2017-12-04 10:53:19
1913,762,7,1,0,0,0,0,11,2017-12-04 10:53:36,11,2017-12-04 10:53:36
1914,760,4,1,0,0,0,0,11,2017-12-04 10:53:55,11,2017-12-04 10:53:55
1915,760,5,1,0,0,0,0,11,2017-12-04 10:53:55,11,2017-12-04 10:53:55
1916,760,7,1,0,0,0,0,11,2017-12-04 10:53:55,11,2017-12-04 10:53:55
1917,759,15,1,0,0,0,0,11,2017-12-04 10:54:14,11,2017-12-04 10:54:14
1918,758,16,1,0,0,0,0,11,2017-12-04 10:54:30,11,2017-12-04 10:54:30
1919,757,25,1,0,0,0,0,11,2017-12-04 10:54:50,11,2017-12-04 10:54:50
1920,756,7,1,0,0,0,0,11,2017-12-04 10:55:07,11,2017-12-04 10:55:07
1921,756,11,1,0,0,0,0,11,2017-12-04 10:55:07,11,2017-12-04 10:55:07
1922,752,7,1,0,0,0,0,11,2017-12-04 10:55:41,11,2017-12-04 10:55:41
1923,751,7,1,0,0,0,0,11,2017-12-04 10:56:01,11,2017-12-04 10:56:01
1924,746,16,1,0,1,0,0,11,2017-12-04 10:57:27,11,2017-12-04 10:57:27
1925,745,14,1,0,0,0,0,11,2017-12-04 10:58:30,11,2017-12-04 10:58:30
1926,745,25,1,0,0,0,0,11,2017-12-04 10:58:30,11,2017-12-04 10:58:30
1927,744,25,1,0,0,0,0,11,2017-12-04 10:58:57,11,2017-12-04 10:58:57
1928,743,7,1,0,0,0,0,11,2017-12-04 10:59:14,11,2017-12-04 10:59:14
1929,742,12,1,0,0,0,0,11,2017-12-04 11:00:02,11,2017-12-04 11:00:02
1930,742,7,1,0,0,0,0,11,2017-12-04 11:00:02,11,2017-12-04 11:00:02
1931,742,20,1,0,0,0,0,11,2017-12-04 11:00:02,11,2017-12-04 11:00:02
1932,741,7,1,0,0,0,0,11,2017-12-04 11:00:20,11,2017-12-04 11:00:20
1933,738,10,1,0,0,0,0,11,2017-12-04 11:02:28,11,2017-12-04 11:02:28
1934,738,2,1,0,0,0,0,11,2017-12-04 11:02:28,11,2017-12-04 11:02:28
1935,737,6,1,0,0,0,0,11,2017-12-04 11:02:45,11,2017-12-04 11:02:45
1936,737,4,1,0,0,0,0,11,2017-12-04 11:02:45,11,2017-12-04 11:02:45
1937,737,5,1,0,0,0,0,11,2017-12-04 11:02:45,11,2017-12-04 11:02:45
1938,736,7,1,0,0,0,0,11,2017-12-04 11:03:04,11,2017-12-04 11:03:04
1939,734,11,1,0,0,0,0,11,2017-12-04 11:08:10,11,2017-12-04 11:08:10
1940,733,18,1,0,0,0,0,11,2017-12-04 11:08:26,11,2017-12-04 11:08:26
1941,732,7,1,0,0,0,0,11,2017-12-04 11:10:02,11,2017-12-04 11:10:02
1942,728,10,1,0,0,0,0,11,2017-12-04 11:11:31,11,2017-12-04 11:11:31
1943,727,16,1,0,0,0,0,11,2017-12-04 11:12:07,11,2017-12-04 11:12:07
1945,725,7,1,0,0,0,0,11,2017-12-04 11:13:48,11,2017-12-04 11:13:48
1947,724,1,1,0,0,0,0,11,2017-12-04 11:17:56,11,2017-12-04 11:17:56
1948,723,18,1,0,0,0,0,11,2017-12-04 11:18:12,11,2017-12-04 11:18:12
1949,723,7,1,0,0,0,0,11,2017-12-04 11:18:12,11,2017-12-04 11:18:12
1950,722,11,1,0,0,0,0,11,2017-12-04 11:18:31,11,2017-12-04 11:18:31
1951,721,4,1,0,0,0,0,11,2017-12-04 11:18:47,11,2017-12-04 11:18:47
1952,721,5,1,0,0,0,0,11,2017-12-04 11:18:47,11,2017-12-04 11:18:47
1953,717,7,1,0,0,0,0,11,2017-12-04 11:19:06,11,2017-12-04 11:19:06
1954,716,7,1,0,0,0,0,11,2017-12-04 11:19:23,11,2017-12-04 11:19:23
1955,715,7,1,0,0,0,0,11,2017-12-04 11:19:42,11,2017-12-04 11:19:42
1956,714,11,1,0,0,0,0,11,2017-12-04 11:20:07,11,2017-12-04 11:20:07
1957,713,1,1,0,0,0,0,11,2017-12-04 11:20:26,11,2017-12-04 11:20:26
1958,713,5,1,0,0,0,0,11,2017-12-04 11:20:26,11,2017-12-04 11:20:26
1959,713,4,1,0,0,0,0,11,2017-12-04 11:20:26,11,2017-12-04 11:20:26
1960,710,4,1,0,0,0,0,11,2017-12-04 11:20:52,11,2017-12-04 11:20:52
1961,710,5,1,0,0,0,0,11,2017-12-04 11:20:52,11,2017-12-04 11:20:52
1962,709,2,1,0,0,0,0,11,2017-12-04 11:21:10,11,2017-12-04 11:21:10
1963,708,5,1,0,0,0,0,11,2017-12-04 11:21:26,11,2017-12-04 11:21:26
1964,708,4,1,0,0,0,0,11,2017-12-04 11:21:26,11,2017-12-04 11:21:26
1965,708,6,1,0,0,0,0,11,2017-12-04 11:21:26,11,2017-12-04 11:21:26
1967,705,7,1,0,0,0,0,11,2017-12-04 11:24:05,11,2017-12-04 11:24:05
1968,704,7,1,0,0,0,0,11,2017-12-04 11:24:26,11,2017-12-04 11:24:26
1969,699,7,1,0,0,0,0,11,2017-12-04 11:26:02,11,2017-12-04 11:26:02
1970,697,12,1,0,0,0,0,11,2017-12-04 11:27:17,11,2017-12-04 11:27:17
1971,696,12,1,0,0,0,0,11,2017-12-04 11:28:40,11,2017-12-04 11:28:40
1972,694,9,1,0,1,0,0,11,2017-12-04 11:31:16,11,2017-12-04 11:31:16
1973,694,6,1,0,1,0,0,11,2017-12-04 11:31:16,11,2017-12-04 11:31:16
1974,693,18,1,0,1,0,0,11,2017-12-04 11:31:33,11,2017-12-04 11:31:33
1975,681,7,1,0,1,0,0,11,2017-12-04 11:32:57,11,2017-12-04 11:32:57
1976,681,16,1,0,1,0,0,11,2017-12-04 11:32:57,11,2017-12-04 11:32:57
1977,680,18,1,0,1,0,0,11,2017-12-04 11:33:16,11,2017-12-04 11:33:16
1978,679,7,1,0,1,0,0,11,2017-12-04 11:33:54,11,2017-12-04 11:33:54
1979,673,6,1,0,0,0,0,11,2017-12-04 11:34:34,11,2017-12-04 11:34:34
1980,668,7,1,0,1,0,0,11,2017-12-04 11:35:07,11,2017-12-04 11:35:07
1981,668,10,1,0,1,0,0,11,2017-12-04 11:35:07,11,2017-12-04 11:35:07
1982,668,4,1,0,1,0,0,11,2017-12-04 11:35:07,11,2017-12-04 11:35:07
1983,668,5,1,0,1,0,0,11,2017-12-04 11:35:07,11,2017-12-04 11:35:07
1984,648,16,1,0,0,1,4,11,2017-12-04 11:36:58,11,2017-12-04 11:36:58
1985,630,16,1,0,1,0,0,11,2017-12-04 11:38:41,11,2017-12-04 11:38:41
1987,583,12,1,0,1,0,0,11,2017-12-04 11:41:53,11,2017-12-04 11:41:53
1988,583,7,1,0,1,0,0,11,2017-12-04 11:41:53,11,2017-12-04 11:41:53
1989,543,7,1,0,1,0,0,11,2017-12-04 11:44:07,11,2017-12-04 11:44:07
1990,543,16,1,0,1,0,0,11,2017-12-04 11:44:07,11,2017-12-04 11:44:07
1991,543,25,1,0,1,0,0,11,2017-12-04 11:44:07,11,2017-12-04 11:44:07
1992,543,13,1,0,1,0,0,11,2017-12-04 11:44:07,11,2017-12-04 11:44:07
1993,542,7,1,0,1,0,0,11,2017-12-04 11:45:19,11,2017-12-04 11:45:19
1994,542,21,1,0,1,0,0,11,2017-12-04 11:45:19,11,2017-12-04 11:45:19
1995,541,14,1,0,1,0,0,11,2017-12-04 11:46:17,11,2017-12-04 11:46:17
1996,541,25,1,0,1,0,0,11,2017-12-04 11:46:17,11,2017-12-04 11:46:17
1997,540,14,1,0,1,0,0,11,2017-12-04 11:48:28,11,2017-12-04 11:48:28
1998,540,20,1,0,1,0,0,11,2017-12-04 11:48:28,11,2017-12-04 11:48:28
2001,176,25,1,0,1,0,0,12,2017-12-04 17:02:16,12,2017-12-04 17:02:16
2002,176,7,1,0,1,0,0,12,2017-12-04 17:02:16,12,2017-12-04 17:02:16
2003,147,22,1,0,1,0,0,11,2017-12-07 09:27:53,11,2017-12-07 09:27:53
2005,152,22,1,0,1,0,0,11,2017-12-07 09:30:01,11,2017-12-07 09:30:01
2006,148,19,1,0,1,0,0,11,2017-12-07 09:30:21,11,2017-12-07 09:30:21
2007,440,22,100,0,1,0,0,11,2017-12-07 14:21:46,11,2017-12-07 14:21:46
2008,140,19,1,0,1,0,0,11,2017-12-07 14:21:58,11,2017-12-07 14:21:58
2009,796,11,1,0,0,0,0,11,2017-12-19 11:36:15,11,2017-12-19 11:36:15
2010,796,7,1,0,0,0,0,11,2017-12-19 11:36:15,11,2017-12-19 11:36:15
2011,797,12,1,0,1,0,0,11,2017-12-20 10:52:56,11,2017-12-20 10:52:56
2012,798,16,1,0,1,0,0,11,2017-12-21 11:03:11,11,2017-12-21 11:03:11
2013,799,7,1,0,1,0,0,11,2017-12-21 11:17:59,11,2017-12-21 11:17:59
2014,800,25,1,0,1,0,0,11,2017-12-21 11:28:58,11,2017-12-21 11:28:58
2015,800,7,1,0,1,0,0,11,2017-12-21 11:28:58,11,2017-12-21 11:28:58
2016,801,7,1,0,1,0,0,11,2017-12-21 11:40:42,11,2017-12-21 11:40:42
2017,801,5,1,0,1,0,0,11,2017-12-21 11:40:42,11,2017-12-21 11:40:42
2018,801,4,1,0,1,0,0,11,2017-12-21 11:40:42,11,2017-12-21 11:40:42
2022,67,16,1,0,1,0,0,11,2017-12-22 15:24:42,11,2017-12-22 15:24:42
2023,67,14,1,0,1,0,0,11,2017-12-22 15:24:42,11,2017-12-22 15:24:42
2024,143,22,1,0,1,0,0,11,2017-12-22 15:35:49,11,2017-12-22 15:35:49
2026,3,16,1,0,0,1,2,11,2017-12-27 10:06:36,11,2017-12-27 10:06:36
2027,15,11,1,0,1,0,0,11,2017-12-27 10:06:52,11,2017-12-27 10:06:52
2028,15,16,1,0,0,1,2,11,2017-12-27 10:06:52,11,2017-12-27 10:06:52
2029,485,7,1,0,1,0,0,12,2017-12-27 20:44:18,12,2017-12-27 20:44:18
2030,485,22,1,0,1,0,0,12,2017-12-27 20:44:18,12,2017-12-27 20:44:18
2031,802,2,1,0,0,0,0,5,2018-01-05 18:03:28,5,2018-01-05 18:03:28
2032,803,5,1,0,0,0,0,5,2018-01-05 18:05:52,5,2018-01-05 18:05:52
2033,804,5,1,0,0,0,0,5,2018-01-05 18:05:52,5,2018-01-05 18:05:52
2034,805,2,1,0,0,0,0,5,2018-01-05 18:07:09,5,2018-01-05 18:07:09
2035,806,2,1,0,0,0,0,5,2018-01-05 18:07:09,5,2018-01-05 18:07:09
2036,807,8,1,0,0,0,0,5,2018-01-08 13:39:44,5,2018-01-08 13:39:44
2037,808,11,1,0,0,0,0,5,2018-01-10 14:36:34,5,2018-01-10 14:36:34
2038,476,19,1,0,1,0,0,12,2018-01-12 10:55:47,12,2018-01-12 10:55:47
2039,490,11,1,0,1,0,0,12,2018-01-15 18:10:09,12,2018-01-15 18:10:09
2040,809,7,1,0,0,0,0,5,2018-01-16 08:38:05,5,2018-01-16 08:38:05
2041,491,11,1,0,1,0,0,12,2018-01-16 18:50:27,12,2018-01-16 18:50:27
2042,493,7,1,0,1,0,0,12,2018-01-16 19:29:23,12,2018-01-16 19:29:23
2043,494,7,1,0,1,0,0,12,2018-01-16 20:48:22,12,2018-01-16 20:48:22
2044,494,25,1,0,1,0,0,12,2018-01-16 20:48:22,12,2018-01-16 20:48:22
2045,512,7,1,0,0,0,0,12,2018-01-18 13:25:46,12,2018-01-18 13:25:46
2046,429,12,1,0,1,0,0,12,2018-01-18 15:38:20,12,2018-01-18 15:38:20
2047,429,8,1,0,1,0,0,12,2018-01-18 15:38:20,12,2018-01-18 15:38:20
2048,529,4,1,0,0,0,0,12,2018-01-18 16:04:06,12,2018-01-18 16:04:06
2049,529,5,1,0,0,0,0,12,2018-01-18 16:04:06,12,2018-01-18 16:04:06
2050,529,7,1,0,0,0,0,12,2018-01-18 16:04:06,12,2018-01-18 16:04:06
2051,467,5,1,0,1,0,0,12,2018-01-18 16:38:16,12,2018-01-18 16:38:16
2052,467,4,1,0,1,0,0,12,2018-01-18 16:38:16,12,2018-01-18 16:38:16
2053,467,7,1,0,1,0,0,12,2018-01-18 16:38:16,12,2018-01-18 16:38:16
2054,546,7,1,0,1,0,0,12,2018-01-18 17:54:36,12,2018-01-18 17:54:36
2055,552,7,1,0,1,0,0,12,2018-01-18 18:46:52,12,2018-01-18 18:46:52
2056,553,7,1,0,1,0,0,12,2018-01-18 18:47:09,12,2018-01-18 18:47:09
2057,553,12,1,0,1,0,0,12,2018-01-18 18:47:09,12,2018-01-18 18:47:09
2058,554,7,1,0,1,0,0,12,2018-01-18 19:20:20,12,2018-01-18 19:20:20
2059,556,18,1,0,1,0,0,12,2018-01-18 19:41:46,12,2018-01-18 19:41:46
2060,556,7,1,0,1,0,0,12,2018-01-18 19:41:46,12,2018-01-18 19:41:46
2061,484,4,1,0,1,0,0,12,2018-01-18 19:50:02,12,2018-01-18 19:50:02
2062,484,5,1,0,1,0,0,12,2018-01-18 19:50:02,12,2018-01-18 19:50:02
2063,484,7,1,0,1,0,0,12,2018-01-18 19:50:02,12,2018-01-18 19:50:02
2064,484,18,1,0,1,0,0,12,2018-01-18 19:50:02,12,2018-01-18 19:50:02
2065,151,24,1,1,1,0,0,12,2018-01-18 23:07:40,12,2018-01-18 23:07:40
2066,587,7,1,0,1,0,0,12,2018-01-19 21:08:46,12,2018-01-19 21:08:46
2067,462,7,1,0,1,0,0,12,2018-01-19 21:15:52,12,2018-01-19 21:15:52
2068,462,18,1,0,1,0,0,12,2018-01-19 21:15:53,12,2018-01-19 21:15:53
2069,599,7,1,0,1,0,0,12,2018-01-19 21:20:38,12,2018-01-19 21:20:38
2070,157,22,1,0,1,0,0,12,2018-01-19 21:43:56,12,2018-01-19 21:43:56
2071,610,5,1,0,1,0,0,12,2018-01-19 23:56:06,12,2018-01-19 23:56:06
2072,605,19,1,0,1,0,0,12,2018-01-19 23:59:18,12,2018-01-19 23:59:18
2073,622,11,1,0,1,0,0,12,2018-01-20 00:05:17,12,2018-01-20 00:05:17
2074,635,7,1,0,1,0,0,12,2018-01-20 18:05:27,12,2018-01-20 18:05:27
2075,545,4,1,0,0,0,0,12,2018-01-20 20:28:24,12,2018-01-20 20:28:24
2076,545,5,1,0,0,0,0,12,2018-01-20 20:28:24,12,2018-01-20 20:28:24
2078,639,9,1,0,0,0,0,12,2018-01-20 20:32:11,12,2018-01-20 20:32:11
2079,638,9,1,0,0,0,0,12,2018-01-20 20:32:33,12,2018-01-20 20:32:33
2080,160,22,1,0,1,0,0,12,2018-01-20 21:25:08,12,2018-01-20 21:25:08
2081,781,19,1,0,0,0,0,5,2018-02-05 19:21:04,5,2018-02-05 19:21:04
2082,781,7,1,0,0,0,0,5,2018-02-05 19:21:04,5,2018-02-05 19:21:04
2083,781,22,1,0,0,0,0,5,2018-02-05 19:21:04,5,2018-02-05 19:21:04
2085,810,7,1,0,0,0,0,15,2018-02-15 12:21:35,15,2018-02-15 12:21:35
2086,811,1,1,0,0,0,0,15,2018-02-15 12:23:43,15,2018-02-15 12:23:43
2087,812,7,0,0,0,0,0,15,2018-02-16 12:55:18,15,2018-02-16 12:55:18
2088,813,7,1,0,0,0,0,5,2018-03-21 18:53:40,5,2018-03-21 18:53:40
2089,814,7,1,0,0,0,0,5,2018-03-21 19:56:26,5,2018-03-21 19:56:26
2090,815,1,1,0,0,0,0,5,2018-03-21 20:11:13,5,2018-03-21 20:11:13
2091,815,5,1,0,0,0,0,5,2018-03-21 20:11:13,5,2018-03-21 20:11:13
2092,816,18,1,0,0,0,0,15,2018-03-23 18:58:10,15,2018-03-23 18:58:10
2093,817,7,1,0,0,0,0,5,2018-04-09 16:16:05,5,2018-04-09 16:16:05
2094,818,7,1,0,0,0,0,5,2018-04-09 17:09:45,5,2018-04-09 17:09:45
2095,137,7,1,0,1,0,0,5,2018-04-18 16:27:43,5,2018-04-18 16:27:43
2097,820,11,2,0,0,0,0,15,2018-05-10 13:15:48,15,2018-05-10 13:15:48
2098,819,7,300,0,0,0,0,15,2018-05-16 12:39:57,15,2018-05-16 12:39:57
2099,821,4,1,0,0,0,0,15,2018-06-04 13:23:15,15,2018-06-04 13:23:15
