ingredient_id,ingredient_name,ingredient_kana,ingredient_classification_id,ingredient_type_id,recipe_id,sweetness_flag,sourness_flag,saltiness_flag,bitterness_flag,umami_flag,spicy_flag,strong_taste_flag,deleted_at,created_id,created_at,updated_id,updated_at,admin_note,fridge_shelf_life_id,freezer_shelf_life_id
1,アスパラ,アスパラ,101,1,,0,0,0,0,0,0,0,,1,2014-11-10 18:01:40,3,2016-12-06 13:07:12,,,
2,カイワレ大根,カイワレダイコン,101,1,,0,0,0,1,0,0,0,,1,2014-11-10 17:37:46,3,2016-12-06 13:09:08,,,
3,キャベツ,キャベツ,101,1,,1,0,0,0,0,0,0,,1,2014-11-10 17:37:46,11,2017-12-22 15:05:36,"",,
4,グリーンリーフ,グリーンリーフ,101,1,,0,0,0,0,0,0,0,,1,2014-11-10 17:37:46,3,2016-12-06 13:14:47,,,
5,サニーレタス,サニーレタス,101,1,,0,0,0,0,0,0,0,,1,2014-11-10 17:37:46,3,2016-12-06 13:30:35,,,
6,サンチュ,サンチュ,101,1,,0,0,0,0,0,0,0,,1,2014-11-10 17:37:46,3,2016-12-06 13:35:28,,,
7,スプラウト,スプラウト,101,1,,0,0,0,1,0,0,0,,1,2014-11-10 17:37:46,3,2016-12-06 13:37:42,,,
8,セロリ,セロリ,101,1,,0,0,0,1,0,0,0,,1,2014-11-10 17:37:46,3,2016-12-06 13:39:33,,,
9,ニラ,ニラ,101,1,,0,0,0,0,0,0,0,,1,2014-11-10 17:37:46,3,2016-12-06 13:42:33,,,
10,フリフリレタス,フリフリレタス,101,1,,0,0,0,0,0,0,0,,1,2014-11-10 17:37:46,11,2017-09-05 13:42:48,"",,
11,ブロッコリー,ブロッコリー,101,1,,0,0,0,0,0,0,0,,1,2014-11-10 17:37:46,9,2017-04-19 15:06:55,"",,
12,ベビーリーフ,ベビーリーフ,101,1,,0,0,0,0,0,0,0,,1,2014-11-10 17:37:46,3,2016-12-06 13:52:36,,,
13,ほうれん草,ホウレンソウ,101,1,,0,0,0,0,0,0,0,,1,2014-11-10 17:37:46,3,2016-12-06 13:57:43,,,
14,みょうが,ミョウガ,101,1,,0,0,0,0,0,0,0,,1,2014-11-10 17:37:46,3,2016-12-06 13:59:42,,,
15,レタス,レタス,101,1,,0,0,0,0,0,0,0,,1,2014-11-10 17:37:46,11,2017-12-22 15:05:57,"",,
16,わけぎ,ワケギ,101,1,,0,0,0,1,0,0,0,,1,2014-11-10 17:37:46,3,2016-12-06 14:04:01,,,
17,ワサビ菜,ワサビナ,101,1,,0,0,0,0,0,0,0,,1,2014-11-10 17:37:46,3,2016-12-06 14:07:51,,,
18,刻みねぎ,キザミネギ,101,1,,0,0,0,0,0,0,0,,1,2014-11-10 17:37:46,1,2014-11-10 17:32:00,,,
19,菜の花,ナノハナ,101,1,,0,0,0,0,0,0,0,,1,2014-11-10 17:37:46,3,2016-12-06 14:13:44,,,
20,三つ葉,ミツバ,101,1,,0,0,0,0,0,0,0,,1,2014-11-10 17:37:46,3,2016-12-06 14:16:23,,,
21,春キャベツ,ハルキャベツ,101,1,,0,0,0,0,0,0,0,,1,2014-11-10 17:37:46,9,2017-04-12 12:10:09,"",,
22,春菊,シュンギク,101,1,,0,0,0,1,0,0,0,,1,2014-11-10 17:37:46,3,2016-12-06 14:22:26,,,
23,小松菜,コマツナ,101,1,,0,0,0,0,0,0,0,,1,2014-11-10 17:37:46,3,2016-12-06 14:24:23,,,
24,水菜,ミズナ,101,1,,0,0,0,1,0,0,0,,1,2014-11-10 17:37:46,3,2016-12-06 14:26:32,,,
25,青梗菜,チンゲンサイ,101,1,,0,0,0,0,0,0,0,,1,2014-11-10 17:37:46,1,2015-04-16 13:20:12,,,
26,大根の葉,ダイコンノハ,101,1,,0,0,0,1,0,0,0,,1,2014-11-10 17:37:46,3,2016-12-06 14:33:02,,,
27,大葉,オオバ,101,1,,0,0,0,0,0,0,0,,1,2014-11-10 17:37:46,3,2016-12-06 14:34:42,,,
28,白ねぎ,シロネギ,101,1,,0,0,0,0,0,0,0,,1,2014-11-10 17:37:46,3,2016-12-06 14:40:32,,,
29,白菜,ハクサイ,101,1,,0,0,0,0,0,0,0,,1,2014-11-10 17:37:46,3,2016-12-06 14:41:00,,,
30,万能ねぎ,バンノウネギ,101,1,,0,0,0,0,0,0,0,,1,2014-11-10 17:37:46,1,2015-09-14 12:23:23,,,
31,白ねぎ(青い所),シロネギアオイトコロ,101,1,,0,0,0,1,0,0,0,,1,2014-11-10 17:37:46,3,2016-12-06 14:43:59,,,
32,万能ねぎ(白い所),バンノウネギシロイトコロ,101,1,,0,0,0,0,0,0,0,,1,2014-11-10 17:37:46,1,2014-11-10 17:32:00,,,
33,モロヘイヤ,モロヘイヤ,101,1,,0,0,0,1,0,0,0,,1,2014-11-10 17:37:46,3,2016-12-06 14:53:17,,,
34,オクラ,オクラ,102,1,,0,0,0,0,0,0,0,,1,2014-11-10 17:37:46,3,2016-12-06 14:55:14,,,
35,かぼちゃ,カボチャ,102,1,,0,0,0,0,0,0,0,,1,2014-11-10 17:37:46,3,2016-12-06 14:58:15,,,
36,きゅうり,キュウリ,102,1,,0,0,0,0,0,0,0,,1,2014-11-10 17:37:46,3,2016-12-06 15:02:38,,,
37,グレープフルーツ,グレープフルーツ,102,1,,0,1,0,0,0,0,0,,1,2014-11-10 17:37:46,3,2016-12-06 15:15:22,,,
38,ゴーヤ,ゴーヤ,102,1,,0,0,0,1,0,0,0,,1,2014-11-10 17:37:46,3,2016-12-06 15:17:27,,,
39,コーン,コーン,102,1,,0,0,0,0,0,0,0,,1,2014-11-10 17:37:46,3,2016-12-06 15:22:05,,,
40,しし唐,シシトウ,102,1,,0,0,0,0,0,1,0,,1,2014-11-10 17:37:46,1,2014-11-10 17:32:00,,,
41,とうもろこし,トウモロコシ,102,1,,1,0,0,0,0,0,0,,1,2014-11-10 17:37:46,3,2016-12-06 16:14:28,,,
42,トマト,トマト,102,1,,0,1,0,0,0,0,0,,1,2014-11-10 17:37:46,3,2016-12-06 16:23:18,,,
43,ナス,ナス,102,1,,0,0,0,0,0,0,0,,1,2014-11-10 17:37:46,3,2016-12-06 16:24:50,,,
44,パプリカ,パプリカ,102,1,,0,0,0,0,0,0,0,,1,2014-11-10 17:37:46,3,2017-03-30 15:26:51,"",,
45,ピーマン,ピーマン,102,1,,0,0,0,1,0,0,0,,1,2014-11-10 17:37:46,3,2016-12-06 16:29:13,,,
46,ミニトマト,ミニトマト,102,1,,0,0,0,0,0,0,0,,1,2014-11-10 17:37:46,3,2016-12-06 16:32:58,,,
47,赤ピーマン,アカピーマン,102,1,,0,0,0,0,0,0,0,,1,2014-11-10 17:37:46,3,2016-12-06 16:35:32,,,
48,ズッキーニ,ズッキーニ,102,1,,0,0,0,0,0,0,0,,1,2014-11-10 17:37:46,3,2016-12-06 16:37:37,,,
49,パプリカ赤,パプリカアカ,102,1,,0,0,0,0,0,0,0,,1,2014-11-10 17:37:46,3,2017-03-30 15:27:09,"",,
50,パプリカ黄,パプリカキ,102,1,,0,0,0,0,0,0,0,,1,2014-11-10 17:37:46,3,2017-03-30 15:27:40,"",,
51,いんげん,インゲン,103,1,,0,0,0,0,0,0,0,,1,2014-11-10 17:37:46,3,2016-12-07 11:09:31,,,
52,グリンピース,グリンピース,103,1,,0,0,0,0,0,0,0,,1,2014-11-10 17:37:46,3,2016-12-07 11:11:26,,,
53,グリンピース（冷凍）,グリンピースレイトウ,103,1,,0,0,0,0,0,0,0,,1,2014-11-10 17:37:46,12,2017-09-21 10:05:20,"",,
54,ピーナッツ,ピーナッツ,103,1,,0,0,0,0,0,0,0,,1,2014-11-10 17:37:46,3,2016-12-07 11:15:00,,,
55,金時豆,キントキマメ,103,1,,0,0,0,0,0,0,0,,1,2014-11-10 17:37:46,3,2016-12-07 11:17:43,,,
56,絹さや,キヌサヤ,103,1,,0,0,0,0,0,0,0,,1,2014-11-10 17:37:46,3,2016-12-07 11:18:28,,,
57,枝豆,エダマメ,103,1,,0,0,0,0,0,0,0,,1,2014-11-10 17:37:46,3,2016-12-07 11:20:30,,,
58,小豆,アズキ,103,1,,0,0,0,0,0,0,0,,1,2014-11-10 17:37:46,3,2016-12-07 11:21:51,,,
59,白花豆,シロハナマメ,103,1,,0,0,0,0,0,0,0,,1,2014-11-10 17:37:46,3,2016-12-07 11:23:44,,,
60,さやいんげん,サヤインゲン,103,1,,0,0,0,0,0,0,0,,1,2014-11-10 17:37:46,3,2016-12-07 11:24:24,,,
61,枝豆(豆のみ),エダマメマメノミ,103,1,,0,0,0,0,0,0,0,,1,2014-11-10 17:37:46,3,2016-12-07 11:25:43,,,
62,カシューナッツ,カシューナッツ,103,1,,0,0,0,0,0,0,0,,1,2014-11-10 17:37:46,1,2014-11-10 17:32:00,,,
63,ごぼう,ゴボウ,104,1,,0,0,0,0,0,0,0,,1,2014-11-10 17:37:46,3,2016-12-07 11:30:24,,,
64,レンコン,レンコン,104,1,,0,0,0,0,0,0,0,,1,2014-11-10 17:37:46,3,2016-12-07 11:33:05,,,
65,人参,ニンジン,104,1,,0,0,0,0,0,0,0,,1,2014-11-10 17:37:46,3,2016-12-07 11:36:34,,,
66,大根,ダイコン,104,1,,0,0,0,0,0,0,0,,1,2014-11-10 17:37:46,3,2016-12-07 11:38:10,,,
67,かぶ,カブ,104,1,,0,0,0,0,0,0,0,,1,2014-11-10 17:37:46,11,2017-12-22 15:24:42,"",,
68,さつまいも,サツマイモ,105,1,,0,0,0,0,0,0,0,,1,2014-11-10 17:37:46,3,2016-12-07 11:46:25,,,
69,じゃがいも,ジャガイモ,105,1,,0,0,0,0,0,0,0,,1,2014-11-10 17:37:46,3,2016-12-07 11:48:00,,,
70,玉ねぎ,タマネギ,105,1,,0,0,0,0,0,0,0,,1,2014-11-10 17:37:46,3,2016-12-07 11:51:28,,,
71,新玉ねぎ,シンタマネギ,105,1,,0,0,0,0,0,0,0,,1,2014-11-10 17:37:46,3,2016-12-07 11:53:23,,,
72,長芋,ナガイモ,105,1,,0,0,0,0,0,0,0,,1,2014-11-10 17:37:46,3,2016-12-07 11:56:19,,,
73,里芋,サトイモ,105,1,,0,0,0,0,0,0,0,,1,2014-11-10 17:37:46,3,2016-12-07 11:58:21,,,
74,えのき,エノキ,106,1,,0,0,0,0,0,0,0,,1,2014-11-10 17:37:46,3,2016-12-07 12:01:06,,,
75,エリンギ,エリンギ,106,1,,0,0,0,0,0,0,0,,1,2014-11-10 17:37:46,1,2015-12-18 12:39:42,,,
76,しめじ,シメジ,106,1,,0,0,0,0,0,0,0,,1,2014-11-10 17:37:46,3,2016-12-07 12:04:45,,,
77,マッシュルーム,マッシュルーム,106,1,,0,0,0,0,0,0,0,,1,2014-11-10 17:37:46,3,2016-12-07 12:07:27,,,
78,銀杏,ギンナン,106,1,,0,0,0,0,0,0,0,,1,2014-11-10 17:37:46,3,2016-12-07 12:08:58,,,
79,生きくらげ,ナマキクラゲ,106,1,,0,0,0,0,0,0,0,,1,2014-11-10 17:37:46,3,2016-12-07 12:12:59,,,
80,椎茸,シイタケ,106,1,,0,0,0,0,0,0,0,,1,2014-11-10 17:37:46,3,2016-12-07 12:14:40,,,
81,蕗,フキ,106,1,,0,0,0,0,0,0,0,,1,2014-11-10 17:37:46,3,2016-12-07 12:16:31,,,
82,筍,タケノコ,106,1,,0,0,0,0,0,0,0,,1,2014-11-10 17:37:46,1,2015-01-15 10:15:33,,,
83,筍（水煮）,タケノコミズニ,106,1,,0,0,0,0,0,0,0,,1,2014-11-10 17:37:46,5,2017-09-23 11:16:02,"",,
84,筍（茹でた物）,タケノコユデタモノ,106,1,,0,0,0,0,0,0,0,,1,2014-11-10 17:37:46,3,2016-12-07 13:03:55,,,
85,茹で筍,ユデタケノコ,106,1,,0,0,0,0,0,0,0,,1,2014-11-10 17:37:46,3,2016-12-07 13:05:30,,,
86,舞茸,マイタケ,106,1,,0,0,0,0,0,0,0,,1,2014-11-10 17:37:46,3,2016-12-07 13:08:05,,,
87,アボカド,アボカド,107,1,,0,0,0,0,0,0,0,,1,2014-11-10 17:37:46,3,2016-12-07 13:09:30,,,
88,オレンジ,オレンジ,107,1,,0,0,0,0,0,0,0,,1,2014-11-10 17:37:46,3,2016-12-07 13:11:07,,,
89,パイナップル,パイナップル,107,1,,1,1,0,0,0,0,0,,1,2014-11-10 17:37:46,3,2016-12-07 13:14:36,,,
90,ブラックオリーブ,ブラックオリーブ,107,1,,0,0,0,0,0,0,0,,1,2014-11-10 17:37:46,3,2016-12-07 13:18:21,,,
91,ブルーベリー,ブルーベリー,107,1,,0,0,0,0,0,0,0,,1,2014-11-10 17:37:46,3,2016-12-07 13:20:27,,,
92,りんご,リンゴ,107,1,,1,0,0,0,0,0,0,,1,2014-11-10 17:37:46,1,2014-11-10 17:32:00,,,
93,レモン,レモン,107,1,,0,1,0,0,0,0,0,,1,2014-11-10 17:37:46,3,2016-12-07 13:27:24,,,
94,季節の果物,キセツノクダモノ,107,1,,1,0,0,0,0,0,0,,1,2014-11-10 17:37:46,1,2014-11-10 17:32:00,,,
95,小玉スイカ,コダマスイカ,107,1,,1,0,0,0,0,0,0,,1,2014-11-10 17:37:46,3,2016-12-07 13:30:37,,,
96,かぼす,カボス,107,1,,0,0,0,0,0,0,0,,1,2014-11-10 17:37:46,1,2014-11-10 17:32:00,,,
97,栗,クリ,107,1,,1,0,0,0,0,0,0,,1,2014-11-10 17:37:46,3,2016-12-07 13:34:43,,,
98,りんごジュース,リンゴ,107,2,,1,0,0,0,0,0,0,,1,2014-11-10 17:37:46,1,2015-04-16 13:27:29,,,
99,牛ロース肉,ギュウロースニク,108,1,,0,0,0,0,0,0,0,,1,2014-11-10 17:37:46,1,2014-11-10 17:32:00,,,
100,牛ロース肉塊,ギュウロースニクカタマリ,108,1,,0,0,0,0,0,0,0,,1,2014-11-10 17:37:46,1,2014-11-10 17:32:00,,,
101,牛肉,ギュウニク,108,1,,0,0,0,0,0,0,0,,1,2014-11-10 17:37:46,1,2014-11-10 17:32:00,,,
102,牛肉切り落とし,ギュウニクキリオトシ,108,1,,0,0,0,0,0,0,0,,1,2014-11-10 17:37:46,1,2014-11-10 17:32:00,,,
103,牛肉薄切り,ギュウニクウスギリ,108,1,,0,0,0,0,0,0,0,,1,2014-11-10 17:37:46,1,2014-11-10 17:32:00,,,
104,牛ロース薄切り肉,ギュウロースウスギリニク,108,1,,0,0,0,0,0,0,0,,1,2014-11-10 17:37:46,1,2014-11-10 17:32:00,,,
105,豚ばらブロック,ブタバラブロック,109,1,,0,0,0,0,0,0,0,,1,2014-11-10 17:37:46,1,2014-11-10 17:32:00,,,
106,豚ばら肉,ブタバラニク,109,1,,0,0,0,0,0,0,0,,1,2014-11-10 17:37:46,1,2014-11-10 17:32:00,,,
107,豚ミンチ,ブタミンチ,109,1,,0,0,0,0,0,0,0,,1,2014-11-10 17:37:46,1,2014-11-10 17:32:00,,,
108,豚もも肉薄切り,ブタモモニクウスギリ,109,1,,0,0,0,0,0,0,0,,1,2014-11-10 17:37:46,1,2014-11-10 17:32:00,,,
109,豚ロース(ブロック),ブタロースブロック,109,1,,0,0,0,0,0,0,0,,1,2014-11-10 17:37:46,1,2014-11-10 17:32:00,,,
110,豚ロース薄切り,ブタロースウスギリ,109,1,,0,0,0,0,0,0,0,,1,2014-11-10 17:37:46,1,2015-03-10 11:50:54,,,
111,豚肩ロース（ブロック）,ブタカタロースブロック,109,1,,0,0,0,0,0,0,0,,1,2014-11-10 17:37:46,12,2017-09-22 13:43:04,"",,
112,豚ばら肉薄切り,ブタバラニクウスギリ,109,1,,0,0,0,0,0,0,0,,1,2014-11-10 17:37:46,1,2014-11-10 17:32:00,,,
113,豚ロース（生姜焼き用）,ブタロースショウガヤキヨウ,109,1,,0,0,0,0,0,0,0,,1,2014-11-10 17:37:46,1,2017-09-19 15:30:33,"",,
114,豚ロース（ステーキ用）,ブタロースステーキヨウ,109,1,,0,0,0,0,0,0,0,,1,2014-11-10 17:37:46,1,2017-09-19 15:37:27,"",,
115,鶏ささみ,トリササミ,110,1,,0,0,0,0,0,0,0,,1,2014-11-10 17:37:46,1,2015-06-18 16:49:29,,,
116,鶏ミンチ,トリミンチ,110,1,,0,0,0,0,0,0,0,,1,2014-11-10 17:37:46,1,2014-11-10 17:32:00,,,
117,鶏むねミンチ,トリムネミンチ,110,1,,0,0,0,0,0,0,0,,1,2014-11-10 17:37:46,1,2014-11-10 17:32:00,,,
118,鶏むね肉,トリムネニク,110,1,,0,0,0,0,0,0,0,,1,2014-11-10 17:37:46,1,2014-11-10 17:32:00,,,
119,鶏ももミンチ,トリモモミンチ,110,1,,0,0,0,0,0,0,0,,1,2014-11-10 17:37:46,1,2014-11-10 17:32:00,,,
120,鶏もも肉,トリモモニク,110,1,,0,0,0,0,0,0,0,,1,2014-11-10 17:37:46,1,2014-12-12 16:37:45,,,
121,鶏手羽中,トリテバナカ,110,1,,0,0,0,0,0,0,0,,1,2014-11-10 17:37:46,1,2014-11-10 17:32:00,,,
122,手羽先,テバサキ,110,1,,0,0,0,0,0,0,0,,1,2014-11-10 17:37:46,1,2014-11-10 17:32:00,,,
123,手羽元,テバモト,110,1,,0,0,0,0,0,0,0,,1,2014-11-10 17:37:46,1,2014-11-10 17:32:00,,,
124,ハム,ハム,111,1,,0,0,1,0,0,0,0,,1,2014-11-10 17:37:46,1,2014-11-10 17:32:00,,,
125,ブロックベーコン,ブロックベーコン,111,1,,0,0,1,0,0,0,0,,1,2014-11-10 17:37:46,1,2014-11-10 17:32:00,,,
126,ベーコン,ベーコン,111,1,,0,0,1,0,0,0,0,,1,2014-11-10 17:37:46,1,2015-12-14 14:59:01,,,
127,合挽きミンチ,アイビキミンチ,111,1,,0,0,0,0,0,0,0,,1,2014-11-10 17:37:46,1,2014-11-13 10:57:22,,,
128,薄切りハム,ウスギリハム,111,1,,0,0,1,0,0,0,0,,1,2014-11-10 17:37:46,1,2014-11-10 17:32:00,,,
129,生ハム,ナマハム,111,1,,0,0,1,0,0,0,0,,1,2014-11-10 17:37:46,1,2014-11-10 17:32:00,,,
130,スライスベーコン,スライスベーコン,111,1,,0,0,1,0,0,0,0,,1,2014-11-10 17:37:46,1,2015-04-02 14:26:10,,,
131,カジキマグロ,カジキマグロ,112,1,,0,0,0,0,0,0,0,,1,2014-11-10 17:37:46,1,2014-11-10 17:32:00,,,
132,かつお,カツオ,112,1,,0,0,0,0,0,0,0,,1,2014-11-10 17:37:46,3,2016-12-07 14:42:01,,,
133,さわら,サワラ,112,1,,0,0,0,0,0,0,0,,1,2014-11-10 17:37:46,3,2016-12-07 14:44:14,,,
134,じゃこ,ジャコ,112,1,,0,0,0,0,0,0,0,,1,2014-11-10 17:37:46,3,2016-12-07 14:49:15,,,
135,タラ切り身,タラキリミ,112,1,,0,0,0,0,0,0,0,,1,2014-11-10 17:37:46,3,2016-12-07 14:51:38,,,
136,ブリ,ブリ,112,1,,0,0,0,0,0,0,0,,1,2014-11-10 17:37:46,3,2016-12-07 14:53:23,,,
137,マグロ,マグロ,112,1,,0,0,0,0,0,0,0,,1,2014-11-10 17:37:46,5,2018-04-18 16:27:43,"",2,8
138,メカジキ,メカジキ,112,1,,0,0,0,0,0,0,0,,1,2014-11-10 17:37:46,1,2014-11-10 17:32:00,,,
139,鯵（三枚おろし済）,アジサンマイオロシ,112,1,,0,0,0,0,0,0,0,,1,2014-11-10 17:37:46,12,2017-09-25 11:43:35,"",,
140,鯵(切り身）,アジキリミ,112,1,,0,0,0,0,0,0,0,,1,2014-11-10 17:37:46,11,2017-12-07 14:21:58,"",,
141,鯵（二枚おろしの物）,アジニマイオロシ,112,1,,0,0,0,0,0,0,0,,1,2014-11-10 17:37:46,12,2017-09-20 17:00:04,"",,
142,鯵ひらき,アジヒラキ,112,1,,0,0,0,0,0,0,0,,1,2014-11-10 17:37:46,1,2014-11-10 17:32:00,,,
143,鰯,イワシ,112,1,,0,0,0,0,0,0,0,,1,2014-11-10 17:37:46,11,2017-12-22 15:35:49,"",,
144,鰯（三枚おろし済）,イワシサンマイオロシズミ,112,1,,0,0,0,0,0,0,0,,1,2014-11-10 17:37:46,12,2017-09-20 17:18:52,"",,
145,塩鮭,シオサケ,112,1,,0,0,1,0,0,0,0,,1,2014-11-10 17:37:46,3,2016-12-07 15:06:12,,,
146,鮭,サケ,112,1,,0,0,0,0,0,0,0,,1,2014-11-10 17:37:46,3,2016-12-07 15:07:37,,,
147,鯖,サバ,112,1,,0,0,0,0,0,0,0,,1,2014-11-10 17:37:46,11,2017-12-07 09:27:53,"",,
148,鯖切り身,サバキリミ,112,1,,0,0,0,0,0,0,0,,1,2014-11-10 17:37:46,11,2017-12-07 09:30:21,"",,
149,カレイ,カレイ,112,1,,0,0,0,0,0,0,0,,1,2014-11-10 17:37:46,3,2016-12-07 15:14:49,,,
150,さんま,サンマ,112,1,,0,0,0,0,0,0,0,,1,2014-11-10 17:37:46,3,2016-12-07 15:16:31,,,
151,かつお（刺身用）,カツオサシミヨウ,112,1,,0,0,0,0,0,0,0,,1,2014-11-10 17:37:46,12,2018-01-18 23:07:40,"",,
152,鯖(二枚おろしの物),サバニマイオロシ,112,1,,0,0,0,0,0,0,0,,1,2014-11-10 17:37:46,11,2017-12-07 09:30:01,"",,
153,鯖ひらき,サバニマイオロシ,112,1,,0,0,0,0,0,0,0,,1,2014-11-10 17:37:46,3,2016-12-08 09:43:01,,,
154,鰯(二枚おろしの物）,イワシニマイオロシ,112,1,,0,0,0,0,0,0,0,,1,2014-11-10 17:37:46,3,2016-12-08 09:44:23,,,
155,鰯（頭と腹を取った物）,イワシアタマトハラヲトッタモノ,112,1,,0,0,0,0,0,0,0,,1,2014-11-10 17:37:46,12,2017-09-20 17:27:25,"",,
156,鰯ひらき,イワシヒラキ,112,1,,0,0,0,0,0,0,0,,1,2014-11-10 17:37:46,3,2016-12-08 09:46:10,,,
157,鯖（三枚おろし済）,サバサンマイオロシ,112,1,,0,0,0,0,0,0,0,,1,2014-11-10 17:37:46,12,2018-01-19 21:43:56,"",,
158,さんま（三枚おろし済）,サンマサンマイオロシ,112,1,,0,0,0,0,0,0,0,,1,2014-11-10 17:37:46,1,2017-09-19 13:08:52,"",,
159,さんま(二枚おろしの物),サンマニマイオロシ,112,1,,0,0,0,0,0,0,0,,1,2014-11-10 17:37:46,3,2016-12-08 09:52:11,,,
160,さんま（頭と腹を取った物）,サンマアタマトハラヲトッタモノ,112,1,,0,0,0,0,0,0,0,,1,2014-11-10 17:37:46,12,2018-01-20 21:25:08,"",,
161,さんまひらき,サンマヒラキ,112,1,,0,0,0,0,0,0,0,,1,2014-11-10 17:37:46,3,2016-12-08 09:53:49,,,
162,白身魚（切り身）,シロミザカナキリミ,112,1,,0,0,0,0,0,0,0,,1,2014-11-10 17:37:46,12,2017-09-21 11:30:43,"",,
163,イカ,イカ,113,1,,0,0,0,0,0,0,0,,1,2014-11-10 17:37:46,3,2016-12-08 09:56:23,,,
164,いりこ,イリコ,113,1,,0,0,0,0,0,0,0,,1,2014-11-10 17:37:46,1,2014-11-10 17:32:00,,,
165,エビ,エビ,113,1,,0,0,0,0,0,0,0,,1,2014-11-10 17:37:46,1,2015-05-28 16:10:37,,,
166,シーフードミックス,シーフードミックス,113,1,,0,0,0,0,0,0,0,,1,2014-11-10 17:37:46,1,2016-01-21 13:07:59,,,
167,タコ,タコ,113,1,,0,0,0,0,0,0,0,,1,2014-11-10 17:37:46,3,2016-12-08 10:13:18,,,
168,ホタルイカ,ホタルイカ,113,1,,0,0,0,0,0,0,0,,1,2014-11-10 17:37:46,3,2016-12-08 10:16:23,,,
169,ムキエビ,ムキエビ,113,1,,0,0,0,0,0,0,0,,1,2014-11-10 17:37:46,1,2016-01-25 17:16:46,,,
170,小海老,コエビ,113,1,,0,0,0,0,0,0,0,,1,2014-11-10 17:37:46,1,2014-11-10 17:32:00,,,
171,生わかめ,ナマワカメ,113,1,,0,0,0,0,0,0,0,,1,2014-11-10 17:37:46,3,2016-12-08 10:18:24,,,
172,生鮭,ナマサケ,113,1,,0,0,0,0,0,0,0,,1,2014-11-10 17:37:46,3,2016-12-08 10:21:41,,,
173,明太子,メンタイコ,113,1,,0,0,0,0,0,0,0,,1,2014-11-10 17:37:46,3,2016-12-08 10:23:59,,,
174,昆布,コンブ,117,1,,0,0,0,0,1,0,0,,1,2014-11-10 17:37:46,5,2017-07-19 09:54:48,"",,
175,クラゲ（塩抜き済み）,クラゲシオヌキズミ,113,1,,0,0,0,0,0,0,0,,1,2014-11-10 17:37:46,12,2017-09-15 14:34:46,"",,
176,あさり（砂抜き済み）,アサリスナヌキズミ,113,1,,0,0,0,0,0,0,0,,1,2014-11-10 17:37:46,12,2017-12-04 17:02:16,"",,
177,イカ（刺身用）,イカサシミヨウ,113,1,,0,0,0,0,0,0,0,,1,2014-11-10 17:37:46,1,2017-09-19 17:15:35,"",,
178,わかめ（塩蔵）,ワカメエンゾウ,113,1,,0,0,0,0,0,0,0,,1,2014-11-10 17:37:46,12,2017-09-22 11:05:01,"",,
179,クリームコーン缶,クリームコーンカン,114,1,,1,0,0,0,0,0,0,,1,2014-11-10 17:37:46,1,2016-08-30 15:53:30,,,
180,ツナ缶,ツナカン,114,1,,0,0,0,0,0,0,0,,1,2014-11-10 17:37:46,1,2014-11-10 17:32:00,,,
181,トマト缶,トマトカン,114,1,,0,0,0,0,0,0,0,,1,2014-11-10 17:37:46,1,2015-08-24 09:43:00,,,
182,トマト水煮缶,トマトミズニカン,114,1,,0,0,0,0,0,0,0,,1,2014-11-10 17:37:46,1,2016-01-28 12:52:34,,,
183,ホタテ缶,ホタテカン,114,1,,0,0,0,0,1,0,0,,1,2014-11-10 17:37:46,1,2014-11-10 17:32:00,,,
184,茹で大豆缶,ユデダイズカン,114,1,,0,0,0,0,0,0,0,,1,2014-11-10 17:37:46,1,2015-06-16 10:17:14,,,
185,コーン缶（粒）,コーンカンツブ,114,1,,0,0,0,0,0,0,0,,1,2014-11-10 17:37:46,1,2017-09-19 13:53:43,"",,
186,金時豆水煮缶,キントキマメミズニカン,114,1,,1,0,0,0,0,0,0,,1,2014-11-10 17:37:46,1,2014-11-10 17:32:00,,,
187,うずらの卵,ウズラノタマゴ,115,1,,0,0,0,0,0,0,0,,1,2014-11-10 17:37:46,1,2014-11-10 17:32:00,,,
188,クリームチーズ,クリームチーズ,115,1,,0,0,0,0,0,0,0,,1,2014-11-10 17:37:46,1,2014-11-10 17:32:00,,,
189,ゴーダチーズ,ゴーダチーズ,115,1,,0,0,1,0,0,0,0,,1,2014-11-10 17:37:46,1,2014-11-10 17:32:00,,,
190,スモークチーズ,スモークチーズ,115,1,,0,0,1,0,0,0,0,,1,2014-11-10 17:37:46,1,2014-11-10 17:32:00,,,
191,チーズ,チーズ,115,1,,0,0,1,0,0,0,0,,1,2014-11-10 17:37:46,1,2014-11-10 17:32:00,,,
192,チーズ（ピザ用）,チーズピザヨウ,115,1,,0,0,1,0,0,0,0,,1,2014-11-10 17:37:46,12,2017-09-15 10:10:52,"",,
193,パルメザンチーズ,パルメザンチーズ,115,1,,0,0,0,0,0,0,0,,1,2014-11-10 17:37:46,1,2014-11-10 17:32:00,,,
194,プレーンヨーグルト,プレーンヨーグルト,115,1,,0,0,0,0,0,0,0,,1,2014-11-10 17:37:46,1,2015-12-16 15:39:44,,,
195,プロセスチーズ,プロセスチーズ,115,1,,0,0,0,0,0,0,0,,1,2014-11-10 17:37:46,11,2017-10-10 11:23:27,"",,
196,ヨーグルト,ヨーグルト,115,1,,0,0,0,0,0,0,0,,1,2014-11-10 17:37:46,1,2015-02-26 11:31:12,,,
197,牛乳,ギュウニュウ,115,1,,0,0,0,0,0,0,0,,1,2014-11-10 17:37:46,9,2017-05-25 09:53:44,"",,
198,卵,タマゴ,115,1,,0,0,0,0,0,0,0,,1,2014-11-10 17:37:46,3,2016-12-08 11:13:02,,,
199,卵白,ランパク,115,1,,0,0,0,0,0,0,0,,1,2014-11-10 17:37:46,3,2016-12-08 11:13:47,,,
200,モッツァレラチーズ,モッツァレラチーズ,115,1,,0,0,0,0,0,0,0,,1,2014-11-10 17:37:46,1,2014-11-10 17:32:00,,,
201,ナチュラルチーズ,ナチュラルチーズ,115,1,,0,0,0,0,0,0,0,,1,2014-11-10 17:37:46,1,2014-11-10 17:32:00,,,
202,スライスチーズ,スライスチーズ,115,1,,0,0,0,0,0,0,0,,1,2014-11-10 17:37:46,1,2014-11-10 17:32:00,,,
203,プロセスチーズ（スティック）,プロセスチーズスティック,115,1,,0,0,0,0,0,0,0,,1,2014-11-10 17:37:46,12,2017-09-20 13:42:14,"",,
204,カニかま,カニカマ,116,1,,0,0,0,0,0,0,0,,1,2014-11-10 17:37:46,1,2014-11-10 17:32:00,,,
205,かまぼこ,カマボコ,116,1,,0,0,0,0,0,0,0,,1,2014-11-10 17:37:46,1,2014-11-10 17:32:00,,,
206,さつま揚げ,サツマアゲ,116,1,,0,0,0,0,0,0,0,,1,2014-11-10 17:37:46,1,2014-11-10 17:32:00,,,
207,ちくわ,チクワ,116,1,,0,0,0,0,0,0,0,,1,2014-11-10 17:37:46,1,2014-11-10 17:32:00,,,
208,はんぺん,ハンペン,116,1,,0,0,0,0,0,0,0,,1,2014-11-10 17:37:46,1,2014-11-10 17:32:00,,,
209,アーモンドスライス,アーモンドスライス,117,1,,0,0,0,0,0,0,0,,1,2014-11-10 17:37:46,1,2014-11-10 17:32:00,,,
210,あげ,アゲ,117,1,,0,0,0,0,0,0,0,,1,2014-11-10 17:37:46,1,2014-11-10 17:32:00,,,
211,アンチョビ,アンチョビ,117,1,,0,0,1,0,1,0,0,,1,2014-11-10 17:37:46,1,2014-11-10 17:32:00,,,
212,アンチョビフィレ,アンチョビフィレ,117,1,,0,0,1,0,1,0,0,,1,2014-11-10 17:37:46,1,2014-11-10 17:32:00,,,
213,うなぎ蒲焼,ウナギカバヤキ,112,1,,0,0,0,0,0,0,0,,1,2014-11-10 17:37:46,1,2016-07-14 14:33:40,,,
214,おから,オカラ,117,1,,0,0,0,0,0,0,0,,1,2014-11-10 17:37:46,1,2014-11-10 17:32:00,,,
215,がんもどき,ガンモドキ,117,1,,0,0,0,0,0,0,0,,1,2014-11-10 17:37:46,1,2014-11-10 17:32:00,,,
216,きくらげ,キクラゲ,117,1,,0,0,0,0,0,0,0,,1,2014-11-10 17:37:46,1,2014-11-10 17:32:00,,,
217,キムチ,キムチ,117,1,,0,0,0,0,0,0,0,,1,2014-11-10 17:37:46,1,2014-11-10 17:32:00,,,
218,クルトン,クルトン,117,1,,0,0,0,0,0,0,0,,1,2014-11-10 17:37:46,1,2014-11-10 17:32:00,,,
219,こんにゃく,コンニャク,117,1,,0,0,0,0,0,0,0,,1,2014-11-10 17:37:46,1,2014-11-10 17:32:00,,,
220,そうめん,ソウメン,117,1,,0,0,0,0,0,0,0,,1,2014-11-10 17:37:46,1,2014-11-10 17:32:00,,,
221,とろろ昆布,トロロコブ,117,1,,0,0,0,0,0,0,0,,1,2014-11-10 17:37:46,1,2014-11-10 17:32:00,,,
222,のり,ノリ,117,1,,0,0,0,0,0,0,0,,1,2014-11-10 17:37:46,1,2014-11-10 17:32:00,,,
223,パスタ,パスタ,117,1,,0,0,0,0,0,0,0,,1,2014-11-10 17:37:46,1,2014-11-10 17:32:00,,,
224,パスタの茹で汁,パスタノユデジル,117,2,,0,0,0,0,0,0,0,,1,2014-11-10 17:37:46,1,2014-11-10 17:32:00,,,
225,ビーフン,ビーフン,117,1,,0,0,0,0,0,0,0,,1,2014-11-10 17:37:46,1,2014-11-10 17:32:00,,,
226,ビビン麺,ビビンメン,117,1,,0,0,0,0,0,0,0,,1,2014-11-10 17:37:46,1,2014-11-10 17:32:00,,,
227,フランスパン,フランスパン,117,1,,0,0,0,0,0,0,0,,1,2014-11-10 17:37:46,1,2014-11-10 17:32:00,,,
228,ペンネ,ペンネ,117,1,,0,0,0,0,0,0,0,,1,2014-11-10 17:37:46,1,2014-11-10 17:32:00,,,
229,ホタテ貝柱(乾燥),ホタテカイバシラカンソウ,117,1,,0,0,0,0,1,0,0,,1,2014-11-10 17:37:46,1,2014-11-10 17:32:00,,,
230,マカロニ,マカロニ,117,1,,0,0,0,0,0,0,0,,1,2014-11-10 17:37:46,1,2014-11-10 17:32:00,,,
231,ミックスベジタブル（冷凍）,ミックスベジタブルレイトウ,117,1,,0,0,0,0,0,0,0,,1,2014-11-10 17:37:46,1,2014-11-10 17:32:00,,,
232,もち米,モチゴメ,117,1,,0,0,0,0,0,0,0,,1,2014-11-10 17:37:46,1,2014-11-10 17:32:00,,,
233,もやし,モヤシ,103,1,,0,0,0,0,0,0,0,,1,2014-11-10 17:37:46,1,2015-09-28 14:37:07,,,
234,レーズン,レーズン,117,1,,1,0,0,0,0,0,0,,1,2014-11-10 17:37:46,1,2014-11-10 17:32:00,,,
235,ワンタンの皮,ワンタンノカワ,117,1,,0,0,0,0,0,0,0,,1,2014-11-10 17:37:46,1,2014-11-10 17:32:00,,,
236,乾燥ひじき,カンソウヒジキ,117,1,,0,0,0,0,0,0,0,,1,2014-11-10 17:37:46,1,2014-11-10 17:32:00,,,
237,乾燥わかめ,カンソウワカメ,117,1,,0,0,0,0,0,0,0,,1,2014-11-10 17:37:46,1,2014-11-10 17:32:00,,,
238,巻麩,マキフ,117,1,,0,0,0,0,0,0,0,,1,2014-11-10 17:37:47,1,2014-11-10 17:32:00,,,
239,干しエビ,ホシエビ,117,1,,0,0,0,0,0,0,0,,1,2014-11-10 17:37:47,1,2014-11-10 17:32:00,,,
240,干し椎茸,ホシシイタケ,117,1,,0,0,0,0,0,0,0,,1,2014-11-10 17:37:47,1,2015-12-15 13:53:45,,,
241,韓国のり,カンコクノリ,117,1,,0,0,0,0,0,0,0,,1,2014-11-10 17:37:47,1,2014-11-10 17:32:00,,,
242,厚揚げ,アツアゲ,117,1,,0,0,0,0,0,0,0,,1,2014-11-10 17:37:47,1,2014-11-10 17:32:00,,,
243,紅生姜,ベニショウガ,117,1,,0,0,1,0,0,0,0,,1,2014-11-10 17:37:47,1,2014-11-10 17:32:00,,,
244,刻み海苔,キザミノリ,117,1,,0,0,0,0,0,0,0,,1,2014-11-10 17:37:47,1,2015-06-08 10:38:03,,,
245,三色そうめん,サンショクソウメン,117,1,,0,0,0,0,0,0,0,,1,2014-11-10 17:37:47,1,2014-11-10 17:32:00,,,
246,刺身こんにゃく,サシミコンニャク,117,1,,0,0,0,0,0,0,0,,1,2014-11-10 17:37:47,1,2014-11-10 17:32:00,,,
247,糸こんにゃく,イトコンニャク,117,1,,0,0,0,0,0,0,0,,1,2014-11-10 17:37:47,1,2014-11-10 17:32:00,,,
248,糸昆布,イトコンブ,117,1,,0,0,0,0,0,0,0,,1,2014-11-10 17:37:47,1,2014-11-10 17:32:00,,,
249,春雨,ハルサメ,117,1,,0,0,0,0,0,0,0,,1,2014-11-10 17:37:47,1,2014-11-10 17:32:00,,,
250,春巻きの皮,ハルマキノカワ,117,1,,0,0,0,0,0,0,0,,1,2014-11-10 17:37:47,1,2014-11-10 17:32:00,,,
251,焼きそば,ヤキソバ,117,1,,0,0,0,0,0,0,0,,1,2014-11-10 17:37:47,1,2015-02-27 10:38:06,,,
252,焼売の皮,シュウマイノカワ,117,1,,0,0,0,0,0,0,0,,1,2014-11-10 17:37:47,1,2014-11-10 17:32:00,,,
253,生クリーム,ナマクリーム,117,1,,0,0,0,0,0,0,0,,1,2014-11-10 17:37:47,1,2015-09-14 14:36:38,,,
254,切り干し大根,キリボシダイコン,117,1,,0,0,0,0,0,0,0,,1,2014-11-10 17:37:47,1,2014-11-10 17:32:00,,,
255,切り昆布,キリコブ,117,1,,0,0,0,0,0,0,0,,1,2014-11-10 17:37:47,1,2015-02-19 10:28:37,,,
256,素焼きアーモンド,スヤキアーモンド,117,1,,0,0,0,0,0,0,0,,1,2014-11-10 17:37:47,1,2014-11-10 17:32:00,,,
257,大根おろし,ダイコンオロシ,117,1,,0,0,0,0,0,0,0,,1,2014-11-10 17:37:47,1,2014-11-10 17:32:00,,,
258,中華麺,チュウカメン,117,1,,0,0,0,0,0,0,0,,1,2014-11-10 17:37:47,1,2014-11-10 17:32:00,,,
259,豆乳,トウニュウ,117,1,,0,0,0,0,0,0,0,,1,2014-11-10 17:37:47,1,2014-11-10 17:32:00,,,
260,納豆,ナットウ,117,1,,0,0,0,0,0,0,0,,1,2014-11-10 17:37:47,1,2014-11-10 17:32:00,,,
261,梅干し,ウメボシ,117,1,,0,0,0,0,0,0,0,,1,2014-11-10 17:37:47,1,2014-11-10 17:32:00,,,
262,米,コメ,117,1,,0,0,0,0,0,0,0,,1,2014-11-10 17:37:47,1,2014-11-10 17:32:00,,,
263,木の芽,キノメ,117,1,,0,0,0,0,0,0,0,,1,2014-11-10 17:37:47,1,2014-11-10 17:32:00,,,
264,木綿豆腐,モメントウフ,117,1,,0,0,0,0,0,0,0,,1,2014-11-10 17:37:47,1,2014-11-10 17:32:00,,,
265,粒あん,ツブアン,117,1,,0,0,0,0,0,0,0,,1,2014-11-10 17:37:47,1,2014-11-10 17:32:00,,,
266,粒あん,ツブアン,117,2,,1,0,0,0,0,0,0,,1,2014-11-10 17:37:47,1,2014-11-10 17:32:00,,,
267,冷凍うどん,レイトウウドン,117,1,,0,0,0,0,0,0,0,,1,2014-11-10 17:37:47,1,2014-11-10 17:32:00,,,
268,餃子の皮,ギョウザノカワ,117,1,,0,0,0,0,0,0,0,,1,2014-11-10 17:37:47,1,2014-11-10 17:32:00,,,
269,麩,フ,117,1,,0,0,0,0,0,0,0,,1,2014-11-10 17:37:47,1,2014-11-10 17:32:00,,,
270,乾燥きくらげ,カンソウキクラゲ,117,1,,0,0,0,0,0,0,0,,1,2014-11-10 17:37:47,1,2014-11-10 17:32:00,,,
271,アーモンド,アーモンド,117,1,,0,0,0,0,0,0,0,,1,2014-11-10 17:37:47,1,2014-11-10 17:32:00,,,
272,大豆ミート(ブロック),ダイズミートブロック,117,1,,0,0,0,0,0,0,0,,1,2014-11-10 17:37:47,1,2014-11-10 17:32:00,,,
273,玄米,ゲンマイ,117,1,,0,0,0,0,0,0,0,,1,2014-11-10 17:37:47,1,2014-11-10 17:32:00,,,
274,絹ごし豆腐,キヌゴシトウフ,117,1,,0,0,0,0,0,0,0,,1,2014-11-10 17:37:47,11,2017-07-31 09:47:27,"",,
275,ショートパスタ,ショートパスタ,117,1,,0,0,0,0,0,0,0,,1,2014-11-10 17:37:47,1,2014-11-10 17:32:00,,,
276,生春巻きの皮,ナマハルマキノカワ,117,1,,0,0,0,0,0,0,0,,1,2014-11-10 17:37:47,1,2014-11-10 17:32:00,,,
277,鶏ミンチストック,トリミンチストック,118,1,,0,0,0,0,0,0,0,,1,2014-11-10 17:37:47,1,2014-11-10 17:32:00,,,
278,根菜ミックス,コンサイミックス,118,1,,0,0,0,0,0,0,0,,1,2014-11-10 17:37:47,1,2014-11-10 17:32:00,,,
279,肉団子,ニクダンゴ,118,1,,0,0,0,0,0,0,0,,1,2014-11-10 17:37:47,1,2014-11-10 17:32:00,,,
280,洋の根菜ミックス,ヨウノコンサイミックス,118,1,,0,0,0,0,0,0,0,,1,2014-11-10 17:37:47,1,2014-11-10 17:32:00,,,
281,和の根菜ミックス,ワノコンサイミックス,118,1,,0,0,0,0,0,0,0,,1,2014-11-10 17:37:47,1,2014-11-10 17:32:00,,,
282,ミートソース,ミートソース,118,1,,0,0,0,0,0,0,0,,1,2014-11-10 17:37:47,1,2014-11-10 17:32:00,,,
283,ラタトゥイユ,ラタトゥイユ,118,1,,0,0,0,0,0,0,0,,1,2014-11-10 17:37:47,1,2014-11-10 17:32:00,,,
284,塩,シオ,201,2,,0,0,1,0,0,0,0,,1,2014-11-10 17:37:47,1,2015-01-14 14:17:45,,,
285,塩麹,シオコウジ,201,2,,0,0,0,0,0,0,0,,1,2014-11-10 17:37:47,1,2014-11-10 17:32:00,,,
286,塩レモン,シオレモン,201,2,,0,0,1,0,0,0,0,,1,2014-11-10 17:37:47,1,2014-11-10 17:32:00,,,
287,こしょう,コショウ,202,2,,0,0,0,0,0,0,0,,1,2014-11-10 17:37:47,1,2014-11-10 17:32:00,,,
288,ザラメ,ザラメ,203,2,,1,0,0,0,0,0,0,,1,2014-11-10 17:37:47,1,2015-03-26 10:39:43,,,
289,砂糖,サトウ,203,2,,1,0,0,0,0,0,0,,1,2014-11-10 17:37:47,1,2014-11-10 17:32:00,,,
290,ビール,ビール,204,2,,0,0,0,0,0,0,0,,1,2014-11-10 17:37:47,1,2014-11-10 17:32:00,,,
291,みりん,ミリン,204,2,,1,0,0,0,0,0,0,,1,2014-11-10 17:37:47,1,2014-11-10 17:32:00,,,
292,酒,サケ,204,2,,0,0,0,0,0,0,0,,1,2014-11-10 17:37:47,1,2014-11-10 17:32:00,,,
293,日本酒,ニホンシュ,204,2,,0,0,0,0,0,0,0,,1,2014-11-10 17:37:47,1,2014-11-10 17:32:00,,,
294,白ワイン,シロワイン,204,2,,0,0,0,0,0,0,0,,1,2014-11-10 17:37:47,1,2014-11-10 17:32:00,,,
295,紹興酒,ショウコウシュ,204,2,,0,0,0,0,0,0,0,,1,2014-11-10 17:37:47,1,2014-11-10 17:32:00,,,
296,しょう油,ショウユ,205,2,,0,0,0,0,0,0,0,,1,2014-11-10 17:37:47,1,2014-11-10 17:32:00,,,
297,にんにく醤油,ニンニクジョウユ,205,2,,0,0,0,0,0,0,0,,1,2014-11-10 17:37:47,1,2014-11-10 17:32:00,,,
298,薄口しょう油,ウスクチショウユ,205,2,,0,0,0,0,0,0,0,,1,2014-11-10 17:37:47,1,2014-11-10 17:32:00,,,
299,コチュジャン,コチュジャン,206,2,,0,0,0,0,0,1,0,,1,2014-11-10 17:37:47,1,2014-11-10 17:32:00,,,
300,赤味噌,アカミソ,206,2,,0,0,1,0,0,0,0,,1,2014-11-10 17:37:47,1,2014-11-10 17:32:00,,,
301,甜麺醤,テンメンジャン,206,2,,0,0,0,0,0,1,0,,1,2014-11-10 17:37:47,1,2014-11-10 17:32:00,,,
302,豆板醤,トウバンジャン,206,2,,0,0,0,0,0,1,0,,1,2014-11-10 17:37:47,1,2014-11-10 17:32:00,,,
303,白味噌,シロミソ,206,2,,0,0,1,0,0,0,0,,1,2014-11-10 17:37:47,1,2014-11-10 17:32:00,,,
304,味噌,ミソ,206,2,,0,0,1,0,0,0,0,,1,2014-11-10 17:37:47,1,2014-11-10 17:32:00,,,
305,ゆずみそ,ユズミソ,206,2,,0,0,0,0,0,0,0,,1,2014-11-10 17:37:47,1,2014-11-10 17:32:00,,,
306,香酢,コウズ,207,2,,0,1,0,0,0,0,0,,1,2014-11-10 17:37:47,1,2014-11-10 17:32:00,,,
307,酢,ス,207,2,,0,1,0,0,0,0,0,,1,2014-11-10 17:37:47,1,2014-11-10 17:32:00,,,
308,りんご酢,リンゴス,207,2,,0,1,0,0,0,0,0,,1,2014-11-10 17:37:47,1,2014-11-10 17:32:00,,,
309,stillだしたれ,スティルダシタレ,208,2,,1,0,0,0,1,0,0,,1,2014-11-10 17:37:47,1,2014-11-10 17:32:00,,,
310,stillたれ,スティルタレ,208,2,,1,0,0,0,0,0,0,,1,2014-11-10 17:37:47,1,2014-11-10 17:32:00,,,
311,ウスターソース,ウスターソース,209,2,,0,0,0,0,0,0,0,,1,2014-11-10 17:37:47,1,2014-11-10 17:32:00,,,
312,オイスターソース,オイスターソース,209,2,,0,0,0,0,1,0,0,,1,2014-11-10 17:37:47,1,2014-11-10 17:32:00,,,
313,ケチャップ,ケチャップ,209,2,,0,0,0,0,0,0,0,,1,2014-11-10 17:37:47,1,2016-08-30 15:08:13,,,
314,チリソース,チリソース,209,2,,0,0,0,0,0,1,0,,1,2014-11-10 17:37:47,1,2014-11-10 17:32:00,,,
315,トマトソース,トマトソース,209,2,,0,0,0,0,0,0,0,,1,2014-11-10 17:37:47,1,2014-11-10 17:32:00,,,
316,ホワイトソース,ホワイトソース,209,2,,0,0,0,0,0,0,0,,1,2014-11-10 17:37:47,1,2014-11-10 17:32:00,,,
317,マヨネーズ,マヨネーズ,209,2,,0,0,0,0,0,0,0,,1,2014-11-10 17:37:47,1,2014-11-10 17:32:00,,,
318,水,ミズ,211,2,,0,0,0,0,0,0,0,,1,2014-11-10 17:37:47,1,2014-12-12 15:12:58,,,
319,熱湯,ネットウ,211,2,,0,0,0,0,0,0,0,,1,2014-11-10 17:37:47,1,2014-11-10 17:32:00,,,
320,カレールー,カレールー,212,2,,0,0,0,0,0,1,0,,1,2014-11-10 17:37:47,1,2014-11-10 17:32:00,,,
321,カレー粉,カレーコ,212,2,,0,0,0,0,0,1,0,,1,2014-11-10 17:37:47,1,2014-11-10 17:32:00,,,
322,ワサビ,ワサビ,212,2,,0,0,0,0,0,0,0,,1,2014-11-10 17:37:47,1,2015-03-30 12:02:06,,,
323,一味唐辛子,イチミトウガラシ,212,2,,0,0,0,0,0,1,0,,1,2014-11-10 17:37:47,1,2014-11-10 17:32:00,,,
324,七味唐辛子,シチミトウガラシ,212,2,,0,0,0,0,0,1,0,,1,2014-11-10 17:37:47,1,2014-11-10 17:32:00,,,
325,辛子,カラシ,212,2,,0,0,0,0,0,1,0,,1,2014-11-10 17:37:47,1,2014-11-10 17:32:00,,,
326,鷹の爪,タカノツメ,212,2,,0,0,0,0,0,1,0,,1,2014-11-10 17:37:47,1,2014-11-10 17:32:00,,,
327,粉辛子,コナカラシ,212,2,,0,0,0,0,0,1,0,,1,2014-11-10 17:37:47,1,2014-11-10 17:32:00,,,
328,柚子こしょう,ユズコショウ,212,2,,0,0,0,0,0,1,0,,1,2014-11-10 17:37:47,1,2015-04-07 16:08:15,,,
329,練り辛子,ネリガラシ,212,2,,0,0,0,0,0,1,0,,1,2014-11-10 17:37:47,1,2015-09-15 11:05:00,,,
330,粉山椒,コナザンショウ,212,2,,0,0,0,0,0,0,0,,1,2014-11-10 17:37:47,1,2014-11-10 17:32:00,,,
331,オリーブオイル,オリーブオイル,213,2,,0,0,0,0,0,0,0,,1,2014-11-10 17:37:47,1,2014-11-10 17:32:00,,,
332,サラダ油,サラダアブラ,213,2,,0,0,0,0,0,0,0,,1,2014-11-10 17:37:47,1,2014-11-10 17:32:00,,,
333,ラー油,ラーユ,213,2,,0,0,0,0,0,0,0,,1,2014-11-10 17:37:47,1,2014-11-10 17:32:00,,,
334,胡麻油,ゴマアブラ,213,2,,0,0,0,0,0,0,0,,1,2014-11-10 17:37:47,1,2014-11-10 17:32:00,,,
335,揚げ油,アゲアブラ,213,2,,0,0,0,0,0,0,0,,1,2014-11-10 17:37:47,1,2014-11-10 17:32:00,,,
336,コンソメ固形,コンソメコケイ,214,2,,0,0,0,0,1,0,0,,1,2014-11-10 17:37:47,1,2014-11-10 17:32:00,,,
337,コンソメ顆粒,コンソメカリュウ,214,2,,0,0,0,0,1,0,0,,1,2014-11-10 17:37:47,1,2014-11-10 17:32:00,,,
338,だし,ダシ,214,2,,0,0,0,0,0,0,0,,1,2014-11-10 17:37:47,1,2015-02-13 14:17:41,,,
339,鶏がらスープの素,トリガラスープノモト,214,2,,0,0,0,0,1,0,0,,1,2014-11-10 17:37:47,1,2014-11-10 17:32:00,,,
340,昆布だし,コブダシ,214,2,,0,0,0,0,1,0,0,,1,2014-11-10 17:37:47,1,2014-11-10 17:32:00,,,
341,白だし,シロダシ,214,2,,0,0,0,0,0,0,0,,1,2014-11-10 17:37:47,1,2014-11-10 17:32:00,,,
342,麺つゆ,メンツユ,214,2,,1,0,0,0,0,0,0,,1,2014-11-10 17:37:47,1,2015-12-14 14:21:42,,,
343,野菜スープだし,ヤサイスープダシ,214,2,,0,0,0,0,1,0,0,,1,2014-11-10 17:37:47,1,2014-11-10 17:32:00,,,
344,バター,バター,215,2,,0,0,0,0,0,0,0,,1,2014-11-10 17:37:47,1,2015-09-14 14:35:50,,,
345,ヨーグルト,ヨーグルトチョウミリョウ,215,2,,0,0,0,0,0,0,0,,1,2014-11-10 17:37:47,1,2015-06-09 11:14:21,,,
346,牛乳,ギュウニュウ,215,2,,0,0,0,0,0,0,0,,1,2014-11-10 17:37:47,9,2017-05-22 15:26:16,"",,
347,生クリーム,ナマクリームチョウミリョウ,215,2,,1,0,0,0,0,0,0,,1,2014-11-10 17:37:47,1,2015-12-15 15:02:25,,,
348,粉チーズ,コナチーズ,215,2,,0,0,0,0,0,0,0,,1,2014-11-10 17:37:47,1,2014-11-10 17:32:00,,,
349,イタリアンパセリ,イタリアンパセリ,216,2,,0,0,0,0,0,0,0,,1,2014-11-10 17:37:47,1,2014-11-10 17:32:00,,,
350,サフラン,サフラン,216,2,,0,0,0,0,0,0,0,,1,2014-11-10 17:37:47,1,2014-11-10 17:32:00,,,
351,シナモンパウダー,シナモンパウダー,216,2,,0,0,0,0,0,0,0,,1,2014-11-10 17:37:47,1,2016-02-19 12:29:16,,,
352,ドライハーブミックス,ドライハーブミックス,216,2,,0,0,0,0,0,0,0,,1,2014-11-10 17:37:47,1,2014-11-10 17:32:00,,,
353,ナツメグ,ナツメグ,216,2,,0,0,0,0,0,0,0,,1,2014-11-10 17:37:47,1,2014-11-10 17:32:00,,,
354,ハーブ,ハーブ,216,2,,0,0,0,0,0,0,0,,1,2014-11-10 17:37:47,1,2014-11-10 17:32:00,,,
355,ハーブソルト,ハーブソルト,216,2,,0,0,1,0,0,0,0,,1,2014-11-10 17:37:47,1,2014-11-10 17:32:00,,,
356,バジル,バジルハ,216,2,,0,0,0,0,0,0,0,,1,2014-11-10 17:37:47,1,2014-11-10 17:32:00,,,
357,パセリ,パセリ,216,2,,0,0,0,0,0,0,0,,1,2014-11-10 17:37:47,1,2014-11-10 17:32:00,,,
358,バルサミコ酢,バルサミコス,216,2,,0,1,0,0,0,0,0,,1,2014-11-10 17:37:47,1,2014-11-10 17:32:00,,,
359,ブーケガルニ,ブーケガルニ,216,2,,0,0,0,0,0,0,0,,1,2014-11-10 17:37:47,1,2014-11-10 17:32:00,,,
360,ブラックペッパー,ブラックペッパー,216,2,,0,0,0,0,0,0,0,,1,2014-11-10 17:37:47,1,2014-11-10 17:32:00,,,
361,ホワイトビネガー,ホワイトビネガー,216,2,,0,0,0,0,0,0,0,,1,2014-11-10 17:37:47,1,2014-11-10 17:32:00,,,
362,ホワイトペッパー,ホワイトペッパー,216,2,,0,0,0,0,0,0,0,,1,2014-11-10 17:37:47,1,2014-11-10 17:32:00,,,
363,マスタード,マスタード,216,2,,0,0,0,0,0,1,0,,1,2014-11-10 17:37:47,1,2014-11-10 17:32:00,,,
364,ローズマリー,ローズマリー,216,2,,0,0,0,0,0,0,0,,1,2014-11-10 17:37:47,1,2014-11-10 17:32:00,,,
365,ローリエ,ローリエ,216,2,,0,0,0,0,0,0,0,,1,2014-11-10 17:37:47,1,2014-11-10 17:32:00,,,
366,赤ワイン,アカワイン,216,2,,0,0,0,0,0,0,0,,1,2014-11-10 17:37:47,1,2014-11-10 17:32:00,,,
367,白ワインビネガー,シロワインビネガー,216,2,,0,0,0,0,0,0,0,,1,2014-11-10 17:37:47,1,2014-11-10 17:32:00,,,
368,粒マスタード,ツブマスタード,216,2,,0,0,0,0,0,0,0,,1,2014-11-10 17:37:47,1,2014-11-10 17:32:00,,,
369,オレガノ,オレガノ,216,2,,0,0,0,0,0,0,0,,1,2014-11-10 17:37:47,1,2014-11-10 17:32:00,,,
370,バジルペースト,バジルペースト,216,2,,0,0,0,0,0,0,0,,1,2014-11-10 17:37:47,1,2014-11-10 17:32:00,,,
371,ブイヨン,ブイヨン,216,2,,0,0,0,0,0,0,0,,1,2014-11-10 17:37:47,1,2014-11-10 17:32:00,,,
372,バジル（葉）,バジルハ,101,1,,0,0,0,0,0,0,0,,1,2014-11-10 17:37:47,12,2017-09-20 17:17:21,"",,
373,ナンプラー,ナンプラー,216,2,,0,0,0,0,0,0,0,,1,2014-11-10 17:37:47,1,2016-09-06 10:38:18,,,
374,アガー（植物ゼリーの素）,アガーショクブツゼリーノモト,217,2,,0,0,0,0,0,0,0,,1,2014-11-10 17:37:47,12,2017-09-20 15:14:36,"",,
375,インスタントコーヒー,インスタントコーヒー,217,2,,0,0,0,0,0,0,0,,1,2014-11-10 17:37:47,1,2014-11-10 17:32:00,,,
376,うま味調味料,ウマミチョウミリョウ,217,2,,0,0,0,0,1,0,0,,1,2014-11-10 17:37:47,1,2014-11-10 17:32:00,,,
377,オレンジ果汁,オレンジカジュウ,217,2,,0,0,0,0,0,0,0,,1,2014-11-10 17:37:47,1,2014-11-10 17:32:00,,,
378,かつお節,カツオブシ,217,2,,0,0,0,0,0,0,0,,1,2014-11-10 17:37:47,1,2015-01-14 14:16:32,,,
379,きな粉,キナコ,217,2,,0,0,0,0,0,0,0,,1,2014-11-10 17:37:47,1,2014-11-10 17:32:00,,,
380,グラニュー糖,グラニュートウ,217,2,,1,0,0,0,0,0,0,,1,2014-11-10 17:37:47,1,2016-08-30 16:51:22,,,
381,ココア,ココア,217,2,,0,0,0,0,0,0,0,,1,2014-11-10 17:37:47,1,2014-11-10 17:32:00,,,
382,胡麻,ゴマ,217,2,,0,0,0,0,0,0,0,,1,2014-11-10 17:37:47,1,2015-04-06 10:25:39,,,
383,すり胡麻,スリゴマ,217,2,,0,0,0,0,0,0,0,,1,2014-11-10 17:37:47,1,2015-04-06 10:21:44,,,
384,ドレッシング,ドレッシング,217,2,,0,0,0,0,0,0,0,,1,2014-11-10 17:37:47,1,2014-11-10 17:32:00,,,
385,にんにく,ニンニク,217,2,,0,0,0,0,0,0,0,,1,2014-11-10 17:37:47,1,2016-01-20 09:19:19,,,
386,はちみつ,ハチミツ,217,2,,1,0,0,0,0,0,0,,1,2014-11-10 17:37:47,1,2014-11-10 17:32:00,,,
387,パン粉,パンコ,217,2,,0,0,0,0,0,0,0,,1,2014-11-10 17:37:47,9,2017-05-26 15:08:03,"",,
388,ベーキングパウダー,ベーキングパウダー,217,2,,0,0,0,0,0,0,0,,1,2014-11-10 17:37:47,1,2014-11-10 17:32:00,,,
389,ポン酢,ポンズ,217,2,,0,1,0,0,0,0,0,,1,2014-11-10 17:37:47,1,2014-11-10 17:32:00,,,
390,メープルシロップ,メープルシロップ,217,2,,0,0,0,0,0,0,0,,1,2014-11-10 17:37:47,1,2014-11-10 17:32:00,,,
391,レモン汁,レモンジル,217,2,,0,0,0,0,0,0,0,,1,2014-11-10 17:37:47,1,2014-11-10 17:32:00,,,
392,杏仁霜,キョウニンソウ,217,2,,0,0,0,0,0,0,0,,1,2014-11-10 17:37:47,1,2014-11-10 17:32:00,,,
393,塩昆布,シオコブ,117,1,,0,0,1,0,0,0,0,,1,2014-11-10 17:37:47,1,2016-06-14 11:48:48,,,
394,黒胡麻,クロゴマ,217,2,,0,0,0,0,0,0,0,,1,2014-11-10 17:37:47,1,2015-04-24 16:02:59,,,
395,黒酢,クロズ,217,2,,0,1,0,0,0,0,0,,1,2014-11-10 17:37:47,1,2014-11-10 17:32:00,,,
396,黒蜜,クロミツ,217,2,,1,0,0,0,0,0,0,,1,2014-11-10 17:37:47,1,2014-11-10 17:32:00,,,
397,昆布茶,コブチャ,217,2,,0,0,0,0,1,0,0,,1,2014-11-10 17:37:47,1,2014-11-10 17:32:00,,,
398,生姜,ショウガ,217,2,,0,0,0,0,0,0,0,,1,2014-11-10 17:37:47,1,2015-12-15 13:54:26,,,
399,生姜汁,ショウガジル,212,2,,0,0,0,0,0,0,0,,1,2014-11-10 17:37:47,11,2017-09-22 11:49:52,"",,
400,青のり,アオノリ,217,2,,0,0,0,0,0,0,0,,1,2014-11-10 17:37:47,1,2015-10-07 14:56:28,,,
401,白胡麻,シロゴマ,217,2,,0,0,0,0,0,0,0,,1,2014-11-10 17:37:47,1,2016-04-27 11:06:56,,,
402,白玉粉,シラタマコ,217,2,,0,0,0,0,0,0,0,,1,2014-11-10 17:37:47,1,2014-11-10 17:32:00,,,
403,薄力粉,ハクリキコ,217,2,,0,0,0,0,0,0,0,,1,2014-11-10 17:37:47,1,2014-11-10 17:32:00,,,
404,粉ゼラチン,コナゼラチン,217,2,,0,0,0,0,0,0,0,,1,2014-11-10 17:37:47,1,2015-11-04 15:10:02,,,
405,片栗粉,カタクリコ,217,2,,0,0,0,0,0,0,0,,1,2014-11-10 17:37:47,1,2014-11-10 17:32:00,,,
406,柚子の皮,ユズノカワ,217,2,,0,0,0,0,0,0,0,,1,2014-11-10 17:37:47,1,2014-11-10 17:32:00,,,
407,イタリアンドレッシング,イタリアンドレッシング,217,2,,0,0,0,0,0,0,0,,1,2014-11-10 17:37:47,1,2014-11-10 17:32:00,,,
408,ふりかけ,フリカケ,217,2,,0,0,0,0,0,0,0,,1,2014-11-10 17:37:47,1,2014-11-10 17:32:00,,,
409,すり胡麻（白）,スリゴマシロ,217,2,,0,0,0,0,0,0,0,,1,2014-11-10 17:37:47,1,2015-04-06 10:22:01,,,
410,フレンチドレッシング,フレンチドレッシング,218,2,,0,0,0,0,0,0,0,,1,2014-11-10 17:37:47,1,2014-11-10 17:32:00,,,
411,合わせ酢,アワセズ,218,2,,0,1,0,0,0,0,0,,1,2014-11-10 17:37:47,1,2014-11-10 17:32:00,,,
412,合わせドレッシング,アワセドレッシング,218,2,,0,0,0,0,0,0,0,,1,2014-11-10 17:37:47,1,2014-11-10 17:32:00,,,
413,ザーサイ,ザーサイ,101,1,,0,0,1,0,0,0,0,,1,2014-11-13 19:50:10,1,2016-11-11 00:00:00,,,
414,フィットチーネ,フィットチーネ,117,1,,0,0,0,0,0,0,0,,1,2014-11-13 20:47:25,1,2016-11-11 00:00:00,,,
415,紫玉ねぎ,ムラサキタマネギ,105,1,,0,0,0,0,0,0,0,,1,2014-11-13 21:05:17,1,2016-11-11 00:00:00,,,
416,ピクルス,ピクルス,117,1,,0,0,1,0,0,0,0,,1,2014-12-02 13:49:30,1,2016-11-11 00:00:00,,,
417,コーンフレーク,コーンフレーク,217,2,,0,0,0,0,0,0,0,,1,2014-12-02 13:51:10,1,2016-11-11 00:00:00,,,
418,鶏手羽元,トリテバモト,110,1,,0,0,0,0,0,0,0,,1,2014-12-02 14:01:35,1,2016-11-11 00:00:00,,,
419,カレイ(切り身),カレイキリミ,112,1,,0,0,0,0,0,0,0,,1,2014-12-10 11:58:46,1,2016-11-11 00:00:00,,,
420,ホタテ貝柱（刺身用）,ホタテカイバシラサシミヨウ,113,1,,0,0,0,0,0,0,0,,1,2014-12-10 15:43:14,12,2017-09-25 15:32:44,"",,
421,サーモン（刺身用）,サーモンサシミヨウ,112,1,,0,0,0,0,0,0,0,,1,2014-12-10 15:44:25,12,2017-09-25 15:33:23,"",,
422,キウイ,キウイ,102,1,,1,0,0,0,0,0,0,,1,2014-12-10 15:58:19,1,2016-11-11 00:00:00,,,
423,黒豆,クロマメ,103,1,,1,0,0,0,0,0,0,,1,2014-12-12 14:33:53,1,2016-11-11 00:00:00,,,
424,ブランデー,ブランデー,204,2,,0,0,0,0,0,0,0,,1,2014-12-12 14:36:20,1,2016-11-11 00:00:00,,,
425,田作り,タツクリ,117,1,,0,0,0,0,0,0,0,,1,2014-12-12 14:39:01,1,2016-11-11 00:00:00,,,
426,くちなしの実,クチナシノミ,217,1,,0,0,0,0,0,0,0,,1,2014-12-12 14:44:01,1,2016-11-11 00:00:00,,,
427,さきイカ,サキイカ,117,1,,0,0,0,0,1,0,0,,1,2014-12-12 14:46:03,1,2014-12-18 10:49:09,,,
428,数の子,カズノコ,117,1,,0,0,0,0,0,0,0,,1,2014-12-12 14:47:02,1,2016-11-11 00:00:00,,,
429,かまぼこ（紅）,カマボコアカ,117,1,,0,0,0,0,0,0,0,,1,2014-12-12 14:49:16,12,2018-01-18 15:38:20,"",,
430,栗（甘露煮）,クリカンロニ,117,1,,1,0,0,0,0,0,0,,1,2014-12-12 16:53:10,12,2017-09-25 16:18:40,"",,
431,細切り昆布,ホソギリコンブ,217,1,,0,0,0,0,1,0,0,,1,2014-12-18 10:47:50,1,2016-11-11 00:00:00,,,
432,煮干し,ニボシ,214,2,,0,0,0,0,0,0,0,,1,2015-01-14 14:06:01,1,2016-11-11 00:00:00,,,
433,ごぼう巻き,ゴボウマキ,116,1,,0,0,0,0,0,0,0,,1,2015-01-14 14:07:24,1,2016-11-11 00:00:00,,,
434,牡蠣,カキ,112,1,,0,0,0,0,0,0,0,,1,2015-01-15 10:42:24,1,2016-11-11 00:00:00,,,
435,鷹の爪（カット済み）,タカノツメカットズミ,212,2,,0,0,0,0,0,1,0,,1,2015-01-20 11:54:52,12,2017-09-21 16:54:43,"",,
436,カリフラワー,カリフラワー,101,1,,0,0,0,0,0,0,0,,1,2015-02-03 15:56:52,1,2015-05-29 10:36:00,,,
496,合わせ味噌,アワセミソ,206,2,,0,0,0,0,0,0,0,,1,2015-11-13 13:42:01,1,2016-03-02 13:13:37,,,
437,牛肩ロース肉,ギュウカタロースニク,108,1,,0,0,0,0,0,0,0,,1,2015-02-09 10:52:15,1,2016-11-11 00:00:00,,,
438,デミグラスソース缶,デミグラスソースカン,114,2,,0,0,0,0,0,0,0,,1,2015-02-09 10:54:00,1,2016-11-11 00:00:00,,,
439,小エビ,ショウエビ,112,1,,0,0,0,0,0,0,0,,1,2015-02-09 12:14:07,1,2016-11-11 00:00:00,,,
440,鯵（切り身）,アジノキリミ,112,1,,0,0,0,0,0,0,0,,1,2015-02-12 20:55:01,11,2017-12-07 14:21:46,"",,
441,実山椒,ミザンショウ,212,2,,0,0,0,0,0,0,0,,1,2015-02-13 14:14:01,1,2015-05-08 13:08:54,,,
442,生鮭,ナマジャケ,112,1,,0,0,0,0,0,0,0,,1,2015-02-25 13:32:25,1,2015-12-15 15:02:52,,,
443,赤唐辛子,アカトウガラシ,101,1,,0,0,0,0,0,0,0,,1,2015-02-25 13:45:26,1,2016-11-11 00:00:00,,,
444,チリペッパー,チリペッパー,217,2,,0,0,0,0,0,0,0,,1,2015-02-26 11:37:02,1,2016-11-11 00:00:00,,,
445,クミンシード,クミンシード,216,2,,0,0,0,0,0,0,0,,1,2015-02-26 11:37:59,1,2016-11-11 00:00:00,,,
446,うどん,ウドン,117,1,,0,0,0,0,0,0,0,,1,2015-02-26 13:59:55,1,2016-11-11 00:00:00,,,
447,湯,ユ,211,2,,0,0,0,0,0,0,0,,1,2015-02-26 14:03:37,1,2015-02-27 09:54:19,,,
448,紅茶葉,コウチャバ,217,2,,0,0,0,0,0,0,0,,1,2015-02-27 10:09:56,1,2016-11-11 00:00:00,,,
449,牛肩ロース肉塊,ギュウカタロースニクカタマリ,108,1,,0,0,0,0,0,0,0,,1,2015-02-27 10:20:41,1,2016-11-11 00:00:00,,,
450,ブロッコリー小房,ブロッコリーコフサ,101,1,,0,0,0,0,0,0,0,,1,2015-02-27 10:23:38,1,2015-02-27 11:36:40,,,
451,タコ(生食用),タコナマショクヨウ,113,1,,0,0,0,0,0,0,0,,1,2015-03-03 13:44:29,1,2016-11-11 00:00:00,,,
452,豚ばら肉薄切り（しゃぶしゃぶ用）,ブタバラニクシャブシャブヨウ,109,1,,0,0,0,0,0,0,0,,1,2015-03-03 14:34:50,1,2017-09-19 10:07:41,"",,
453,ミックスサラダ,ミックスサラダ,101,1,,0,0,0,0,0,0,0,,1,2015-03-05 11:01:31,1,2016-11-11 00:00:00,,,
454,大豆水煮,ダイズミズニ,117,1,,0,0,0,0,0,0,0,,1,2015-03-11 14:19:26,11,2017-10-30 16:59:04,"",,
455,茹でタコ（生食用）,ユデタコナマショクヨウ,113,1,,0,0,0,0,0,0,0,,1,2015-03-23 11:15:54,12,2017-09-26 14:16:30,"",,
456,豚肉こま切れ,ブタニクコマギレ,109,1,,0,0,0,0,0,0,0,,1,2015-03-24 10:55:08,1,2016-11-11 00:00:00,,,
457,白胡麻ペースト,シロゴマペースト,116,2,,0,0,0,0,0,0,0,,1,2015-03-25 14:12:31,1,2016-02-26 14:56:16,,,
458,いり胡麻,イリゴマ,217,2,,0,0,0,0,0,0,0,,1,2015-03-25 14:57:38,1,2015-04-06 10:22:16,,,
459,ごはん,ゴハン,117,1,,0,0,0,0,0,0,0,,1,2015-03-26 09:52:34,3,2017-03-09 10:50:25,"",,
460,ちりめんじゃこ,チリメンジャコ,112,1,,0,0,0,0,0,0,0,,1,2015-03-26 10:54:57,1,2016-11-11 00:00:00,,,
461,赤唐辛子,アカトウガラシチョウミリョウ,212,2,,0,0,0,0,0,0,0,,1,2015-04-02 15:33:17,1,2016-11-11 00:00:00,,,
462,トマト水煮缶（カットトマト）,トマトミズニカンカットトマト,114,1,,0,0,0,0,0,0,0,,1,2015-04-02 15:43:57,12,2018-01-19 21:15:52,"",,
463,ウインナー,ウインナー,111,1,,0,0,0,0,0,0,0,,1,2015-04-07 15:36:14,1,2016-11-11 00:00:00,,,
464,豚ばら肉（焼肉用）,ブタバラニクヤキニクヨウ,109,1,,0,0,0,0,0,0,0,,1,2015-04-09 12:35:11,12,2017-09-26 16:02:01,"",,
465,黒こしょう,クロコショウ,202,2,,0,0,0,0,0,0,0,,1,2015-04-09 12:35:46,1,2016-11-11 00:00:00,,,
466,ベビーチーズ,ベビーチーズ,115,1,,0,0,0,0,0,0,0,,1,2015-04-10 11:16:30,1,2016-11-11 00:00:00,,,
467,かつおだし（顆粒）,カツオダシカリュウ,214,2,,0,0,0,0,0,0,0,,1,2015-04-20 10:54:48,12,2018-01-18 16:38:16,"",,
468,ゆかり,ユカリ,217,2,,0,0,0,0,0,0,0,,1,2015-04-24 15:56:05,1,2016-11-11 00:00:00,,,
469,かます,カマス,112,1,,0,0,0,0,0,0,0,,1,2015-05-08 14:12:52,1,2016-11-11 00:00:00,,,
470,スペアリブ,スペアリブ,108,1,,0,0,0,0,0,0,0,,1,2015-05-08 15:30:35,1,2016-11-11 00:00:00,,,
471,あなご,アナゴ,112,1,,0,0,0,0,0,0,0,,1,2015-05-28 15:40:28,1,2015-06-29 09:52:33,,,
472,そら豆,ソラマメ,103,1,,0,0,0,0,0,0,0,,1,2015-05-29 10:16:13,1,2016-04-20 11:43:03,,,
473,ツナ缶（小）,ツナカンショウ,117,1,,0,0,0,0,0,0,0,,1,2015-06-29 15:04:54,1,2017-09-19 16:36:56,"",,
474,太刀魚,タチウオ,112,1,,0,0,0,0,0,0,0,,1,2015-07-07 16:43:02,1,2016-11-11 00:00:00,,,
475,白菜キムチ,ハクサイキムチ,117,1,,0,0,0,0,0,1,0,,1,2015-09-14 12:26:06,1,2016-11-11 00:00:00,,,
476,塩鮭（甘塩）,シオサケアマジオ,112,1,,0,0,1,0,0,0,0,,1,2015-09-14 12:58:39,12,2018-01-12 10:55:47,"",,
477,卵黄,ランオウ,115,1,,0,0,0,0,0,0,0,,1,2015-09-14 14:12:44,1,2016-11-11 00:00:00,,,
478,玉子豆腐,タマゴドウフ,117,1,,0,0,0,0,0,0,0,,1,2015-09-14 14:43:43,1,2016-11-11 00:00:00,,,
479,トマトジュース,トマトジュース,117,1,,0,1,0,0,0,0,0,,1,2015-09-15 13:32:51,1,2015-12-15 12:39:30,,,
480,ブリ(刺身用),ブリサシミヨウ,112,1,,0,0,0,0,0,0,0,,1,2015-09-15 13:52:56,1,2016-11-11 00:00:00,,,
481,練りわさび,ネリワサビ,212,2,,0,0,0,0,0,1,0,,1,2015-09-15 14:21:26,1,2016-11-11 00:00:00,,,
482,粗挽き黒こしょう,アラビキクロコショウ,202,2,,0,0,0,0,0,1,0,,1,2015-09-25 14:39:24,1,2016-11-11 00:00:00,,,
483,にんにくの芽,ニンニクノメ,101,1,,0,0,0,0,1,0,0,,1,2015-09-30 16:18:31,1,2016-11-11 00:00:00,,,
484,コーン缶（粒 小缶）,コーンカンツブショウカン,114,1,,0,0,0,0,0,0,0,,1,2015-10-01 15:29:31,12,2018-01-18 19:50:02,"",,
485,エビ（無頭）,エビムトウ,113,1,,0,0,0,0,0,0,0,,1,2015-10-07 15:22:09,12,2017-12-27 20:44:18,"",,
486,切り餅,キリモチ,117,1,,0,0,0,0,0,0,0,,1,2015-10-19 13:01:32,1,2015-12-09 13:25:11,,,
487,せり,セリ,101,1,,0,0,0,1,0,0,0,,1,2015-10-19 13:05:50,1,2016-11-11 00:00:00,,,
488,サラダ菜,サラダナ,101,1,,0,0,0,0,0,0,0,,1,2015-10-28 16:12:41,1,2016-11-11 00:00:00,,,
489,茹であずき,ユデアズキ,117,1,,1,0,0,0,0,0,0,,1,2015-11-04 14:52:24,1,2016-11-11 00:00:00,,,
490,食パン（6枚切り）,ショクパンロクマイギリ,117,1,,0,0,0,0,0,0,0,,1,2015-11-05 13:22:56,12,2018-01-15 18:10:09,"",,
491,スライスチーズ（とろけるタイプ）,スライスチーズトロケルタイプ,115,1,,0,0,0,0,0,0,0,,1,2015-11-05 15:14:52,12,2018-01-16 18:50:27,"",,
492,味付きもずく,アジツキモズク,113,1,,0,0,0,0,0,0,0,,1,2015-11-05 15:35:55,1,2016-11-11 00:00:00,,,
493,ザーサイ（瓶詰め）,ザーサイビンヅメ,117,1,,0,0,0,0,0,1,0,,1,2015-11-06 15:40:00,12,2018-01-16 19:29:23,"",,
494,しじみ（砂抜き済み）,シジミスナヌキズミ,113,1,,0,0,0,0,0,0,0,,1,2015-11-11 13:34:23,12,2018-01-16 20:48:22,"",,
495,クレソン,クレソン,101,1,,0,0,0,0,0,1,0,,1,2015-11-11 14:51:15,1,2016-11-11 00:00:00,,,
497,鶏肉の皮,トリニクノカワ,110,1,,0,0,0,0,0,0,0,,1,2015-11-19 16:45:39,1,2016-11-11 00:00:00,,,
498,焼きそばソース,ヤキソバソース,209,2,,0,0,0,0,0,0,0,,1,2015-11-26 15:46:47,1,2016-11-11 00:00:00,,,
499,ドライパセリ,ドライパセリ,216,2,,0,0,0,0,0,0,0,,1,2015-11-27 11:13:26,1,2016-11-11 00:00:00,,,
500,カニ缶(小),カニカンショウ,114,1,,0,0,0,0,0,0,0,,1,2015-12-03 13:35:47,1,2016-11-11 00:00:00,,,
501,おろしチーズ,オロシチーズ,115,1,,0,0,0,0,0,0,0,,1,2015-12-04 10:03:02,1,2016-11-11 00:00:00,,,
502,チキンスープ,チキンスープ,214,2,,0,0,0,0,0,0,0,,1,2015-12-04 10:04:00,1,2015-12-04 10:17:25,,,
503,フィッセル（フランスパン）薄切り,フィッセルフランスパンウスギリ,117,1,,0,0,0,0,0,0,0,,1,2015-12-04 10:04:46,1,2015-12-04 14:07:56,,,
504,フルーツトマト,フルーツトマト,102,1,,0,0,0,0,0,0,0,,1,2015-12-04 10:05:24,1,2016-11-11 00:00:00,,,
505,白身魚の骨,シロミサカナノホネ,112,1,,0,0,0,0,0,0,0,,1,2015-12-04 10:21:04,1,2016-11-11 00:00:00,,,
506,香草野菜,コウソウヤサイ,101,1,,0,0,0,0,0,0,0,,1,2015-12-04 10:21:46,1,2016-11-11 00:00:00,,,
507,魚のブイヨン,サカナノブイヨン,214,2,,0,0,0,0,0,0,0,,1,2015-12-04 10:22:19,1,2016-11-11 00:00:00,,,
508,シャンパーニュ,シャンパーニュ,216,2,,0,0,0,0,0,0,0,,1,2015-12-04 10:23:17,1,2016-11-11 00:00:00,,,
509,クラッカー,クラッカー,117,1,,0,0,0,0,0,0,0,,1,2015-12-04 10:24:00,1,2016-11-11 00:00:00,,,
510,平目の切り身,ヒラメノキリミ,112,1,,0,0,0,0,0,0,0,,1,2015-12-04 10:24:40,1,2016-11-11 00:00:00,,,
511,帆立貝,ホタテガイ,113,1,,0,0,0,0,0,0,0,,1,2015-12-04 10:25:31,1,2016-11-11 00:00:00,,,
512,小麦粉（強力粉）,コムギコキョウリキコ,217,2,,0,0,0,0,0,0,0,,1,2015-12-04 10:54:42,12,2018-01-18 13:25:46,"",,
513,冷水,レイスイ,211,2,,0,0,0,0,0,0,0,,1,2015-12-04 10:55:21,1,2015-12-04 11:20:20,,,
514,牛フィレ肉,ギュウフィレニク,108,1,,0,0,0,0,0,0,0,,1,2015-12-04 10:56:12,1,2016-11-11 00:00:00,,,
515,フォワ・グラ,フォワグラ,111,1,,0,0,0,0,0,0,0,,1,2015-12-04 10:57:54,1,2015-12-04 10:58:15,,,
516,フィユタージュラピッド,フィユタージュラピッド,117,1,,0,0,0,0,0,0,0,,1,2015-12-04 10:59:13,1,2016-11-11 00:00:00,,,
517,サラダオイル,サラダオイル,213,2,,0,0,0,0,0,0,0,,1,2015-12-04 11:00:38,1,2015-12-04 11:19:45,,,
518,ドゥミグラスソース,ドゥミグラスソース,209,2,,0,0,0,0,0,0,0,,1,2015-12-04 11:01:12,1,2016-11-11 00:00:00,,,
519,エシャロット,エシャロット,104,1,,0,0,0,0,0,0,0,,1,2015-12-04 11:02:20,1,2016-11-11 00:00:00,,,
520,マデラワイン,マデラワイン,216,2,,0,0,0,0,0,0,0,,1,2015-12-04 11:02:57,1,2015-12-04 11:24:41,,,
521,胡椒,コショウカンジ,212,2,,0,0,0,0,0,0,0,,1,2015-12-04 11:04:56,1,2016-11-11 00:00:00,,,
522,もち菜,モチナ,101,1,,0,0,0,0,0,0,0,,1,2015-12-09 11:26:35,1,2016-11-11 00:00:00,,,
523,丸餅,マルモチ,117,1,,0,0,0,0,0,0,0,,1,2015-12-09 13:24:55,1,2016-11-11 00:00:00,,,
524,溶き辛子,トキガラシ,212,2,,0,0,0,0,0,1,0,,1,2015-12-09 13:28:31,1,2016-11-11 00:00:00,,,
525,焼きアゴ,ヤキアゴ,112,1,,0,0,0,0,0,0,0,,1,2015-12-09 14:22:12,1,2016-11-11 00:00:00,,,
526,出汁,ダシカンジ,214,2,,0,0,0,0,1,0,0,,1,2015-12-09 14:24:04,1,2016-11-11 00:00:00,,,
527,水(出汁用),ミズダシヨウ,211,1,,0,0,0,0,0,0,0,,1,2015-12-11 14:17:58,1,2016-11-11 00:00:00,,,
528,聖護院かぶ,ショウゴインカブ,104,1,,0,0,0,0,0,0,0,,1,2015-12-14 13:21:29,1,2016-11-11 00:00:00,,,
529,中華だし（顆粒）,チュウカダシカリュウ,214,2,,0,0,0,0,1,0,0,,1,2015-12-14 13:22:50,12,2018-01-18 16:04:06,"",,
530,聖護院大根,ショウゴインダイコン,104,1,,0,0,0,0,0,0,0,,1,2015-12-14 13:24:14,1,2016-11-11 00:00:00,,,
531,柚子,ユズ,102,1,,0,0,0,0,0,0,0,,1,2015-12-14 13:25:46,1,2016-11-11 00:00:00,,,
532,だしの素,ダシノモト,214,2,,0,0,0,0,1,0,0,,1,2015-12-14 13:27:18,1,2016-11-11 00:00:00,,,
533,海老芋,エビイモ,104,1,,0,0,0,0,0,0,0,,1,2015-12-14 13:28:07,1,2016-11-11 00:00:00,,,
534,味付け海苔,アジツケノリ,117,1,,0,0,0,0,0,0,0,,1,2015-12-14 13:28:57,1,2016-11-11 00:00:00,,,
535,金時人参,キントキニンジン,104,1,,0,0,0,0,0,0,0,,1,2015-12-14 13:30:53,1,2016-11-11 00:00:00,,,
536,黒板こんにゃく,クロイタコンニャク,117,1,,0,0,0,0,0,0,0,,1,2015-12-14 13:32:33,1,2016-11-11 00:00:00,,,
537,京セリ,キョウセリ,101,1,,0,0,0,1,0,0,0,,1,2015-12-14 13:34:48,1,2016-11-11 00:00:00,,,
538,九条ネギ,クジョウネギ,101,1,,0,0,0,0,0,0,0,,1,2015-12-14 13:36:20,1,2016-11-11 00:00:00,,,
539,堀川ごぼう,ホリカワゴボウ,104,1,,0,0,0,0,0,0,0,,1,2015-12-14 13:37:32,1,2016-11-11 00:00:00,,,
540,しろ菜,シロナ,101,1,,0,0,0,0,0,0,0,,1,2015-12-14 13:39:27,11,2017-12-04 11:48:28,"",,
541,ぶなしめじ,ブナシメジ,106,1,,0,0,0,0,0,0,0,,1,2015-12-14 13:40:17,11,2017-12-04 11:46:17,"",,
542,壬生菜,ミブナ,101,1,,0,0,0,0,0,0,0,,1,2015-12-14 13:41:23,11,2017-12-04 11:45:19,"",,
543,いちご,イチゴ,107,1,,1,1,0,0,0,0,0,,1,2015-12-16 15:39:01,11,2017-12-04 11:44:07,"",,
544,天かす,テンカス,117,1,,0,0,0,0,0,0,0,,1,2015-12-22 14:36:31,1,2016-11-11 00:00:00,,,
545,麺つゆ（3倍濃縮タイプ）,メンツユサンバイノウシュクタイプ,214,2,,0,0,0,0,1,0,0,,1,2015-12-22 16:57:21,12,2018-01-20 20:28:24,"",,
546,スイートチョコレート（製菓用）,スイートチョコレートセイカヨウ,117,1,,1,0,0,0,0,0,0,,1,2016-01-12 12:56:01,12,2018-01-18 17:54:36,"",,
547,ざらめ,ザラメヒラガナ,203,2,,1,0,0,0,0,0,0,,1,2016-01-12 14:50:52,1,2016-11-11 00:00:00,,,
548,パプリカパウダー,パプリカパウダー,212,2,,0,0,0,0,0,0,0,,1,2016-01-21 11:04:31,1,2016-11-11 00:00:00,,,
549,鶏手羽先,トリテバサキ,110,1,,0,0,0,0,0,0,0,,1,2016-01-21 11:37:38,1,2016-11-11 00:00:00,,,
550,オレンジマーマレード,オレンジマーマレード,117,1,,0,0,0,0,0,0,0,,1,2016-01-21 11:41:16,1,2016-11-11 00:00:00,,,
551,焼き豆腐,ヤキドウフ,117,1,,0,0,0,0,0,0,0,,1,2016-01-21 15:55:19,1,2016-11-11 00:00:00,,,
552,牛もも肉（焼肉用）,ギュウモモニクヤキニクヨウ,108,1,,0,0,0,0,0,0,0,,1,2016-01-25 15:28:43,12,2018-01-18 18:46:52,"",,
553,ヤングコーン（水煮）,ヤングコーンミズニ,114,1,,0,0,0,0,0,0,0,,1,2016-01-25 15:33:57,12,2018-01-18 18:47:09,"",,
554,豚もも肉（しゃぶしゃぶ用）,ブタモモニクシャブシャブヨウ,109,1,,0,0,0,0,0,0,0,,1,2016-01-27 15:54:44,12,2018-01-18 19:20:20,"",,
555,カマンベールチーズ,カマンベールチーズ,115,1,,0,0,0,0,0,0,0,,1,2016-01-28 13:16:51,1,2016-11-11 00:00:00,,,
556,ホタテ水煮缶詰（小）,ホタテミズニカンヅメショウ,114,1,,0,0,0,0,1,0,0,,1,2016-01-28 16:44:39,12,2018-01-18 19:41:46,"",,
557,パルスイート,パルスイート,203,2,,1,0,0,0,0,0,0,,1,2016-02-29 14:04:05,1,2016-11-11 00:00:00,,,
558,甘酒,アマザケ,204,2,,1,0,0,0,1,0,0,,1,2016-03-02 14:33:09,1,2016-11-11 00:00:00,,,
559,(茹で)うどん,ユデウドン,117,1,,0,0,0,0,0,0,0,,1,2016-03-11 11:06:40,1,2016-11-11 00:00:00,,,
560,バジルソース,バジルソース,216,2,,0,0,0,0,0,0,0,,1,2016-06-01 10:11:14,1,2016-11-11 00:00:00,,,
561,大豆水煮缶,ダイズミズニカン,114,1,,0,0,0,0,0,0,0,,1,2016-08-29 11:36:08,1,2016-08-29 11:37:34,,,
562,ココナツミルク,ココナツミルク,117,1,,1,0,0,0,0,0,0,,1,2016-08-29 23:07:46,1,2016-10-02 15:38:42,,,
563,レモングラス,レモングラス,217,2,,0,0,0,0,0,0,0,,1,2016-08-29 23:13:23,1,2016-08-30 17:14:21,,,
564,ライム,ライム,101,1,,0,0,0,0,0,0,0,,1,2016-08-29 23:14:21,1,2016-11-11 00:00:00,,,
565,金時豆水煮,キントキマメミズニ,103,1,,0,0,0,0,0,0,0,,1,2016-08-30 09:26:34,1,2016-11-11 00:00:00,,,
566,牛バラ肉塊,ギュウバラニクブロック,108,1,,0,0,0,0,0,0,0,,1,2016-08-30 15:04:15,1,2016-11-11 00:00:00,,,
567,アリアケデミグラスソース,アリアケデミグラスソース,114,2,,0,0,0,0,0,0,0,,1,2016-08-30 15:06:23,1,2016-08-30 15:28:36,,,
568,アリアケデミグラスソース10,アリアケデミソース,209,1,,0,0,0,0,0,0,0,,1,2016-08-30 15:26:55,1,2016-11-11 00:00:00,,,
569,ホールコーン缶,ホールコーンカン,114,1,,0,0,0,0,0,0,0,,1,2016-08-30 16:13:21,1,2016-11-11 00:00:00,,,
570,ミックスビーンズ,ミックスビーンズ,114,1,,0,0,0,0,0,0,0,,1,2016-08-30 16:23:57,1,2016-11-11 00:00:00,,,
571,ダイストマト,ダイストマト,114,1,,0,0,0,0,0,0,0,,1,2016-08-30 16:25:49,1,2016-11-11 00:00:00,,,
572,バニラビーンズ,バニラビーンズ,212,2,,0,0,0,0,0,0,0,,1,2016-08-30 16:42:35,1,2016-11-11 00:00:00,,,
573,グリーンカレーペースト,グリーンカレーペースト,218,2,,0,0,0,0,0,0,0,,1,2016-08-31 13:58:15,1,2016-11-11 00:00:00,,,
574,むき栗,ムキグリ,107,1,,0,0,0,0,0,0,0,,1,2016-09-16 14:11:54,1,2016-09-21 08:49:55,,,
575,スイートチリソース,スイートチリソース,209,2,,0,0,0,0,0,0,0,,1,2016-09-28 14:47:56,1,2016-11-11 00:00:00,,,
576,シーズニングソース,シーズニングソース,209,2,,0,0,0,0,0,0,0,,1,2016-09-28 15:02:43,1,2016-11-11 00:00:00,,,
577,豆苗,トウミョウ,101,1,,0,0,0,0,0,0,0,,1,2016-09-28 15:19:15,1,2016-11-11 00:00:00,,,
578,ココナッツパウダー,ココナッツパウダー,217,2,,0,0,0,0,0,0,0,,1,2016-09-28 15:37:05,1,2016-11-11 00:00:00,,,
579,サイダー,サイダー,117,1,,0,0,0,0,0,0,0,,1,2016-09-28 15:54:28,1,2016-11-11 00:00:00,,,
580,スペアミント,スペアミント,101,1,,0,0,0,0,0,0,0,,1,2016-09-28 16:08:16,1,2016-11-11 00:00:00,,,
581,タピオカ,タピオカ,117,1,,0,0,0,0,0,0,0,,1,2016-09-28 16:14:10,1,2016-11-11 00:00:00,,,
582,カッテージチーズ,カッテージチーズ,115,1,,0,0,0,0,0,0,0,,1,2016-09-29 10:08:58,1,2016-11-11 00:00:00,,,
583,スナップえんどう,スナップエンドウ,103,1,,0,0,0,0,0,0,0,,1,2016-09-29 11:09:28,11,2017-12-04 11:41:53,"",,
584,あさり水煮缶,アサリミズニカン,114,1,,0,0,0,0,0,0,0,,1,2016-09-29 12:06:40,1,2016-11-11 00:00:00,,,
585,ビーツ缶,ビーツカン,114,1,,0,0,0,0,0,0,0,,3,2016-11-28 13:22:17,3,2016-11-28 13:23:49,,,
586,サワークリーム,サワークリーム,115,1,,0,0,0,0,0,0,0,,3,2016-11-28 13:32:55,3,2016-11-28 13:32:55,,,
587,湯葉（乾燥）,ユバカンソウ,117,1,,0,0,0,0,0,0,0,,3,2016-11-28 15:09:09,12,2018-01-19 21:08:46,"",,
588,クコの実,クコノミ,117,1,,0,0,0,0,0,0,0,,3,2016-11-28 15:13:41,3,2016-11-28 15:13:41,,,
589,ユズ茶,ユズチャ,114,1,,0,0,0,0,0,0,0,,3,2016-11-28 15:58:29,3,2016-11-28 15:58:29,,,
590,そば粉,ソバコ,217,1,,0,0,0,0,0,0,0,,3,2016-11-28 16:26:32,3,2016-11-28 16:26:32,,,
591,鮭フレーク,サケフレーク,117,1,,0,0,0,0,0,0,0,,3,2016-11-28 16:30:20,3,2016-11-28 16:30:20,,,
592,紅茶,コウチャ,217,1,,0,0,0,0,0,0,0,,3,2016-11-28 16:43:43,3,2016-11-28 16:43:43,,,
593,ドライクランベリー,ドライクランベリー,117,1,,0,0,0,0,0,0,0,,3,2016-11-28 16:45:21,3,2016-11-28 16:45:21,,,
594,ミント,ミント,101,1,,0,0,0,0,0,0,0,,3,2016-11-28 16:50:05,3,2016-11-28 16:50:05,,,
595,金目鯛,キンメダイ,112,1,,0,0,0,0,0,0,0,,3,2016-12-14 16:49:03,3,2016-12-14 16:49:03,,,
596,生麩,ナマフ,117,1,,0,0,0,0,0,0,0,,3,2016-12-16 12:01:19,3,2016-12-16 12:01:19,,,
597,だし汁,ダシジル,214,2,,0,0,0,0,0,0,0,,3,2017-01-17 11:43:32,3,2017-01-17 11:43:32,,,
598,ワインビネガー,ワインビネガー,216,2,,0,0,0,0,0,0,0,,3,2017-01-20 10:57:18,3,2017-01-20 10:57:18,,,
599,ホタテ（刺身用）,ホタテサシミヨウ,113,1,,0,0,0,0,0,0,0,,3,2017-01-20 10:58:57,12,2018-01-19 21:20:38,"",,
600,ビーフブイヨン（固形）,ビーフブイヨンコケイ,216,2,,0,0,0,0,0,0,0,,3,2017-01-20 11:02:51,3,2017-01-20 11:02:51,,,
601,レモンの皮,レモンノカワ,107,1,,0,0,0,0,0,0,0,,3,2017-01-23 13:42:32,3,2017-01-23 13:42:32,,,
602,ミニトマト(赤),ミニトマトアカ,102,1,,0,0,0,0,0,0,0,,3,2017-02-02 09:27:23,3,2017-02-02 09:27:23,,,
603,ミニトマト(黄),ミニトマトキ,102,1,,0,0,0,0,0,0,0,,3,2017-02-02 09:28:26,3,2017-02-02 09:28:26,,,
604,キユーピーレモンドレッシング,キユーピーレモンドレッシング,216,2,,0,0,0,0,0,0,0,,3,2017-02-02 09:33:08,5,2017-04-17 14:07:15,ユニー専用,,
605,宮崎黒瀬ぶり（養殖）切身,ミヤザキクロセブリヨウショクキリミ,112,1,,0,0,0,0,0,0,0,,3,2017-02-03 11:23:26,12,2018-01-19 23:59:18,ユニー専用,,
606,黒豚しゃぶしゃぶ用(ロース肉),クロブタシャブシャブヨウロースニク,109,1,,0,0,0,0,0,0,0,,3,2017-02-03 11:24:39,3,2017-03-01 14:07:11,ユニー専用,,
607,アメリカ産切り落し(肩ロース肉),アメリカサンキリオトシカタロースニク,108,1,,0,0,0,0,0,0,0,,3,2017-02-03 12:19:34,3,2017-03-01 14:07:02,ユニー専用,,
608,カゴメ野菜生活100紫の野菜,カゴメヤサイセイカツヒャクムラサキノヤサイ,117,1,,0,0,0,0,0,0,0,,3,2017-02-06 10:01:30,3,2017-03-01 14:06:54,ユニー専用,,
609,手巻き寿司セット,テマキズシセット,112,1,,0,0,0,0,0,0,0,,3,2017-02-06 10:43:01,3,2017-03-01 14:06:45,ユニー専用,,
610,ミツカンすし酢昆布だし入り（500ml）,ミツカンスシズコンブダシイリ,207,2,,0,0,0,0,0,0,0,,3,2017-02-06 10:49:09,12,2018-01-19 23:56:06,ユニー専用,,
611,ハウス香りソルト,ハウスカオリソルト,216,2,,0,0,0,0,0,0,0,,3,2017-02-06 11:54:44,3,2017-03-01 14:06:25,ユニー専用,,
612,スモークサーモン,スモークサーモン,113,1,,0,0,0,0,0,0,0,,3,2017-02-07 13:49:06,3,2017-02-07 13:49:06,,,
613,献立いろいろつゆ,コンダテイロイロツユ,218,2,,0,0,0,0,0,0,0,,3,2017-02-13 14:39:35,3,2017-03-01 14:06:12,ユニー専用,,
614,半熟卵,ハンジュクタマゴ,117,1,,0,0,0,0,0,0,0,,3,2017-02-13 14:43:35,3,2017-03-01 14:06:03,ユニー専用,,
615,天然ばちまぐろ切落し,テンネンバチマグロキリオトシ,112,1,,0,0,0,0,0,0,0,,3,2017-02-14 09:04:10,3,2017-03-01 14:05:54,ユニー専用,,
616,アメリカ産豚味付けステーキ用(ロース肉),アメリカサンブタアジツケステーキヨウロースニク,109,1,,0,0,0,0,0,0,0,,3,2017-02-14 14:07:02,3,2017-03-01 14:05:42,ユニー専用,,
617,長なす,ナガナス,102,1,,0,0,0,0,0,0,0,,3,2017-02-15 14:00:02,11,2017-12-04 10:15:48,"",,
618,アメリカ産豚焼肉・生姜焼用(ロース肉),アメリカサンブタヤキニクショウガヤキヨウロースニク,109,1,,0,0,0,0,0,0,0,,3,2017-02-15 15:08:39,3,2017-03-01 14:05:12,ユニー専用,,
619,北海道わかめ,ホッカイドウワカメ,117,2,,0,0,0,0,0,0,0,,3,2017-02-15 15:10:01,3,2017-03-01 14:05:03,ユニー専用,,
620,おろし生姜,オロシショウガ,212,2,,0,0,0,0,0,0,0,,3,2017-02-17 16:04:33,3,2017-02-17 16:04:33,,,
621,おろしにんにく,オロシニンニク,212,2,,0,0,0,0,0,0,0,,3,2017-02-17 16:05:58,11,2017-09-22 11:49:11,"",,
622,スライスベーコン（ハーフ）,スライスベーコンハーフ,111,1,,0,0,0,0,0,0,0,,3,2017-02-21 10:38:07,12,2018-01-20 00:05:17,"",,
623,アメリカ産豚焼肉・生姜焼用（ロース肉）,アメリカサンブタヤキニクショウガヤキヨウ,109,1,,0,0,0,0,0,0,0,,5,2017-02-27 17:36:30,9,2017-05-24 11:00:55,ユニー専用,,
624,天然ばちまぐろ赤身切落し増量,テンネンバチマグロアカミキリオトシゾウリョウ,112,1,,0,0,0,0,0,0,0,,3,2017-03-01 13:48:40,3,2017-03-01 14:04:42,ユニー専用,,
625,アメリカ産牛豚焼肉セット,アメリカサンギュウブタヤキニクセット,108,1,,0,0,0,0,0,0,0,,3,2017-03-01 14:03:34,3,2017-03-01 14:04:28,ユニー専用,,
626,ミツカンごまぽん,ミツカンゴマポン,218,2,,0,0,0,0,0,0,0,,3,2017-03-01 14:18:48,3,2017-03-07 15:18:21,ユニー専用,,
627,こだわり親父の活〆真鯛刺身,コダワリオヤジノイキジメマダイサシミ,112,1,,0,0,0,0,0,0,0,,3,2017-03-01 16:04:00,3,2017-03-01 16:04:00,ユニー専用,,
628,黒豚冷しゃぶ用(ロース肉),クロブタレイシャブヨウロースニク,109,1,,0,0,0,0,0,0,0,,3,2017-03-01 16:05:31,3,2017-03-01 16:05:31,ユニー専用,,
629,キユーピーＩｔａｌｉａｎｔｅバジルソース,キューピーイタリアンバジルソース,216,2,,0,0,0,0,0,0,0,,3,2017-03-03 13:53:49,3,2017-03-03 13:53:49,ユニー専用,,
630,新じゃがいも,シンジャガイモ,105,1,,0,0,0,0,0,0,0,,3,2017-03-09 09:36:47,11,2017-12-04 11:38:40,"",,
631,焼き豚,ヤキブタ,111,1,,0,0,0,0,0,0,0,,3,2017-03-14 14:46:11,3,2017-03-14 14:46:11,"",,
632,愛知篠島ちりめん,アイチシノジマチリメン,113,1,,0,0,0,0,0,0,0,,3,2017-03-14 15:55:47,3,2017-03-14 15:55:47,ユニー専用,,
633,悠然鶏唐揚・焼肉用(モモ肉),ユウゼントリカラアゲヤキニクヨウモモニク,110,1,,0,0,0,0,0,0,0,,3,2017-03-14 16:23:47,3,2017-03-14 16:23:47,ユニー専用,,
634,牛角切り肉,ギュウカクギリニク,108,1,,0,0,0,0,0,0,0,,3,2017-03-22 09:24:47,3,2017-03-22 09:24:47,"",,
635,豚肩ロース（薄切り）,ブタカタロースウスギリ,109,1,,0,0,0,0,0,0,0,,3,2017-03-22 16:46:44,12,2018-01-20 18:05:27,"",,
636,焼津･太平洋他かつおたたき,ヤイヅタイヘイヨウホカカツオタタキ,112,1,,0,0,0,0,0,0,0,,3,2017-03-23 09:22:57,9,2017-05-24 11:00:08,ユニー専用,,
637,アメリカ産牛切り落し(肩ロース肉),アメリカサンギュウキリオトシカタロースニク,108,1,,0,0,0,0,0,0,0,,3,2017-03-23 09:24:30,9,2017-05-17 13:13:39,ユニー専用,,
638,レンズ豆（茹で）,レンズマメユデ,117,1,,0,0,0,0,0,0,0,,3,2017-03-29 17:19:04,12,2018-01-20 20:32:33,"",,
639,ひよこ豆（茹で）,ヒヨコマメユデ,117,1,,0,0,0,0,0,0,0,,3,2017-03-29 17:20:30,12,2018-01-20 20:32:11,"",,
640,あげ（小）,アゲショウ,117,1,,0,0,0,0,0,0,0,,9,2017-04-06 11:30:53,9,2017-04-06 11:30:53,"",,
641,減塩献立いろいろみそ,ゲンエンコンダテイロイロミソ,218,2,,0,0,0,0,0,0,0,,9,2017-04-06 14:01:35,9,2017-04-06 14:01:35,ユニー専用,,
642,キユーピーすりおろしオニオンドレッシング,キューピースリオロシオニオンドレッシング,216,2,,0,0,0,0,0,0,0,,9,2017-04-06 14:49:14,9,2017-04-11 15:08:24,ユニー専用,,
643,静岡太平洋きはだまぐろ刺身,シズオカタイヘイヨウキハダマグロサシミ,112,1,,0,0,0,0,0,0,0,,5,2017-04-10 16:45:19,5,2017-04-10 16:45:19,ユニー専用,,
644,悠健豚切り落し（モモ又はカタ肉）,ユウケンブタキリオトシ,109,1,,0,0,0,0,0,0,0,,5,2017-04-10 16:48:52,5,2017-04-10 16:48:52,ユニー専用,,
645,静岡･太平洋かつおたたき（解凍）,シズオカタイヘイヨウカツオタタキカイトウ,112,1,,0,0,0,0,0,0,0,,9,2017-04-11 10:49:27,9,2017-05-24 10:59:49,ユニー専用,,
646,アメリカ産焼肉セット,アメリカサンヤキニクセット,108,1,,0,0,0,0,0,0,0,,9,2017-04-11 10:50:35,9,2017-05-24 10:59:40,ユニー専用,,
647,ミツカンたまねぎぽん,ミツカンタマネギポン,218,2,,0,0,0,0,0,0,0,,9,2017-04-11 11:22:27,9,2017-05-24 11:02:59,ユニー専用,,
648,リーフレタス,リーフレタス,101,1,,0,0,0,0,0,0,0,,9,2017-04-11 14:29:22,11,2017-12-04 11:36:58,"",,
649,絹ごし豆腐（小）,キヌゴシトウフショウ,117,1,,0,0,0,0,0,0,0,,9,2017-04-12 16:06:29,9,2017-04-12 16:06:29,"",,
650,卵（小）,タマゴショウ,115,1,,0,0,0,0,0,0,0,,9,2017-04-13 16:58:39,9,2017-04-13 16:58:39,"",,
651,オーストラリア産牛かたまり（モモ肉）加熱用,オーストラリアサンギュウカタマリモモニクカネツヨウ,108,1,,0,0,0,0,0,0,0,,9,2017-04-14 09:14:20,9,2017-05-17 13:13:51,ユニー専用,,
652,キッコーマンしぼりたて生しょうゆ,キッコーマンシボリタテナマショウユ,205,2,,0,0,0,0,0,0,0,,5,2017-04-17 11:49:00,9,2017-05-24 11:02:49,ユニー専用,,
653,黒毛和牛カルビ焼用（バラ肉）,クロゲワギュウカルビヤキヨウバラニク,108,1,,0,0,0,0,0,0,0,,9,2017-04-19 10:59:08,9,2017-05-17 13:14:12,ユニー専用,,
654,さば水煮缶,サバミズニカン,114,1,,0,0,0,0,0,0,0,,9,2017-04-25 10:13:40,9,2017-04-25 10:13:40,"",,
655,静岡新物しらす干し,シズオカシンモノシラスボシ,113,1,,0,0,0,0,0,0,0,,9,2017-05-08 10:58:41,9,2017-05-24 10:58:41,ユニー専用,,
752,ハーブシーズニング,ハーブシーズニング,216,2,,0,0,0,0,0,0,0,,5,2017-09-11 14:16:32,11,2017-12-04 10:55:41,"",,
656,米久御殿場高原あらびきポークウインナー,ヨネキューゴテンバコウゲンアラビキウインナー,111,1,,0,0,0,0,0,0,0,,9,2017-05-08 11:06:49,9,2017-05-24 10:58:32,ユニー専用,,
657,じゃがいも（小）,ジャガイモショウ,105,1,,0,0,0,0,0,0,0,,9,2017-05-08 12:06:17,9,2017-05-08 12:06:51,"",,
658,真鯵,マアジ,112,1,,0,0,0,0,0,0,0,,5,2017-05-09 10:38:31,5,2017-05-09 10:38:31,"",,
659,悠健豚冷しゃぶ（バラ）,ユウケンブタレイシャブバラ,109,1,,0,0,0,0,0,0,0,,5,2017-05-09 10:40:01,9,2017-05-17 13:15:33,ユニー専用,,
660,牛バラ肉焼肉用,ギュウバラニクヤキニクヨウ,108,1,,0,0,0,0,0,0,0,,9,2017-05-17 13:12:50,9,2017-05-24 10:58:21,ユニー専用,,
661,US豚ステーキ（ロース）,ユーエスブタステーキロース,109,1,,0,0,0,0,0,0,0,,9,2017-05-19 10:06:34,9,2017-05-24 11:33:20,ユニー専用,,
662,キッコーマンサクサクしょうゆ,キッコーマンサクサクショウユ,205,2,,0,0,0,0,0,0,0,,9,2017-05-24 10:26:24,9,2017-05-24 11:03:16,ユニー専用,,
663,ばちまぐろ切り落とし,バチマグロキリオトシ,112,1,,0,0,0,0,0,0,0,,9,2017-05-24 10:47:20,9,2017-05-24 10:47:20,ユニー専用,,
664,ミツカンカンタン黒酢,ミツカンカンタンクロズ,218,2,,0,0,0,0,0,0,0,,9,2017-05-24 11:37:05,9,2017-05-24 11:38:29,ユニー専用,,
665,カゴメ基本のトマトソース,カゴメキホンノトマトソース,216,2,,0,0,0,0,0,0,0,,9,2017-05-24 11:58:59,9,2017-05-24 11:58:59,ユニー専用,,
666,カゴメ高リコピントマト,カゴメコウリコピントマト,102,1,,0,0,0,0,0,0,0,,9,2017-05-24 13:23:28,9,2017-05-24 13:23:28,ユニー専用,,
667,アメリカ産豚ステーキ用ロース肉,アメリカサンブタステーキヨウロースニク,109,1,,0,0,0,0,0,0,0,,9,2017-05-26 10:45:27,9,2017-05-26 13:47:57,ユニー専用,,
668,新生姜,シンショウガ,104,1,,0,0,0,0,0,0,0,,9,2017-05-26 14:45:03,11,2017-12-04 11:35:07,"",,
669,黒豚切り落とし,クロブタキリオトシ,109,1,,0,0,0,0,0,0,0,,9,2017-05-26 14:54:57,9,2017-05-26 14:54:57,ユニー専用,,
670,生銀鮭切身,ナマギンザケキリミ,112,1,,0,0,0,0,0,0,0,,9,2017-05-26 14:56:13,9,2017-05-26 14:56:13,ユニー専用,,
671,日清ラク揚げパン粉,ニッシンラクアゲパンコ,117,1,,0,0,0,0,0,0,0,,9,2017-05-26 15:04:40,9,2017-05-26 15:04:40,ユニー専用,,
672,乾燥大豆,カンソウダイズ,103,1,,0,0,0,0,0,0,0,,5,2017-05-28 11:29:37,5,2017-05-28 11:29:37,"",,
673,豆乳（無調整）,トウニュウムチョウセイ,103,1,,0,0,0,0,0,0,0,,5,2017-05-28 11:40:28,11,2017-12-04 11:34:34,"",,
674,悠然鶏唐揚・焼肉用（モモ肉）,ユウゼンドリカラアゲヤキニクヨウモモニク,110,1,,0,0,0,0,0,0,0,,9,2017-05-29 16:39:51,9,2017-05-29 16:39:51,ユニー専用,,
675,国産焼肉セット,コクサンヤキニクセット,108,1,,0,0,0,0,0,0,0,,9,2017-05-30 16:11:56,9,2017-05-30 16:11:56,ユニー専用,,
676,高知県宿毛若ぶり切身,コウチケンスクモワカブリキリミ,112,1,,0,0,0,0,0,0,0,,9,2017-05-31 14:49:19,9,2017-05-31 14:49:19,ユニー専用,,
677,悠健豚うすぎり（バラ肉）,ユウケンブタウスギリバラニク,109,1,,0,0,0,0,0,0,0,,9,2017-05-31 15:05:57,9,2017-05-31 15:05:57,ユニー専用,,
678,ミツカン五目ちらし,ミツカンゴモクチラシ,218,2,,0,0,0,0,0,0,0,,9,2017-06-12 14:23:44,9,2017-06-12 14:23:44,ユニー専用,,
679,イクラ,イクラ,113,1,,0,0,0,0,0,0,0,,9,2017-06-12 14:26:30,11,2017-12-04 11:33:54,"",,
680,パイン缶（小）,パインカンショウ,114,1,,0,0,0,0,0,0,0,,9,2017-06-12 15:00:22,11,2017-12-04 11:33:16,"",,
681,マンゴー,マンゴー,107,1,,0,0,0,0,0,0,0,,9,2017-06-12 15:06:22,11,2017-12-04 11:32:57,"",,
682,キューピーハーフ,キューピーハーフ,216,2,,0,0,0,0,0,0,0,,9,2017-06-12 15:10:30,9,2017-06-12 15:10:30,ユニー専用,,
683,モロッコ蒸したこ（生食用）,モロッコムシタコナマショクヨウ,113,1,,0,0,0,0,0,0,0,,9,2017-06-12 15:20:59,9,2017-06-12 15:20:59,ユニー専用,,
684,Cook Do オイスターソース,クックドゥーオイスターソース,218,2,,0,0,0,0,0,0,0,,9,2017-06-12 15:30:36,9,2017-06-12 15:30:36,ユニー専用,,
685,Cook Do Korea! コチュジャン,クックドゥーコリアコチュジャン,218,2,,0,0,0,0,0,0,0,,9,2017-06-12 15:32:01,9,2017-06-12 15:32:01,ユニー専用,,
686,スタイルワンロースハム,スタイルワンロースハム,111,1,,0,0,0,0,0,0,0,,9,2017-06-13 11:15:17,9,2017-06-13 11:15:17,ユニー専用,,
687,ミツカン金のごまだれカロリーハーフ,ミツカンキンノゴマダレカロリーハーフ,218,2,,0,0,0,0,0,0,0,,9,2017-06-13 11:20:05,9,2017-06-13 11:27:40,ユニー専用,,
688,ミツカン金のごまだれ焙煎荒挽き,ミツカンキンノゴマダレバイセンアラビキ,218,2,,0,0,0,0,0,0,0,,9,2017-06-13 11:21:12,9,2017-06-13 11:27:50,ユニー専用,,
689,きのこおろしつゆ,キノコオロシツユ,218,2,,0,0,0,0,0,0,0,,9,2017-06-13 12:08:44,9,2017-06-13 12:08:44,ユニー専用,,
690,悠然鶏ささみ,ユウゼントリササミ,110,1,,0,0,0,0,0,0,0,,9,2017-06-13 12:12:23,9,2017-06-13 12:12:23,ユニー専用,,
691,悠健豚冷しゃぶ（モモ）,ユウケンブタレイシャブモモ,109,1,,0,0,0,0,0,0,0,,9,2017-06-13 13:33:01,9,2017-06-13 13:33:01,ユニー専用,,
692,かねふく辛子明太子（切子）,カネフクカラシメンタイコキリコ,113,1,,0,0,0,0,0,0,0,,9,2017-06-16 16:54:02,9,2017-06-19 09:20:26,ユニー専用,,
693,さば味噌煮缶,サバミソニカン,114,1,,0,0,0,0,0,0,0,,9,2017-06-21 11:24:13,11,2017-12-04 11:31:33,"",,
694,トマトピューレ,トマトピューレ,216,2,,0,0,0,0,0,0,0,,9,2017-06-26 14:00:37,11,2017-12-04 11:31:16,"",,
695,うなぎのたれ,ウナギノタレ,210,2,,0,0,0,0,0,0,0,,5,2017-06-27 16:23:54,5,2017-06-27 16:23:54,"",,
696,あさつき,アサツキ,101,1,,0,0,0,0,0,0,0,,5,2017-06-27 16:27:47,11,2017-12-04 11:28:40,"",,
697,鰻の蒲焼き,ウナギノカバヤキ,112,1,,0,0,0,0,0,0,0,,5,2017-06-27 17:51:02,11,2017-12-04 11:27:17,"",,
698,白桃,ハクトウ,107,1,,1,0,0,0,0,0,0,,5,2017-07-03 14:30:10,5,2017-07-03 14:30:10,"",,
699,ブロッコリースプラウト,ブロッコリースプラウト,101,1,,0,0,0,0,0,0,0,,5,2017-07-03 14:34:35,11,2017-12-04 11:26:02,"",,
700,水なす,ミズナス,102,1,,0,0,0,0,0,0,0,,11,2017-07-07 09:15:56,11,2017-07-07 09:15:56,"",,
701,グラノーラシリアル,グラノーラシリアル,117,1,,0,0,0,0,0,0,0,,11,2017-07-07 10:17:04,11,2017-07-07 10:17:04,"",,
702,サラダクラブ ブラックオリーブ（スライス）,サラダクラブブラックオリーブスライス,102,1,,0,0,0,0,0,0,0,,11,2017-07-07 10:19:09,11,2017-07-07 10:22:24,ユニー専用,,
809,もつ,モツ,109,1,,0,0,0,0,0,0,0,,5,2018-01-16 08:38:05,5,2018-01-16 08:38:05,"",,
703,キユーピー テイスティドレッシング　黒酢たまねぎ,キユーピーテイスティレッシングクロズタマネギ,218,2,,0,0,0,0,0,0,0,,11,2017-07-07 10:20:19,11,2017-07-07 10:21:00,ユニー専用,,
704,豚肉（しゃぶしゃぶ用）,ブタニクシャブシャブヨウ,109,1,,0,0,0,0,0,0,0,,11,2017-07-07 10:29:48,11,2017-07-07 10:59:58,"",,
705,スイカ,スイカ,102,1,,0,0,0,0,0,0,0,,11,2017-07-07 10:33:42,11,2017-07-07 10:33:42,"",,
706,あげの含め煮,アゲノフクメニ,117,1,,0,0,0,0,0,0,0,,11,2017-07-11 11:57:31,11,2017-07-11 11:59:47,"",,
707,生イカ,ナマイカ,113,1,,0,0,0,0,0,0,0,,11,2017-07-11 13:22:42,11,2017-07-11 13:22:42,"",,
708,カツオと昆布のだし,カツオトコンブノダシ,214,2,,0,0,0,0,0,0,0,,11,2017-07-11 16:21:58,11,2017-07-11 16:21:58,"",,
709,タイム,タイム,212,2,,0,0,0,0,0,0,0,,11,2017-07-13 16:29:06,11,2017-07-13 16:29:06,"",,
710,塩こしょう,シオコショウ,201,2,,0,0,1,0,0,0,0,,11,2017-07-18 10:43:46,11,2017-07-18 10:43:46,"",,
711,日本ハム豊潤ウインナー,ニホンハムホウジュンウインナーユニーセンヨウ,111,1,,0,0,0,0,0,0,0,,5,2017-07-19 09:05:55,5,2017-07-19 09:54:06,ユニー専用,,
712,愛知県三河店焼うなぎ蒲焼,アイチケンミカワテンウナギカバヤキ,112,1,,0,0,0,0,0,0,0,,5,2017-07-19 09:31:29,5,2017-07-19 09:31:29,"",,
713,S&Bカレー粉,エスアンドビーカレーコ,212,2,,0,0,0,0,0,0,0,,5,2017-07-19 09:33:41,11,2017-12-04 11:20:26,"",,
714,S&Bローレル,エスアンドビーローレル,216,2,,0,0,0,0,0,0,0,,5,2017-07-19 09:34:41,11,2017-12-04 11:20:07,"",,
715,豚スベアリブ骨付きバラ肉,ブタスベアリブホネツキバラニクユニーセンヨウ,109,1,,0,0,0,0,0,0,0,,5,2017-07-19 19:27:21,11,2017-12-04 11:19:42,ユニー専用,,
716,鶏挽肉,トリヒキニク,110,1,,0,0,0,0,0,0,0,,5,2017-07-20 16:25:51,11,2017-12-04 11:19:23,"",,
717,合挽肉,アイビキニク,109,1,,0,0,0,0,0,0,0,,5,2017-07-20 16:35:36,11,2017-12-04 11:19:06,"",,
718,味の素丸鶏がらスープ,アジノモトマルトリガラスープ,214,2,,0,0,0,0,1,0,0,,11,2017-07-27 10:16:45,11,2017-07-27 10:17:08,ユニー専用,,
719,生本まぐろ中とろ（養殖）,ナマホンマグロチュウトロヨウショク,112,1,,0,0,0,0,0,0,0,,11,2017-07-27 10:36:11,11,2017-07-27 10:36:11,ユニー専用,,
720,台湾きはだまぐろ刺身,タイワンキハダマグロサシミ,112,1,,0,0,0,0,0,0,0,,11,2017-07-27 10:38:05,11,2017-07-27 10:38:05,ユニー専用,,
721,いり胡麻（白）,イリゴマシロ,217,2,,0,0,0,0,0,0,0,,11,2017-07-27 10:46:51,11,2017-07-27 10:46:51,"",,
722,油揚げ,アブラアゲ,117,1,,0,0,0,0,0,0,0,,11,2017-07-28 09:53:47,11,2017-07-28 09:53:47,"",,
723,カットトマト缶,カットトマトカン,114,1,,0,0,0,0,0,0,0,,5,2017-07-28 16:39:51,11,2017-12-04 11:18:12,"",,
724,実山椒の佃煮,ミザンショウノツクダニ,117,2,,0,0,0,0,0,0,0,,11,2017-08-02 10:40:07,11,2017-08-02 10:40:07,"",,
725,冬瓜,トウガン,102,1,,0,0,0,0,0,0,0,,11,2017-08-02 10:53:49,11,2017-08-02 10:53:49,"",,
726,味の素「Ｔｏｓｓ　Ｓａｌａ」イタリアン・バジル味,アジノモトトスサライタリアンバジルアジ,218,2,,0,0,0,0,0,0,0,,11,2017-08-02 14:01:56,11,2017-08-02 14:02:49,ユニー専用,,
727,うずらの卵（茹で）,ウズラノタマゴユデ,115,1,,0,0,0,0,0,0,0,,5,2017-08-03 15:04:20,11,2017-12-04 11:12:07,"",,
728,にんにく,ニンニク,104,1,,0,0,0,0,0,0,0,,5,2017-08-03 16:42:54,11,2017-12-04 11:11:31,"",,
729,カナダ産豚カツ用ロース肉,カナダサントンカツヨウロースニク,109,1,,0,0,0,0,0,0,0,,11,2017-08-04 16:08:29,11,2017-08-04 16:09:59,ユニー専用,,
730,黒毛和牛ステーキ用ロース肉,クロゲワギュウステーキヨウロースニク,108,1,,0,0,0,0,0,0,0,,11,2017-08-04 16:21:30,11,2017-08-07 10:11:24,ユニー専用,,
731,牛サーロイン肉,ギュウサーロインニク,108,1,,0,0,0,0,0,0,0,,11,2017-08-07 10:12:55,11,2017-08-07 10:12:55,ユニー専用,,
732,牛肩薄切り肉,ギュウカタウスキリニク,108,1,,0,0,0,0,0,0,0,,5,2017-08-07 23:29:23,11,2017-12-04 11:10:02,"",,
733,鯖の味噌煮缶詰,サバノミソニカン,114,1,,0,0,0,0,0,0,0,,11,2017-08-08 10:24:40,11,2017-08-08 10:24:40,"",,
734,豚ロース(とんかつ用),ブタローストンカツヨウ,109,1,,0,0,0,0,0,0,0,,11,2017-08-21 16:42:37,11,2017-08-21 16:42:37,"",,
735,鰹のたたき,カツオノタタキ,112,1,,0,0,0,0,0,0,0,,5,2017-08-21 17:59:32,5,2017-08-21 17:59:32,"",,
736,豚肉,ブタニク,109,1,,0,0,0,0,0,0,0,,11,2017-08-22 11:08:21,11,2017-08-22 11:08:21,"",,
737,だしつゆ（3倍希釈）,ダシツユ,214,2,,0,0,0,0,0,0,0,,11,2017-08-22 14:13:53,11,2017-08-22 14:19:35,"",,
738,生姜,ショウガ,105,1,,0,0,0,0,0,0,0,,5,2017-08-22 19:23:59,11,2017-12-04 11:02:28,"",,
739,悠健豚小間切れ,ユウケンブタコマギレ,109,1,,0,0,0,0,0,0,0,,11,2017-08-23 14:42:02,11,2017-08-23 14:42:53,ユニー専用,,
740,黒毛和牛すき焼用肩ロース肉,クロゲワギュウスキヤキヨウカタロースニク,108,1,,0,0,0,0,0,0,0,,11,2017-08-23 14:53:58,11,2017-08-23 14:53:58,ユニー専用,,
741,豚ひき肉,ブタヒキニク,109,1,,0,0,0,0,0,0,0,,11,2017-08-25 15:05:54,11,2017-08-25 15:05:54,"",,
742,パクチー,パクチー,101,1,,0,0,0,0,0,0,0,,11,2017-08-25 15:13:22,11,2017-08-25 15:13:22,"",,
743,牛モモ肉,ギュウモモニク,108,1,,0,0,0,0,0,0,0,,5,2017-08-28 12:10:41,11,2017-12-04 10:59:14,"",,
744,クリームシチュー,クリームシチュー,216,2,,0,0,0,0,0,0,0,,11,2017-08-29 16:26:13,11,2017-08-29 16:26:13,"",,
745,パクチー（お好みで）,パクチー,101,1,,0,0,0,0,0,0,0,,5,2017-08-30 10:02:55,11,2017-12-04 10:58:30,"",,
746,フリルレタス（サニーレタス）,フリルレタスサニーレタス,101,1,,0,0,0,0,0,0,0,,11,2017-09-05 14:13:38,11,2017-09-05 14:16:17,"",,
747,北海道新物生さんま,ホッカイドウシンモノナマサンマ,112,1,,0,0,0,0,0,0,0,,11,2017-09-07 11:10:39,11,2017-09-07 11:17:30,ユニー専用,,
748,悠然鶏唐揚・鍋物用モモ肉,ユウゼンドリカラアゲナベモノヨウモモニク,110,1,,0,0,0,0,0,0,0,,11,2017-09-07 11:13:48,11,2017-09-07 11:17:13,ユニー専用,,
749,北海道生秋鮭切身,ホッカイドウナマアキジャケキリミ,112,1,,0,0,0,0,0,0,0,,11,2017-09-07 11:16:55,11,2017-09-07 11:16:55,ユニー専用,,
750,カナダ産豚焼肉生姜焼用ロース肉,カナダサンブタヤキニクショウガヤキヨウロースニク,109,1,,0,0,0,0,0,0,0,,11,2017-09-07 11:19:40,11,2017-09-07 11:19:40,ユニー専用,,
751,鶏もも挽き肉,トリモモヒキニク,110,1,,0,0,0,0,0,0,0,,11,2017-09-07 16:40:52,11,2017-09-07 16:40:52,"",,
753,伏見とうがらし,フシミトウガラシ,101,1,,0,0,0,0,0,0,0,,11,2017-09-12 13:29:48,11,2017-09-12 13:29:48,"",,
754,紫ずきん,ムラサキズキン,103,1,,0,0,0,0,0,0,0,,11,2017-09-12 13:41:13,11,2017-09-12 13:41:13,"",,
755,万願寺とうがらし,マンガンジトウガラシ,101,1,,0,0,0,0,0,0,0,,11,2017-09-12 14:03:06,11,2017-09-12 14:03:06,"",,
756,豚肉薄切り,ブタニクウスギリ,109,1,,0,0,0,0,0,0,0,,11,2017-09-12 14:16:21,11,2017-09-12 14:16:21,"",,
757,韓国海苔,カンコクノリ,117,1,,0,0,0,0,0,0,0,,5,2017-09-12 18:19:23,11,2017-12-04 10:54:50,"",,
758,温泉卵,オンセンタマゴ,115,1,,0,0,0,0,0,0,0,,5,2017-09-12 18:20:03,11,2017-12-04 10:54:30,"",,
759,木綿豆腐（小）,モメントウフショウ,117,1,,0,0,0,0,0,0,0,,11,2017-09-13 09:17:53,11,2017-09-13 09:17:53,"",,
760,中華スープの素（顆粒）,チュウカスープノモト,214,2,,0,0,0,0,0,0,0,,11,2017-09-15 11:04:12,11,2017-09-15 11:04:12,"",,
761,合挽肉,アイビキニク,109,1,,0,0,0,0,0,0,0,2017-09-15 15:48:41,5,2017-09-15 15:48:08,5,2017-09-15 15:48:41,"",,
762,牛サーロイン肉,ギュウサーロインニク,108,1,,0,0,0,0,0,0,0,,5,2017-09-19 12:31:47,11,2017-12-04 10:53:36,"",,
763,アスパラガス,アスパラガス,101,1,,0,0,0,0,0,0,0,,5,2017-09-19 12:52:10,11,2017-12-04 10:53:19,"",,
764,エバラすき焼のたれ,エバラスキヤキノタレ,210,2,,0,0,0,0,0,0,0,,11,2017-09-20 13:55:42,11,2017-09-20 13:55:42,"",,
765,牛脂,ギュウシ,108,2,,0,0,0,0,0,0,0,,11,2017-09-20 14:02:24,11,2017-09-20 14:02:24,"",,
766,しらたき,シラタキ,117,1,,0,0,0,0,0,0,0,,11,2017-09-20 14:19:35,11,2017-09-20 14:19:35,"",,
767,ロールキャベツ,ロールキャベツ,117,1,,0,0,0,0,0,0,0,,11,2017-09-20 14:31:32,11,2017-09-20 14:31:32,"",,
768,結びしらたき,ミスビシラタキ,117,1,,0,0,0,0,0,0,0,,11,2017-09-20 14:32:39,11,2017-09-20 14:32:39,"",,
769,ミツカン焼きあごだし鍋つゆストレート,ミツカンヤキアゴダシナベツユストレート,218,2,,0,0,0,0,0,0,0,,11,2017-09-20 14:39:15,11,2017-09-20 14:39:15,ユニー専用,,
770,キューピーライト　マヨネーズ,キューピーライトマヨネーズ,209,2,,0,0,0,0,0,0,0,,11,2017-09-20 15:12:16,11,2017-09-20 15:12:16,ユニー専用,,
771,焼肉セット,ヤキニクセット,108,1,,0,0,0,0,0,0,0,,11,2017-09-20 16:24:06,11,2017-09-20 16:24:06,"",,
772,ししとう,シシトウ,102,1,,0,0,0,0,0,0,0,,5,2017-09-25 20:23:15,11,2017-12-04 10:25:59,"",,
773,里芋（直径3cm程度）,サトイモチョッケイサンセンチテイド,105,1,,0,0,0,0,0,0,0,,11,2017-09-28 09:45:36,11,2017-09-28 09:45:36,"",,
774,ホールトマト缶,ホールトマトカン,114,1,,0,0,0,0,0,0,0,,5,2017-10-02 10:00:46,11,2017-12-04 10:36:36,"",,
775,バゲット,バゲット,117,1,,0,0,0,0,0,0,0,,5,2017-10-02 10:13:11,11,2017-12-04 10:36:19,"",,
776,クルミ,クルミ,117,1,,0,0,0,0,0,0,0,,11,2017-10-10 09:54:02,11,2017-10-10 09:54:02,"",,
777,冷凍パイシート（18cm×18cm）,レイトウパイシート,217,1,,0,0,0,0,0,0,0,,11,2017-10-10 11:28:27,11,2017-10-10 11:38:52,"",,
778,鰯味付缶詰（醤油味）,イワシアジツキカンヅメショウユアジ,114,1,,0,0,0,0,0,0,0,,11,2017-10-16 13:23:44,11,2017-10-16 13:26:11,"",,
779,豚こま切れ肉,ブタコマキレニク,109,1,,0,0,0,0,0,0,0,,5,2017-10-16 13:54:20,11,2017-12-04 10:33:45,"",,
780,顆粒だし,カリュウダシ,214,2,,0,0,0,0,0,0,0,,11,2017-10-18 13:57:21,11,2017-10-18 13:57:21,"",,
781,真鯛,マダイ,112,1,,0,0,0,0,0,0,0,,11,2017-10-30 11:13:44,5,2018-02-05 19:21:03,"",2,8
782,あさり,アサリ,113,1,,0,0,0,0,0,0,0,,11,2017-10-30 11:17:58,11,2017-10-30 11:17:58,"",,
783,オリーブ塩漬け,オリーブシオヅケ,117,1,,0,0,0,0,0,0,0,,11,2017-10-30 11:21:36,11,2017-10-30 11:21:36,"",,
784,真鯛（切身）,マダイキリミ,112,1,,0,0,0,0,0,0,0,,11,2017-10-30 11:43:44,11,2017-10-30 11:43:44,"",,
785,真鯛（刺身）,マダイサシミ,112,1,,0,0,0,0,0,0,0,,11,2017-10-30 11:44:26,11,2017-10-30 11:44:26,"",,
786,すだち,スダチ,107,1,,0,0,0,0,0,0,0,,11,2017-10-30 11:47:53,11,2017-10-30 11:47:53,"",,
787,チンゲン菜,チンゲンサイ,101,1,,0,0,0,0,0,0,0,,11,2017-11-01 09:26:24,11,2017-11-01 09:26:24,"",,
788,コーンクリーム缶,コーンクリームカン,114,1,,0,0,0,0,0,0,0,,11,2017-11-01 09:32:23,11,2017-11-01 09:32:23,"",,
789,舌平目（三枚おろし）,シタビラメシタショリスミ,112,1,,0,0,0,0,0,0,0,,11,2017-11-02 11:51:36,11,2017-11-07 11:31:14,"",,
790,豚挽肉,ブタヒキニク,109,1,,0,0,0,0,0,0,0,,11,2017-11-02 14:06:29,11,2017-11-02 14:06:29,"",,
791,鶏むね挽肉,トリムネヒキニク,110,1,,0,0,0,0,0,0,0,,5,2017-11-06 10:45:57,11,2017-12-04 10:32:12,"",,
792,鶏もも挽肉,トリモモヒキニク,110,1,,0,0,0,0,0,0,0,,5,2017-11-06 10:46:39,11,2017-12-04 10:31:55,"",,
793,えのき茸,エノキダケ,106,1,,0,0,0,0,0,0,0,,11,2017-11-06 16:08:04,11,2017-11-06 16:08:04,"",,
794,即席中華麺,ソクセキチュウカメン,117,1,,0,0,0,0,0,0,0,,11,2017-11-13 13:40:35,11,2017-11-13 13:40:35,"",,
795,グリンピース（缶詰）,グリンピースカンヅメ,114,1,,0,0,0,0,0,0,0,,5,2017-11-25 18:02:58,11,2017-12-04 10:31:13,"",,
796,焼き海苔,ヤキノリ,117,1,,0,0,0,0,0,0,0,,11,2017-12-19 11:36:15,11,2017-12-19 11:36:15,"",,
797,フランスパン（小）,フランスパン,117,1,,0,0,0,0,0,0,0,,11,2017-12-20 10:52:56,11,2017-12-20 10:52:56,"",,
798,みかん,ミカン,102,1,,0,0,0,0,0,0,0,,11,2017-12-21 11:03:11,11,2017-12-21 11:03:11,"",,
799,粉寒天,コナカンテン,217,2,,0,0,0,0,0,0,0,,11,2017-12-21 11:17:59,11,2017-12-21 11:17:59,"",,
800,七草,ナナクサ,101,1,,0,0,0,0,0,0,0,,11,2017-12-21 11:28:58,11,2017-12-21 11:28:58,"",,
801,ちりめんじゃこ（中干し）,チリメンジャコ,113,1,,0,0,0,0,0,0,0,,11,2017-12-21 11:40:42,11,2017-12-21 11:40:42,"",,
802,ゆず（皮）,ユズカワ,102,1,,0,1,0,0,0,0,0,,5,2018-01-05 18:03:28,5,2018-01-05 18:03:28,"",,
803,ゆず（果汁）,ユズカジュウ,107,1,,0,1,0,0,0,0,0,,5,2018-01-05 18:05:52,5,2018-01-05 18:05:52,"",,
804,ゆず（果汁）,ユズカジュウ,107,1,,0,1,0,0,0,0,0,,5,2018-01-05 18:05:52,5,2018-01-05 18:05:52,"",,
805,ゆず,ユズ,102,1,,0,1,0,0,0,0,0,,5,2018-01-05 18:07:08,5,2018-01-05 18:07:08,"",,
806,ゆず,ユズ,102,1,,0,1,0,0,0,0,0,,5,2018-01-05 18:07:08,5,2018-01-05 18:07:08,"",,
807,青ねぎ,アオネギ,101,1,,0,0,0,0,0,0,0,,5,2018-01-08 13:39:44,5,2018-01-08 13:39:44,"",,
808,冷凍パイシート,レイトウパイシート,117,1,,0,0,0,0,0,0,0,,5,2018-01-10 14:36:34,5,2018-01-10 14:36:34,"",,
810,ハマグリ,ハマグリ,113,1,,0,0,0,0,0,0,0,,15,2018-02-15 11:55:36,15,2018-02-15 11:55:36,"",,
811,桜でんぶ,サクラデンブ,217,1,,0,0,0,0,0,0,0,,15,2018-02-15 12:23:43,15,2018-02-15 12:23:43,"",,
812,唐辛子輪切り,トウガラシワギリ,212,2,,0,0,0,0,0,0,0,,15,2018-02-16 12:55:18,15,2018-02-16 12:55:18,"",,
813,鮭そぼろ（瓶詰）,サケソボロビンズメ,114,1,,0,0,0,0,0,0,0,,5,2018-03-21 18:53:40,5,2018-03-21 18:53:40,"",3,8
814,梅肉,バイニク,117,1,,0,0,0,0,0,0,0,,5,2018-03-21 19:56:26,5,2018-03-21 19:56:26,"",,
815,玉ねぎドレッシング,タマネギドレッシング,218,2,,0,0,0,0,0,0,0,,5,2018-03-21 20:11:13,5,2018-03-21 20:11:13,"",,
816,鯖水煮缶,サバミズニカン,114,1,,0,0,0,0,0,0,0,,15,2018-03-23 18:58:10,15,2018-03-23 18:58:10,"",,
817,しらす,シラス,111,1,,0,0,0,0,0,0,0,,5,2018-04-09 16:16:05,5,2018-04-09 16:16:05,"",3,8
818,うすいえんどう,ウスイエンドウ,103,1,,0,0,0,0,0,0,0,,5,2018-04-09 17:09:45,5,2018-04-09 17:09:45,"",,
819,冷凍海老イカミックス,レイトウエビイカミックス,111,1,,0,0,0,0,0,0,0,,15,2018-05-09 18:48:49,15,2018-05-16 12:39:57,"",,8
820,生姜スライス,ショウガスライス,105,2,,0,0,0,0,0,0,0,,15,2018-05-10 13:15:48,15,2018-05-10 13:15:48,"",,
821,溶き卵,トキタマゴ,115,1,,0,0,0,0,0,0,0,,15,2018-06-04 13:23:15,15,2018-06-04 13:23:15,"",,
