intermediate_id,intermediate_name,picture_id,fridge_shelf_life_id,freezer_shelf_life_id,partial_shelf_life_id,created_id,created_at,updated_id,updated_at
1,あげカット済,3,3,8,,1,2016-10-13 09:24:31,1,2016-11-11 00:00:00
2,あさり砂抜き済,7,10,8,,1,2016-08-05 14:28:44,1,2016-11-11 00:00:00
3,あさり砂抜き済,7,10,8,7,1,2016-02-05 16:24:59,1,2016-11-11 00:00:00
4,アスパラとベーコンのパスタセット,23,3,8,,1,2016-04-28 16:43:07,1,2016-11-11 00:00:00
5,イカ下味付,30,2,8,7,1,2016-07-12 13:55:59,1,2016-11-11 00:00:00
6,イカ刺身カット済,31,1,8,3,1,2016-09-01 10:53:20,1,2016-11-11 00:00:00
7,イカカット済,32,2,8,7,1,2016-07-19 10:18:15,1,2016-11-11 00:00:00
8,イカ輪切り済,33,2,8,7,1,2016-05-26 14:12:11,1,2016-11-11 00:00:00
9,イカとあさりのトマト煮セット,35,2,8,,1,2016-09-15 11:49:37,1,2016-11-11 00:00:00
10,イタリアングリーンサラダ_作り置き,39,3,,,1,2016-09-06 15:27:37,1,2016-11-11 00:00:00
11,鰯開いたもの,41,2,8,7,1,2016-07-08 15:40:58,1,2016-11-11 00:00:00
12,いんげんとあげのピリ辛煮_作り置き,45,3,,,1,2016-07-01 13:48:20,1,2016-11-11 00:00:00
13,いんげんと人参の胡麻和え_作り置き,47,3,,,1,2016-10-12 08:56:34,1,2016-11-11 00:00:00
14,えのきカット,54,3,8,,1,2016-10-13 14:32:43,1,2016-11-11 00:00:00
15,エビ,57,2,8,7,1,2016-06-17 15:51:13,1,2016-11-11 00:00:00
16,エビ殻付,58,,8,7,1,2016-10-07 15:06:54,1,2016-11-11 00:00:00
17,エビ下処理済,59,2,8,,1,2016-11-10 13:33:00,1,2016-11-11 00:00:00
18,エビ下処理済,59,2,8,7,1,2016-01-21 16:32:38,1,2016-11-11 00:00:00
19,エビすり身,60,2,8,,1,2016-02-05 17:20:19,1,2016-11-11 00:00:00
20,エビの生春巻き_作り置き,64,3,,,1,2016-06-27 14:11:28,1,2016-11-11 00:00:00
21,エビ餃子_作り置き,68,3,,,1,2016-09-29 15:43:02,1,2016-11-11 00:00:00
22,オムライスセット,71,3,8,,1,2016-02-09 11:27:21,1,2016-11-11 00:00:00
23,オムレツセット,74,2,8,,1,2016-10-06 13:39:38,1,2016-11-11 00:00:00
24,カジキ,77,2,8,7,1,2016-06-09 12:01:44,1,2016-11-11 00:00:00
25,カジキ,78,2,8,7,1,2015-04-07 09:42:14,1,2016-11-11 00:00:00
26,かぼちゃ、あげ,86,3,8,,1,2016-09-09 15:11:51,1,2016-11-11 00:00:00
27,かぼちゃ薄切り済,87,3,8,,1,2016-07-08 16:28:15,1,2016-11-11 00:00:00
28,かぼちゃとオクラの煮びたし_作り置き,90,3,,,1,2016-06-30 09:53:33,1,2016-11-11 00:00:00
29,かぼちゃのスープ_作り置き,94,3,8,,1,2016-07-08 13:23:00,1,2016-11-11 00:00:00
30,かぼちゃの含め煮_作り置き,97,3,,,1,2016-11-02 10:31:08,1,2016-11-11 00:00:00
31,カレイ,98,2,8,7,1,2016-07-14 10:45:12,1,2016-11-11 00:00:00
32,カレーピラフ_作り置き,102,10,8,,1,2016-08-03 14:26:51,1,2016-11-11 00:00:00
33,きのこパスタセット,111,3,8,,1,2016-03-18 14:57:36,1,2016-11-11 00:00:00
34,キャベツざく切り,112,3,8,,1,2016-06-27 10:43:01,1,2016-11-11 00:00:00
35,キャベツ千切り,113,3,8,,1,2016-09-15 14:32:01,1,2016-11-11 00:00:00
36,キャベツとハムの春巻きセット,119,3,8,,1,2016-11-04 10:14:58,1,2016-11-11 00:00:00
37,きゅうり塩もみ済,127,7,8,,1,2016-11-04 16:51:57,1,2016-11-11 00:00:00
38,きゅうりの酢の物_作り置き,129,3,,,1,2014-04-10 00:00:00,1,2016-11-11 00:00:00
39,きゅうりと豚しゃぶのサラダ_作り置き,131,3,,,1,2016-06-24 16:56:57,1,2016-11-11 00:00:00
40,きゅうりの塩昆布_作り置き,135,3,,,1,2016-06-09 15:13:26,1,2016-11-11 00:00:00
41,錦糸卵,140,2,8,,1,2015-06-29 11:43:45,1,2016-11-11 00:00:00
42,クラムチャウダーセット,143,1,8,,1,2016-02-05 16:36:10,1,2016-11-11 00:00:00
43,グリンピースの甘煮_作り置き,146,3,,,1,2015-06-16 16:01:13,1,2016-11-11 00:00:00
44,香味たれ,148,4,,,1,2016-08-31 11:00:28,1,2016-11-11 00:00:00
45,ゴーヤカット済,149,3,,,1,2016-07-26 14:02:08,1,2016-11-11 00:00:00
46,ゴーヤカット済,149,3,8,,1,2016-07-26 10:36:03,1,2016-11-11 00:00:00
47,ゴーヤの佃煮_作り置き,153,3,,,1,2016-07-26 13:42:32,1,2016-11-11 00:00:00
48,ごぼう、大豆,157,3,8,,1,2016-11-07 13:46:09,1,2016-11-11 00:00:00
49,ごぼうサラダ_作り置き,163,3,,,1,2016-09-01 12:17:13,1,2016-11-11 00:00:00
50,根菜MIX,170,3,8,,1,2016-02-18 13:04:05,1,2016-11-11 00:00:00
51,コンソメスープセット,173,3,8,,1,2016-02-09 14:18:07,1,2016-11-11 00:00:00
52,サーモンのハーブグリルセット,178,2,8,7,1,2016-09-15 10:39:51,1,2016-11-11 00:00:00
53,鮭塩麹づけ,179,7,8,7,1,2016-09-21 09:22:41,1,2016-11-11 00:00:00
54,サワー漬け_作り置き,189,5,,,1,2016-11-04 10:32:28,1,2016-11-11 00:00:00
55,サンマ三枚おろし済,196,2,8,7,1,2015-09-14 11:12:33,1,2016-11-11 00:00:00
56,塩焼きそばセット,203,3,8,,1,2016-10-12 09:04:50,1,2016-11-11 00:00:00
57,しし唐の豚肉巻き_作り置き,206,3,,,1,2016-07-26 16:18:16,1,2016-11-11 00:00:00
58,じゃがいものスープ_作り置き,217,3,8,,1,2016-06-30 16:22:51,1,2016-11-11 00:00:00
59,じゃがいものそぼろ煮_作り置き,219,3,,,1,2016-11-02 13:19:12,1,2016-11-11 00:00:00
60,焼売セット,1595,3,8,10,1,2016-02-17 16:19:58,5,2017-09-04 10:06:03
61,生姜ドレッシング,227,7,,,1,2016-07-08 14:32:46,1,2016-11-11 00:00:00
62,スパイシー春巻きセット,234,3,8,,1,2016-09-21 11:18:20,1,2016-11-11 00:00:00
63,酢味噌,237,7,,,1,2015-03-23 14:06:26,1,2016-11-11 00:00:00
64,大根の辛子漬け_作り置き,248,8,,,1,2016-01-06 14:13:32,1,2016-11-11 00:00:00
65,筍、ハム,253,3,8,,1,2016-07-14 11:50:29,1,2016-11-11 00:00:00
66,たこ飯セット,259,3,8,,1,2016-06-16 16:21:42,1,2016-11-11 00:00:00
67,玉ねぎ、パプリカ,261,3,8,,1,2016-08-05 14:27:54,1,2016-11-11 00:00:00
68,タラ切り身,263,2,8,7,1,2014-12-03 15:56:24,1,2016-11-11 00:00:00
69,チーズカツセット,267,2,8,,1,2016-05-12 17:06:43,1,2016-11-11 00:00:00
70,チキンナゲットのタネ,270,2,8,,1,2016-04-21 14:14:18,1,2016-11-11 00:00:00
71,とうもろこしのスープ_作り置き,299,3,,,1,2016-08-05 14:35:33,1,2016-11-11 00:00:00
72,トマトスープ_作り置き,303,3,8,,1,2016-05-19 13:12:27,1,2016-11-11 00:00:00
73,トマトソース,305,3,,,1,2016-11-10 14:36:14,11,2017-11-09 14:10:01
74,トマトソース,305,7,8,,1,2015-11-06 13:57:35,1,2016-11-11 00:00:00
75,鶏ささみ,309,2,8,7,1,2016-05-26 14:33:10,1,2016-11-11 00:00:00
76,鶏むね肉下味付,319,2,8,7,1,2016-06-02 14:25:45,1,2016-11-11 00:00:00
77,鶏もも肉カット、下味付,321,2,8,7,1,2016-03-10 15:41:48,1,2016-11-11 00:00:00
78,トンカツセット,325,2,8,,1,2016-11-01 15:00:20,1,2016-11-11 00:00:00
79,ナス、かぼちゃ,329,1,8,,1,2016-09-08 10:59:45,1,2016-11-11 00:00:00
80,ナスとかぼちゃの揚げ浸し_作り置き,332,3,,,1,2016-11-09 08:59:51,1,2016-11-11 00:00:00
81,ナスのあっさり漬け_作り置き,334,3,,,1,2016-06-30 12:02:36,1,2016-11-11 00:00:00
82,ナスの肉巻_作り置き,340,3,,,1,2016-08-04 14:02:04,1,2016-11-11 00:00:00
83,ナスの炒め煮_作り置き,342,3,,,1,2016-08-25 12:56:32,1,2016-11-11 00:00:00
84,肉味噌,344,2,8,,1,2016-06-06 14:39:54,1,2016-11-11 00:00:00
85,にらカット済,348,3,8,,1,2016-04-25 11:36:22,5,2017-09-01 11:18:23
86,にらカット済,348,3,8,,1,2014-04-10 00:00:00,1,2016-11-11 00:00:00
87,パプリカのマリネ_作り置き,362,3,,,1,2016-10-20 15:34:11,1,2016-11-11 00:00:00
88,ハム、きゅうり,363,3,,,1,2016-10-19 15:47:03,1,2016-11-11 00:00:00
89,ハム、きゅうり,363,3,8,,1,2016-08-02 10:53:24,1,2016-11-11 00:00:00
90,ハンバーグセット,367,2,8,,1,2015-08-18 14:39:43,1,2016-11-11 00:00:00
91,ハンバーグ_作り置き,369,3,,,1,2015-08-20 15:16:54,1,2016-11-11 00:00:00
92,ハンバーグ焼いたもの,370,3,,,1,2015-10-14 10:48:00,1,2016-11-11 00:00:00
93,パンプキンサラダ_作り置き,373,3,,,1,2016-08-05 14:30:23,1,2016-11-11 00:00:00
94,ビーフン_作り置き,376,3,,,1,2016-08-04 15:23:04,1,2016-11-11 00:00:00
95,ピーマン、玉ねぎ,377,3,8,,1,2016-11-09 12:07:48,1,2016-11-11 00:00:00
96,ピーマンの肉詰めセット,380,2,8,,1,2016-10-19 09:58:06,1,2016-11-11 00:00:00
97,戻したひじき,383,10,7,,1,2016-09-30 08:53:25,1,2016-11-11 00:00:00
98,ひじき、鶏ミンチ,384,3,8,,1,2016-02-22 14:50:53,1,2016-11-11 00:00:00
99,ひじきと枝豆のサラダ_作り置き,386,3,,,1,2016-04-26 14:53:15,1,2016-11-11 00:00:00
100,ひじきの煮物_作り置き,387,3,,,1,2016-07-27 13:10:10,1,2016-11-11 00:00:00
101,ひじきの煮物_作り置き,387,3,,7,1,2016-07-27 12:19:40,1,2016-11-11 00:00:00
102,ピリ辛きゅうり_作り置き,393,3,,,1,2016-09-29 14:49:38,1,2016-11-11 00:00:00
103,ピリ辛枝豆_作り置き,396,3,,,1,2016-08-04 14:18:28,1,2016-11-11 00:00:00
104,豚肉下味付,399,2,8,,1,2016-11-10 09:32:57,1,2016-11-11 00:00:00
105,豚肉下味付,399,2,8,7,1,2016-01-27 14:50:04,1,2016-11-11 00:00:00
106,豚ミンチ,400,2,8,7,1,2015-11-20 12:52:19,1,2016-11-11 00:00:00
107,ブリ下味付（酒）,402,2,8,7,1,2016-10-19 16:34:15,1,2016-11-11 00:00:00
108,ベーコン、大根,409,3,8,,1,2016-09-08 14:55:11,1,2016-11-11 00:00:00
109,ベジスープ_下準備セット,412,3,,,1,2016-07-07 11:25:52,1,2016-11-11 00:00:00
110,ベジピラフ_作り置き,415,10,8,,1,2016-08-09 12:15:27,1,2016-11-11 00:00:00
111,ほうれん草と人参とちくわの炒め物セット,430,3,8,,1,2016-09-08 15:37:50,1,2016-11-11 00:00:00
112,豚肉筋切り済,435,2,8,7,1,2014-12-10 14:15:42,1,2016-11-11 00:00:00
113,豚肉筋切り済,435,2,8,,1,2016-11-10 14:36:14,5,2017-09-04 17:32:29
114,ポークピカタセット,440,2,8,,1,2016-08-29 14:52:41,1,2016-11-11 00:00:00
115,ボーダーゼリー_作り置き,442,3,,,1,2016-02-05 16:00:53,1,2016-11-11 00:00:00
116,ポテトサラダ_作り置き,445,3,,,1,2016-10-31 10:02:54,1,2016-11-11 00:00:00
117,ホワイトソース,446,3,8,,1,2014-04-10 00:00:00,1,2016-11-11 00:00:00
118,マカロニサラダ_作り置き,452,3,,,1,2016-03-08 14:08:15,1,2016-11-11 00:00:00
119,マグロしょうゆ漬け,453,2,8,3,1,2016-09-07 13:07:40,1,2016-11-11 00:00:00
120,ミートソース,455,3,8,,1,2016-09-01 13:48:04,1,2016-11-11 00:00:00
121,ミネストローネセット,462,3,8,,1,2016-09-15 13:38:44,1,2016-11-11 00:00:00
122,蒸しナス生姜たれ_作り置き,466,3,,,1,2016-10-31 14:16:20,1,2016-11-11 00:00:00
123,メンチカツセット,479,2,8,,1,2016-11-10 09:05:15,1,2016-11-11 00:00:00
124,メンチカツセット,480,1,8,,1,2014-04-10 00:00:00,1,2016-11-11 00:00:00
125,もやし,482,2,8,,1,2016-04-25 11:36:22,1,2016-11-11 00:00:00
126,ラタトゥイユ_作り置き,490,3,,,1,2014-04-10 00:00:00,1,2016-11-11 00:00:00
127,チキンカレー_作り置き,493,3,8,,1,2016-05-23 12:00:27,1,2016-11-11 00:00:00
128,れんこん豚バラ,495,2,8,,1,2016-09-15 15:10:52,1,2016-11-11 00:00:00
129,レンコンのピリ辛煮_作り置き,503,3,,,1,2016-08-09 11:29:03,1,2016-11-11 00:00:00
130,レンコンハンバーグセット,504,2,8,,1,2016-11-01 15:24:36,1,2016-11-11 00:00:00
131,ローストビーフ_作り置き,506,3,,,1,2016-10-27 11:52:40,1,2016-11-11 00:00:00
132,わかめ_下準備,507,3,8,,1,2016-11-04 16:52:38,9,2017-06-02 16:42:30
133,わかめの和え物_作り置き,513,3,,,1,2016-06-14 15:32:11,1,2016-11-11 00:00:00
134,鯵の南蛮漬け_作り置き,516,3,,,1,2016-02-19 16:29:13,1,2016-11-11 00:00:00
135,鰯下味付,517,2,8,7,1,2016-08-29 12:04:55,1,2016-11-11 00:00:00
136,鰯の梅煮_作り置き,519,3,7,,1,2016-07-20 14:14:42,1,2016-11-11 00:00:00
137,塩肉じゃが_作り置き,521,3,,,1,2016-06-02 14:58:20,1,2016-11-11 00:00:00
138,塩肉じゃが_作り置き,521,3,,,1,2016-11-10 08:56:34,11,2017-11-09 14:10:08
139,甘辛鶏のから揚げ_作り置き,524,3,,,1,2016-08-04 10:37:55,1,2016-11-11 00:00:00
140,牛薄切り肉カット,525,2,8,,1,2015-12-07 12:47:46,1,2016-11-11 00:00:00
141,牛薄切り肉カット,525,2,8,7,1,2016-10-19 09:50:08,1,2016-11-11 00:00:00
142,牛肉カット,526,2,8,7,1,2016-07-01 11:33:08,1,2016-11-11 00:00:00
143,牛肉と筍の炒め物セット,529,3,8,,1,2016-07-11 11:38:41,1,2016-11-11 00:00:00
144,漁師の具たくさんスープセット,532,2,8,,1,2014-11-11 19:29:57,1,2016-11-11 00:00:00
145,玉ねぎ、アスパラ,533,3,,,1,2016-11-10 14:36:14,1,2016-11-11 00:00:00
146,玉ねぎ、アスパラ,533,3,8,10,1,2016-01-27 14:50:04,5,2017-04-18 10:44:26
147,玉ねぎ、人参,534,3,8,,1,2016-04-28 15:44:28,1,2016-11-11 00:00:00
148,鶏ごぼうつくねセット,536,2,8,10,1,2016-09-08 09:11:35,5,2017-09-04 17:49:46
149,鶏ささみの梅肉巻きセット,537,2,8,,1,2016-07-08 17:14:23,1,2016-11-11 00:00:00
150,スープセット_下準備,538,3,8,7,1,2016-08-25 11:38:47,1,2016-11-11 00:00:00
151,鶏とごぼうの揚げつくね_作り置き,540,3,,,1,2016-11-04 16:19:28,1,2016-11-11 00:00:00
152,鶏の味噌漬け焼きセット,549,2,8,7,1,2016-11-10 09:06:17,1,2016-11-11 00:00:00
153,鶏ハム_作り置き,550,3,,,1,2016-11-10 10:57:12,1,2016-11-11 00:00:00
154,鶏ミンチ下味付,551,2,8,7,1,2016-09-30 09:11:15,1,2016-11-11 00:00:00
155,鶏もも肉ハーブ,553,2,8,7,1,2015-11-06 13:57:35,1,2016-11-11 00:00:00
156,鶏手羽中下味付,554,2,8,7,1,2016-08-29 12:03:38,1,2016-11-11 00:00:00
157,鶏手羽中,555,2,8,7,1,2016-04-08 13:29:25,1,2016-11-11 00:00:00
158,鶏肉下味付,558,2,8,7,1,2016-06-15 15:48:30,1,2016-11-11 00:00:00
159,鶏肉下味付,559,2,8,7,1,2015-09-07 11:14:25,1,2016-11-11 00:00:00
160,鶏肉の黒酢炒めセット,562,2,8,,1,2016-09-01 10:48:16,1,2016-11-11 00:00:00
161,厚揚げとエリンギのおかか煮_作り置き,565,3,,,1,2016-11-02 09:58:44,1,2016-11-11 00:00:00
162,彩りそうめんセット,569,3,8,,1,2015-06-29 11:43:44,1,2016-11-11 00:00:00
163,鮭焼いてほぐす,574,3,8,,1,2016-02-19 13:07:06,1,2016-11-11 00:00:00
164,鮭,575,,8,,1,2016-11-10 11:45:33,1,2016-11-11 00:00:00
165,鮭,575,2,8,,1,2016-11-10 16:11:06,1,2016-11-11 00:00:00
166,鮭,575,2,8,7,1,2015-12-18 15:46:41,1,2016-11-11 00:00:00
167,鯖下味付,578,2,8,7,1,2016-02-23 10:30:30,1,2016-11-11 00:00:00
168,三色野菜_作り置き,581,3,,,1,2016-06-02 10:43:49,1,2016-11-11 00:00:00
169,三色野菜の卵炒めセット,582,3,8,,1,2016-07-21 09:42:35,1,2016-11-11 00:00:00
170,酸辣湯セット,583,3,8,,1,2016-06-07 14:33:15,1,2016-11-11 00:00:00
171,四川風串焼きセット,584,2,8,7,1,2016-06-16 16:13:32,1,2016-11-11 00:00:00
172,糸昆布とさつま揚げの煮物_作り置き,588,3,,,1,2016-10-13 15:23:39,1,2016-11-11 00:00:00
173,煮豚_作り置き,589,3,,,1,2016-02-18 13:56:49,1,2016-11-11 00:00:00
174,スープセット(団子),593,2,8,7,1,2016-08-25 11:39:43,1,2016-11-11 00:00:00
175,春雨スープセット(野菜),594,3,8,,1,2016-08-25 11:38:47,1,2016-11-11 00:00:00
176,焼売セット(包まない),599,2,8,,1,2014-04-10 00:00:00,1,2016-11-11 00:00:00
177,焼野菜セット,602,3,8,,1,2016-06-29 13:29:17,1,2016-11-11 00:00:00
178,ほぐした蒸し鶏,606,3,8,,1,2016-02-18 14:23:09,1,2016-11-11 00:00:00
179,人参、玉ねぎ、セロリ,608,3,8,,1,2016-08-31 09:46:58,1,2016-11-11 00:00:00
180,人参とツナの和え物_作り置き,611,3,,,1,2016-11-10 09:19:27,1,2016-11-11 00:00:00
181,水菜カット済,613,3,,,1,2016-08-05 13:14:36,1,2016-11-11 00:00:00
182,水菜カット済,613,3,8,,1,2016-09-09 11:49:15,1,2016-11-11 00:00:00
183,大根の甘酢漬け_作り置き,623,8,,,1,2016-09-15 14:29:19,1,2016-11-11 00:00:00
184,大根の浅漬け_作り置き,625,8,,,1,2016-01-06 13:45:08,1,2016-11-11 00:00:00
185,大豆と豚肩ロースの味噌煮_作り置き,626,3,,,1,2016-09-12 10:37:34,1,2016-11-11 00:00:00
186,大豆のサラダマリネ_作り置き,628,3,,,1,2016-08-30 09:27:48,1,2016-11-11 00:00:00
187,大豆入りごぼうのきんぴら_作り置き,629,3,,,1,2016-08-30 09:19:47,1,2016-11-11 00:00:00
188,筑前煮_作り置き,632,3,,,1,2015-03-13 14:09:51,1,2016-11-11 00:00:00
189,茶碗蒸しセット,633,3,8,,1,2016-10-03 09:17:10,1,2016-11-11 00:00:00
190,中華おこわセット,637,3,8,,1,2014-11-11 19:29:57,1,2016-11-11 00:00:00
191,中華風春雨サラダ_作り置き,640,3,,,1,2016-10-06 09:32:42,1,2016-11-11 00:00:00
192,長芋の肉巻きセット,644,2,8,,1,2014-04-10 00:00:00,1,2016-11-11 00:00:00
193,椎茸の肉詰めセット,646,2,8,,1,2016-01-21 15:26:18,1,2016-11-11 00:00:00
194,豆腐チゲセット,651,1,8,,1,2016-10-06 10:30:05,1,2016-11-11 00:00:00
195,豆腐の肉味噌かけセット,654,3,8,,1,2016-06-30 11:59:33,1,2016-11-11 00:00:00
196,豚ミンチ,656,2,8,,1,2016-11-10 16:49:33,1,2016-11-11 00:00:00
197,豚ミンチ,656,2,8,7,1,2016-02-29 13:05:19,1,2016-11-11 00:00:00
198,豚肉,657,2,8,7,1,2016-01-27 15:20:55,1,2016-11-11 00:00:00
199,豚肉の長芋梅巻きセット,660,2,8,,1,2016-07-14 15:32:06,1,2016-11-11 00:00:00
200,肉巻たまご_作り置き,671,3,,,1,2016-05-19 09:46:40,1,2016-11-11 00:00:00
392,茹でエビ,1196,1,8,3,1,2016-08-04 09:28:55,1,2016-11-11 00:00:00
201,梅ときゅうりの即席漬け_作り置き,673,3,,,1,2016-07-11 11:11:25,1,2016-11-11 00:00:00
202,白菜カット済,675,3,8,,1,2016-01-21 15:26:18,1,2016-11-11 00:00:00
203,"""野菜スープ_作り置き """,679,3,,,1,2014-12-19 16:42:37,1,2016-11-11 00:00:00
204,野菜と卵のスープセット,685,3,8,,1,2016-09-21 09:55:49,1,2016-11-11 00:00:00
205,皮むいた里芋,690,3,8,,1,2016-09-01 14:55:49,1,2016-11-11 00:00:00
206,筍ごはんセット,694,3,8,,1,2016-03-07 16:28:44,1,2016-11-11 00:00:00
207,餃子セット,697,2,8,,1,2015-04-22 11:43:03,1,2016-11-11 00:00:00
208,鰺,698,2,8,7,1,2016-07-27 13:26:07,1,2016-11-11 00:00:00
209,ごぼう乱切り済,701,3,8,,1,2016-09-21 12:04:10,1,2016-11-11 00:00:00
210,鮭の南蛮漬け_作り置き,702,3,,,1,2016-11-02 14:45:53,1,2016-11-11 00:00:00
211,豆腐バーグきのこあんかけセット,704,2,8,,1,2016-08-09 13:22:52,1,2016-11-11 00:00:00
212,鶏もも肉一口大カット,706,2,8,7,1,2016-01-28 14:28:12,1,2016-11-11 00:00:00
213,干し椎茸,707,3,8,,1,2016-09-21 12:04:10,1,2016-11-11 00:00:00
214,鶏もも肉カット下味付,711,2,8,7,1,2015-06-29 11:28:03,1,2016-11-11 00:00:00
215,鯖のきのこおろし_作り置き,713,3,,,1,2016-09-16 13:36:12,1,2016-11-11 00:00:00
216,鰯のごま煮_作り置き,716,3,,,1,2016-09-15 12:09:49,1,2016-11-11 00:00:00
217,炒めた玉ねぎ,718,3,8,,1,2016-11-09 11:32:10,1,2016-11-11 00:00:00
218,パンプキングラタン_作り置き,720,3,,,1,2016-10-19 09:35:50,1,2016-11-11 00:00:00
219,プルコギセット,722,2,8,,1,2016-08-04 13:38:10,1,2016-11-11 00:00:00
220,プルコギセット,722,3,8,,1,2016-08-04 13:45:37,1,2016-11-11 00:00:00
221,鯖下味付,725,2,8,7,1,2016-04-08 14:16:03,1,2016-11-11 00:00:00
222,豆乳鍋セット,729,3,8,,1,2016-10-24 15:00:40,1,2016-11-11 00:00:00
223,マッシュポテト,732,3,,,1,2016-11-07 14:01:33,1,2016-11-11 00:00:00
224,さんま頭と腹を取ったもの,734,2,8,7,1,2016-09-21 11:21:53,1,2016-11-11 00:00:00
225,里芋とイカの煮物_作り置き,736,3,,,1,2016-10-18 09:10:50,1,2016-11-11 00:00:00
226,鶏ミンチ下味付,737,2,8,7,1,2016-04-21 14:06:17,1,2016-11-11 00:00:00
227,stillたれで焼肉セット,738,2,8,7,1,2016-04-25 11:13:06,1,2016-11-11 00:00:00
228,きゅうりの辛子漬け3本_作り置き,739,3,,,1,2016-07-20 16:23:27,1,2016-11-11 00:00:00
229,キーマカレー_作り置き,740,3,8,,1,2016-05-20 16:49:55,1,2016-11-11 00:00:00
230,かぶのサラダ漬け_作り置き,745,5,,,1,2016-11-10 09:23:14,1,2016-11-11 00:00:00
231,かぼちゃのコロッケセット,752,2,8,,1,2016-06-27 15:14:43,1,2016-11-11 00:00:00
232,イカカット,753,2,8,7,1,2014-04-10 00:00:00,1,2016-11-11 00:00:00
233,鮭下味付,754,2,8,7,1,2016-11-10 09:27:14,1,2016-11-11 00:00:00
234,ベジスープセット,755,3,8,,1,2016-07-07 11:10:21,1,2016-11-11 00:00:00
235,カレー風味で肉じゃが_作り置き,756,3,,,1,2014-04-10 00:00:00,1,2016-11-11 00:00:00
236,かつお下味付,757,2,8,,1,2016-06-21 10:19:42,1,2016-11-11 00:00:00
237,玉ねぎカット済,758,3,8,,1,2016-01-28 13:16:56,1,2016-11-11 00:00:00
238,春菊、人参,759,3,8,,1,2015-06-16 14:33:56,1,2016-11-11 00:00:00
239,おから入りふわふわチキンボール_作り置き,760,3,,,1,2016-11-07 13:43:50,1,2016-11-11 00:00:00
240,カジキ下味付,761,2,8,7,1,2016-07-01 11:39:32,1,2016-11-11 00:00:00
241,コーンスープ_作り置き,762,3,8,,1,2016-10-19 15:57:47,1,2016-11-11 00:00:00
242,ダミーエビ,765,2,8,7,1,2016-02-05 17:20:19,1,2016-11-11 00:00:00
243,カット済鮭,768,2,8,7,1,2016-01-28 13:16:56,1,2016-11-11 00:00:00
244,レンコンとツナのオムレツ_作り置き,774,3,,,1,2016-03-09 15:51:33,1,2016-11-11 00:00:00
245,いんげんの胡麻和え_作り置き,776,3,,,1,2015-03-17 16:01:06,1,2016-11-11 00:00:00
246,衣付き鯵,782,2,8,,1,2016-03-08 14:18:39,1,2016-11-11 00:00:00
247,レンコンのきんぴら_作り置き,783,3,,,1,2016-10-06 10:39:32,1,2016-11-11 00:00:00
248,金時豆の甘煮_作り置き,787,3,,,1,2015-02-18 15:00:04,11,2017-11-09 14:10:17
249,おからハンバーグタネ,791,2,8,,1,2016-07-14 15:22:21,1,2016-11-11 00:00:00
250,鶏手羽元_下準備,794,2,8,7,1,2014-12-10 15:04:09,1,2016-11-11 00:00:00
251,カット済野菜,798,3,8,,1,2015-06-29 11:28:03,1,2016-11-11 00:00:00
252,オイスター炒め丼_下準備セット（きのこ）,800,3,8,,1,2016-11-10 09:32:57,1,2016-11-11 00:00:00
253,オイスター炒め丼_下準備セット（きのこ）,800,3,8,7,1,2016-11-10 09:35:01,1,2016-11-11 00:00:00
254,オイスター炒め丼_下準備セット（野菜）,801,3,8,,1,2016-11-10 09:32:57,1,2016-11-11 00:00:00
255,バーニャカウダ風焼き野菜１_下準備,802,3,8,,1,2016-07-21 10:32:35,3,2017-02-15 13:43:09
256,バーニャカウダ風焼き野菜2_下準備,803,3,8,,1,2016-07-21 10:32:35,1,2016-11-11 00:00:00
257,季節野菜のピクルス_作り置き,804,3,,,1,2016-09-01 10:45:29,1,2016-11-11 00:00:00
258,あさり_塩水で冷蔵保存,806,10,8,7,1,2016-07-21 09:12:48,1,2016-11-11 00:00:00
259,ホタテとサーモンとキウイのテリーヌ_作り置き,807,2,,,1,2015-09-15 10:15:50,1,2016-11-11 00:00:00
260,クリスピーロールカツ_下準備セット,809,3,8,,1,2016-03-10 14:41:48,1,2016-11-11 00:00:00
261,黒豆煮_作り置き,810,7,,,1,2016-03-10 14:48:17,1,2016-11-11 00:00:00
262,アーモンド田作り_作り置き,812,7,,,1,2016-03-10 14:49:48,1,2016-11-11 00:00:00
263,紅白なます_作り置き,814,7,,,1,2014-04-10 00:00:00,1,2016-11-11 00:00:00
264,鶏のごぼう巻き_作り置き,816,3,,,1,2016-10-07 15:51:37,11,2017-11-09 14:10:25
265,鶏のごぼう巻き_工程2,819,10,,,1,2016-10-07 15:51:37,1,2016-11-11 00:00:00
266,栗きんとん_作り置き,821,3,,,1,2016-03-10 15:12:33,11,2017-11-09 14:10:32
267,エビの含め煮_作り置き,823,3,,,1,2016-03-10 15:16:04,11,2017-11-09 14:10:39
268,松前漬け_作り置き,825,8,,,1,2016-03-10 15:27:03,1,2016-11-11 00:00:00
269,伊達巻き_作り置き,827,7,,,1,2016-03-10 15:28:41,1,2016-11-11 00:00:00
270,かぶのサーモン巻き_作り置き,831,2,,,1,2016-03-10 15:31:58,1,2016-11-11 00:00:00
271,オムレツ具材,838,3,8,,1,2016-03-10 15:50:08,1,2016-11-11 00:00:00
272,ちゃんこ_野菜カット,845,3,8,,1,2016-11-10 09:41:01,1,2016-11-11 00:00:00
273,ちゃんこ鍋_鶏つくね下準備,846,2,8,,1,2016-11-10 09:41:01,11,2017-11-22 11:04:34
274,大根とホタテのサラダ_作り置き,850,3,,,1,2016-08-25 11:34:23,1,2016-11-11 00:00:00
275,エビとかぶのクリーム煮_作り置き,853,3,,,1,2015-11-19 15:17:30,1,2016-11-11 00:00:00
276,牛肉とピーマンの細切り炒め_作り置き,855,3,,,1,2016-06-09 13:14:33,1,2016-11-11 00:00:00
277,ほうれん草と牡蠣のグラタン_下準備,857,1,,,1,2016-03-22 11:09:32,1,2016-11-11 00:00:00
278,ホワイトソース_作り置き,858,3,8,,1,2016-03-22 11:09:32,1,2016-11-11 00:00:00
279,みぞれ豚しゃぶ鍋_下準備,860,2,8,,1,2016-11-02 10:34:07,1,2016-11-11 00:00:00
280,おでん_作り置き,862,3,,,1,2015-12-18 15:46:05,1,2016-11-11 00:00:00
281,タラ切り身カット_下準備,863,2,8,7,1,2014-04-10 00:00:00,1,2016-11-11 00:00:00
282,ポトフ_作り置き,864,3,,,1,2016-10-13 15:27:15,1,2016-11-11 00:00:00
283,鶏のから揚げいんげんの甘辛_作り置き,866,3,,,1,2015-11-13 14:58:01,1,2016-11-11 00:00:00
284,タラと菜の花のサラダ風_作り置き,870,3,,,1,2016-02-10 15:16:23,1,2016-11-11 00:00:00
285,ポトフ_下準備,873,3,,,1,2016-10-13 09:14:50,11,2017-11-09 14:09:22
286,大根と手羽中の煮物_作り置き,876,3,,,1,2016-10-11 11:55:04,1,2016-11-11 00:00:00
287,大根カット_下準備,879,3,8,,1,2016-11-04 11:26:54,1,2016-11-11 00:00:00
288,塩揉みキャベツ_作り置き,880,3,,,1,2016-09-21 09:24:22,1,2016-11-11 00:00:00
289,ロールキャベツ_作り置き,881,3,8,,1,2016-02-19 11:39:30,1,2016-11-11 00:00:00
290,ロールキャベツ_下準備,883,3,8,,1,2015-11-19 15:45:00,1,2016-11-11 00:00:00
291,茹で小豆_下準備,885,3,8,,1,2015-11-19 15:17:58,1,2016-11-11 00:00:00
292,ビーフシチュー_作り置き,886,3,,,1,2016-02-24 15:59:56,1,2016-11-11 00:00:00
293,ビーフシチュー_作り置き,886,3,8,,1,2016-02-24 16:00:20,1,2016-11-11 00:00:00
294,青梗菜と玉ねぎ_下準備,890,3,,,1,2015-11-19 15:35:43,1,2016-11-11 00:00:00
295,青梗菜と玉ねぎ_下準備,890,3,8,,1,2016-03-11 11:45:39,1,2016-11-11 00:00:00
296,豚肉,891,2,8,7,1,2015-11-19 15:35:43,5,2017-09-04 17:34:47
297,タンドリーチキン浸けたところ,895,3,8,,1,2016-07-21 09:32:25,1,2016-11-11 00:00:00
298,玉ねぎ_櫛切り,896,3,8,,1,2016-10-19 10:28:36,1,2016-11-11 00:00:00
299,さけマヨ_下準備,900,3,8,7,1,2015-11-19 15:22:56,1,2016-11-11 00:00:00
300,ペペロンチーノ風_下準備,901,3,,,1,2015-11-19 15:22:56,1,2016-11-11 00:00:00
301,さわらのめんたいマヨ_下準備,902,3,8,,1,2016-11-09 09:15:42,1,2016-11-11 00:00:00
302,小エビ_下準備,903,3,8,7,1,2016-02-25 16:25:12,1,2016-11-11 00:00:00
303,イカとタコのマリネ,904,3,,,1,2016-11-10 09:26:07,1,2016-11-11 00:00:00
304,白身魚(切り身),907,3,8,7,1,2016-07-21 09:11:18,1,2016-11-11 00:00:00
305,ブロッコリー小房,912,3,,,1,2015-04-06 15:47:47,1,2016-11-11 00:00:00
306,筍(水煮)薄切り保存,913,3,,,1,2015-04-06 15:47:47,1,2016-11-11 00:00:00
307,肉そぼろ,914,3,8,,1,2016-08-02 10:54:47,1,2016-11-11 00:00:00
308,坦坦麺挽肉,915,3,8,,1,2016-11-04 11:40:50,11,2017-11-02 14:50:49
309,ジャガイモと豚バラのザーサイ炒め_作り置き,917,3,,,1,2016-09-01 09:56:13,1,2016-11-11 00:00:00
310,豚バラと大豆のチリコンカン_作り置き,918,3,,,1,2016-05-11 12:14:48,1,2016-11-11 00:00:00
311,大根いちょう切り_下準備,928,3,8,,1,2016-10-27 09:41:22,1,2016-11-11 00:00:00
312,杏仁豆腐_下準備,929,3,,,1,2014-04-10 00:00:00,1,2016-11-11 00:00:00
313,さわらごま酢_下準備,931,2,,7,1,2016-01-15 12:28:07,1,2016-11-11 00:00:00
314,アマトリチャーナ_下準備,935,3,,,1,2016-07-15 16:07:07,1,2016-11-11 00:00:00
315,豚肉の黒こしょう焼き_下準備,936,2,8,7,1,2016-07-04 20:30:14,1,2016-11-11 00:00:00
316,豚肉黒こしょう_野菜セット,937,3,,,1,2016-07-04 20:30:14,1,2016-11-11 00:00:00
317,鶏のゆずこしょう焼き_下準備,941,3,8,7,1,2015-08-18 10:17:30,1,2016-11-11 00:00:00
318,ほうれん草_下準備,945,3,,,1,2016-10-13 13:32:46,1,2016-11-11 00:00:00
319,ほうれん草_下準備,945,3,8,,1,2016-01-21 16:32:38,1,2016-11-11 00:00:00
320,野菜バター煮_野菜セット,946,3,,,1,2016-07-12 14:28:40,1,2016-11-11 00:00:00
321,ビビンバ_下準備,947,3,8,,1,2016-08-02 10:54:09,1,2016-11-11 00:00:00
322,青梗菜5cmカット,948,3,8,,1,2016-01-21 15:55:32,1,2016-11-11 00:00:00
323,肉コロうどん_豚肉下準備,949,2,8,7,1,2016-08-03 11:13:26,1,2016-11-11 00:00:00
324,ビビンバ豚こま_下準備,950,3,8,,1,2015-05-13 15:32:41,1,2016-11-11 00:00:00
325,じゃがいも_下準備,951,3,,10,1,2016-08-29 15:09:58,5,2017-09-05 09:45:32
326,人参と玉ねぎスープ_下準備,952,3,8,,1,2016-10-31 10:09:33,1,2016-11-11 00:00:00
327,人参とかぼちゃのゴマ味噌_作り置き,955,3,,,1,2016-11-07 13:40:43,1,2016-11-11 00:00:00
328,ブリの照り焼きカレー_下準備,956,2,8,7,1,2016-09-15 14:34:04,1,2016-11-11 00:00:00
329,豚と筍の山椒煮_作り置き,959,3,,,1,2015-05-25 09:45:14,1,2016-11-11 00:00:00
330,スペアリブ下味_下準備,962,3,7,7,1,2016-11-07 13:33:16,1,2016-11-11 00:00:00
331,ひじきと枝豆のサラダ_下準備,964,3,,,1,2016-06-07 13:05:44,1,2016-11-11 00:00:00
332,あなごの梅しそ巻き_下準備,969,2,,,1,2016-05-12 10:20:39,1,2016-11-11 00:00:00
333,かれい_下準備,970,2,7,7,1,2016-10-14 11:11:23,1,2016-11-11 00:00:00
334,ソラマメと豚ロースのサラダ_作り置き,973,3,,,1,2016-04-28 16:35:40,1,2016-11-11 00:00:00
335,ズッキーニハンバーグ_作り置き,974,2,,,1,2015-06-11 14:49:21,1,2016-11-11 00:00:00
336,えのきとネギのスープ_下準備,981,3,8,,1,2014-04-10 00:00:00,1,2016-11-11 00:00:00
337,すき煮_下準備,982,3,,,1,2015-06-25 15:38:39,1,2016-11-11 00:00:00
338,こんがりポテトのポークサラダ_作り置き,997,3,,,1,2016-04-08 13:50:57,1,2016-11-11 00:00:00
339,太刀魚_下準備,999,3,,7,1,2016-06-27 11:29:08,1,2016-11-11 00:00:00
340,とうもろこしの焼きしゅうまい_作り置き,1001,3,,,1,2016-07-08 14:37:36,1,2016-11-11 00:00:00
341,ふんわりイカバーグ_下準備,1002,2,,,1,2016-01-29 13:59:10,1,2016-11-11 00:00:00
342,ふんわりイカバーグ_下準備,1002,2,8,,1,2016-04-25 12:49:30,1,2016-11-11 00:00:00
343,じゃがいもとベーコンの煮物アレンジ_下準備,1008,3,,,1,2015-11-17 12:48:09,1,2016-11-11 00:00:00
344,ハンバーグのトマトソース煮_作り置き,1009,3,,,1,2016-09-06 16:12:15,1,2016-11-11 00:00:00
345,じゃがいもとベーコンの煮物_作り置き,1012,3,,,1,2016-07-12 14:24:15,1,2016-11-11 00:00:00
346,鯖切り目入り_下準備,1033,2,8,7,1,2016-09-01 14:34:28,1,2016-11-11 00:00:00
347,白身魚カット済み_下準備,1043,2,8,7,1,2015-10-16 11:35:28,1,2016-11-11 00:00:00
348,人参とごぼうのきんぴら_作り置き,1051,3,,,1,2016-03-24 17:25:59,1,2016-11-11 00:00:00
349,あげの含め煮(正方形)_作り置き,1052,3,,,1,2015-11-11 15:48:50,1,2016-11-11 00:00:00
350,塩つくね_作り置き,1053,3,,10,1,2015-11-11 15:27:31,5,2017-09-04 17:49:27
351,鶏の照り焼き_作り置き,1054,3,,,1,2016-07-25 10:58:09,1,2016-11-11 00:00:00
352,鶏ごぼうめし_下準備,1059,3,,,1,2016-11-09 11:37:18,1,2016-11-11 00:00:00
353,きのこ鍋セット_下準備,1062,2,8,,1,2016-01-21 15:55:32,1,2016-11-11 00:00:00
354,きのこ汁セット_下準備,1085,2,8,,1,2016-09-14 11:17:23,1,2016-11-11 00:00:00
355,小倉ミルクゼリー_作り置き,1090,2,,,1,2015-11-17 10:48:54,1,2016-11-11 00:00:00
356,いんげん_下準備,1091,3,8,,1,2015-11-20 12:52:19,1,2016-11-11 00:00:00
357,きのこスープ_下準備,1092,3,8,,1,2016-10-27 11:25:52,1,2016-11-11 00:00:00
358,タルタル風ソース_下準備,1093,3,,,1,2016-02-19 12:43:12,1,2016-11-11 00:00:00
359,鶏と野菜の甘酢からめ_作り置き,1094,3,,,1,2016-10-11 10:29:57,1,2016-11-11 00:00:00
360,さつまいもペースト_下準備,1103,2,8,,1,2015-12-15 11:46:17,1,2016-11-11 00:00:00
361,ほうれん草切り_下準備,1108,3,7,,1,2016-09-08 16:09:51,3,2017-03-03 10:59:44
362,ポーチドエッグセット_下準備,1109,3,8,,1,2016-11-04 10:13:42,1,2016-11-11 00:00:00
363,しじみ_下準備,1121,10,8,7,1,2016-11-04 09:17:22,1,2016-11-11 00:00:00
364,玉ねぎ、しめじ_下準備,1122,3,8,,1,2015-12-18 15:14:14,1,2016-11-11 00:00:00
365,オムそば_野菜セット,1123,3,8,,1,2016-03-25 14:40:15,1,2016-11-11 00:00:00
366,ちくわ天とじ丼_下準備,1128,3,,,1,2016-04-28 13:37:02,1,2016-11-11 00:00:00
367,かき揚げ野菜セット_下準備,1140,3,,,1,2016-02-25 16:25:12,1,2016-11-11 00:00:00
368,生チョコ_下準備,1141,3,,,1,2016-02-05 11:07:51,1,2016-11-11 00:00:00
369,海老とブロッコリーのサラダ_作り置き,1155,3,,,1,2016-03-03 11:44:40,1,2016-11-11 00:00:00
370,ふんわりつくね_作り置き,1157,3,,,1,2016-08-05 13:26:29,1,2016-11-11 00:00:00
371,甘酢目玉焼き_作り置き,1159,2,,,1,2016-03-03 12:55:22,1,2016-11-11 00:00:00
372,簡単ポークピカタ_作り置き,1161,3,,,1,2016-03-07 12:34:56,1,2016-11-11 00:00:00
373,お手軽牛丼_作り置き,1163,3,,,1,2016-04-19 10:55:07,11,2017-11-09 14:10:46
374,アスパラ入り卵焼き_作り置き,1165,3,,,1,2016-03-03 12:40:49,1,2016-11-11 00:00:00
375,鶏もも肉の甘味噌焼き_下準備,1168,3,8,7,1,2016-09-29 16:11:12,1,2016-11-11 00:00:00
376,さわらの西京焼き_下準備,1171,2,,7,1,2016-03-03 13:06:35,1,2016-11-11 00:00:00
377,名古屋風だし巻きたまご_作り置き,1173,2,,,1,2016-04-14 13:18:46,1,2016-11-11 00:00:00
378,豆乳ブランマンジェ_作り置き,1175,3,,,1,2016-03-15 11:58:54,1,2016-11-11 00:00:00
379,タコ,1176,3,8,,1,2016-10-19 16:17:46,1,2016-11-11 00:00:00
380,ごろごろトマトソース_作り置き,1177,2,7,,1,2016-06-27 16:14:34,1,2016-11-11 00:00:00
381,トンカツ_作り置き,1178,3,10,,1,2016-06-27 16:14:34,5,2017-09-05 09:42:47
382,キャベツとアボカドときゅうりのグリーンサラダ_作り置き,1180,2,,,1,2016-09-15 15:36:56,1,2016-11-11 00:00:00
383,簡単！おあげのハンバーグあんかけあげ焼き_下準備,1182,3,,,1,2016-06-06 14:58:06,3,2017-01-12 10:29:15
384,簡単！おあげのハンバーグあんかけあん_下準備,1183,3,,,1,2016-06-06 14:58:06,3,2017-01-12 10:29:31
385,舞茸,1185,3,8,,1,2016-09-14 11:12:29,1,2016-11-11 00:00:00
386,きゅうり乱切り_下準備,1186,3,,,1,2016-06-27 10:50:14,1,2016-11-11 00:00:00
387,中華飯下準備,1187,2,8,,1,2016-07-19 10:18:15,1,2016-11-11 00:00:00
388,牛肉と菜の花と筍のごま味噌風味_下準備,1188,3,,,1,2016-07-21 15:27:02,1,2016-11-11 00:00:00
389,イカ刺身,1192,1,8,3,1,2016-08-04 09:28:55,1,2016-11-11 00:00:00
390,茹でタコ,1193,1,8,3,1,2016-08-04 09:28:55,1,2016-11-11 00:00:00
391,鶏肉とブロッコリーのこってり炒め_作り置き,1194,3,,,1,2016-09-06 15:39:40,1,2016-11-11 00:00:00
393,厚揚げの鶏そぼろ煮_作り置き,1214,2,,,1,2016-09-21 16:25:31,1,2016-11-11 00:00:00
394,写真無し中間材料1,,3,,,,2016-01-20 13:13:12,,2016-11-11 00:00:00
395,写真無し中間材料2,,2,8,,,2016-10-02 16:56:47,,2016-11-11 00:00:00
396,写真無し中間材料3,,3,8,,,2016-10-02 17:02:14,,2016-11-11 00:00:00
397,シェルマカロニバジル風味_作り置き,1284,3,,,3,2016-12-14 17:03:29,3,2016-12-14 17:06:16
398,金目鯛とごぼうの含め煮_作り置き,1286,3,,,3,2016-12-14 17:04:17,3,2016-12-14 17:06:42
399,千切り野菜で食べる鯖の唐揚げ_作り置き,1289,3,,,3,2016-12-15 09:01:48,3,2016-12-15 09:01:48
400,白身魚のとろーりモッツァレラチーズ鍋_トマトソース,1291,3,8,,3,2016-12-15 13:28:14,3,2016-12-15 13:28:14
401,究極の黒豚で根菜バーグきのこあんかけ_ハンバーグ,1293,3,,,3,2016-12-15 15:03:50,3,2016-12-15 15:03:50
402,究極の黒豚で根菜バーグきのこあんかけ_あんかけ,1295,3,,,3,2016-12-15 15:04:24,3,2016-12-15 15:04:24
403,鶏ささみと水菜の柚子ドレッシング_作り置き,1299,3,,,3,2016-12-16 09:25:32,3,2016-12-16 09:25:32
404,生麩と野菜の柚子味噌かけ_柚子味噌,1302,3,8,,3,2016-12-16 11:55:47,3,2016-12-26 12:16:01
405,生麩と野菜の柚子味噌かけ_野菜,1301,3,,,3,2016-12-16 11:56:18,3,2016-12-16 11:56:18
406,大根の煮物_下準備1,1306,3,,,3,2017-01-06 13:12:45,3,2017-01-23 10:20:30
407,ひき肉_下準備1,1308,2,8,7,3,2017-01-06 13:13:25,3,2017-01-23 10:20:02
408,鶏肉_下準備1,1311,2,8,7,3,2017-01-06 13:52:28,3,2017-01-23 10:19:45
409,中華飯具材セット,638,2,8,,3,2017-01-10 14:00:10,3,2017-01-10 14:00:10
410,ブリと豆腐のすき煮,1313,3,,,3,2017-01-16 09:55:26,3,2017-01-16 09:55:26
411,ブリと野菜のトマト煮_作り置き,1315,3,,,3,2017-01-16 10:19:20,3,2017-01-16 10:19:20
412,鮭とほうれん草のオムレツ_オムレツ,1317,3,,,3,2017-01-16 11:36:47,3,2017-01-16 11:36:47
413,鮭とほうれん草のオムレツ_ソース,1318,3,,,3,2017-01-16 11:37:08,3,2017-01-16 11:37:08
414,鮭と野菜の甘辛ねぎソース_作り置き,1320,3,,,3,2017-01-16 12:08:50,3,2017-01-16 12:08:50
415,ポテト＆ポークのデリ風ホットサラダ_作り置きPLC,1322,3,,,3,2017-01-18 10:15:01,3,2017-01-18 10:17:32
416,鮭の南蛮漬け_作り置きPLC,1324,3,,,3,2017-01-18 10:17:14,3,2017-01-18 10:17:14
417,魚介とたっぷり野菜の中華丼_作り置きPLC,1326,3,,,3,2017-01-18 10:18:29,3,2017-01-18 10:18:29
418,もっちり蓮根の挟み焼き_作り置きPLC,1328,3,8,,3,2017-01-18 10:21:26,3,2017-01-18 10:21:26
419,ナスのミートグラタン_作り置きPLC,1330,3,8,,3,2017-01-18 10:22:51,3,2017-01-18 10:22:51
420,ほうれん草と人参の胡麻和え_作り置きPLC,1331,3,,,3,2017-01-18 10:23:46,3,2017-01-18 10:23:46
421,切り干し大根モリモリサラダ_作り置きPLC,1332,3,,,3,2017-01-18 10:24:31,3,2017-01-18 10:24:31
422,中華風春雨とササミのサラダ_作り置きPLC,1333,3,,,3,2017-01-18 10:25:18,3,2017-01-18 10:25:18
423,具沢山ミネストローネ_作り置きPLC,1334,3,8,,3,2017-01-18 10:26:02,3,2017-01-18 10:26:02
424,大豆入りごぼうのきんぴら,1335,3,8,,3,2017-01-18 10:26:35,3,2017-01-18 10:26:35
425,ひき肉と小松菜のカレースープ_下準備1,1336,3,8,,3,2017-01-19 14:50:04,3,2017-01-19 14:50:04
426,月見鶏つくね_下準備1,1342,2,8,10,3,2017-01-23 10:16:38,5,2017-09-04 17:49:38
427,ブリ_下準備1,1344,2,8,7,3,2017-01-23 10:21:19,3,2017-01-23 10:21:19
428,鶏もも肉_下準備1,1346,2,8,7,3,2017-01-23 10:22:05,3,2017-01-23 10:22:05
429,白身魚_下準備1,1348,2,8,7,3,2017-01-23 10:22:47,3,2017-01-23 10:22:47
430,人参と生姜のテリヤキ炒め_作り置き,1349,3,,,3,2017-01-23 12:58:36,11,2017-11-09 14:09:13
431,キャロットラペ1,1350,7,,,3,2017-01-23 13:31:43,3,2017-01-23 13:31:43
432,チキンソテー＆キャロットラペ用鶏肉_下準備1,1351,2,8,7,4,2017-01-25 11:39:56,3,2017-02-17 14:49:09
433,ブリ_下準備,1357,2,8,7,3,2017-02-06 13:09:40,3,2017-02-06 13:09:40
434,鮭_下準備1,1361,2,8,7,3,2017-02-09 11:20:21,3,2017-02-09 11:20:21
435,ブロッコリー下茹で_下準備1,1364,3,8,,3,2017-02-09 13:46:02,3,2017-02-09 13:46:02
436,ベーコンカット_下準備1,1365,7,8,8,3,2017-02-09 13:46:57,11,2017-10-24 14:20:00
437,玉ねぎの甘酢漬け_下準備1,1366,7,,,3,2017-02-09 14:16:00,3,2017-02-09 14:16:00
438,タラ切り身_下準備1,1368,2,8,7,3,2017-02-09 16:03:12,3,2017-02-09 16:37:55
439,酢蓮_下準備1,1370,7,,,3,2017-02-10 17:12:34,3,2017-02-13 12:11:47
440,タレ漬け鶏肉_下準備1,1375,,8,,3,2017-02-17 14:57:00,3,2017-02-21 10:15:43
441,豚ばら肉_下準備1,1380,2,8,7,3,2017-02-21 10:14:35,3,2017-02-21 10:15:32
442,鶏もも肉2_下準備1,1381,2,8,7,3,2017-02-21 13:26:43,3,2017-02-21 13:26:43
443,味わいたっぷり豚丼_下準備,1384,3,8,10,3,2017-02-28 10:54:06,5,2017-09-18 22:21:12
444,さわら_下準備1,1396,,8,7,3,2017-03-16 09:36:19,3,2017-03-16 09:36:19
445,菜の花_下準備1,1397,3,8,,3,2017-03-16 11:06:30,9,2017-06-22 14:11:40
446,ドレッシングのベース_下準備1,1398,7,,,3,2017-03-16 11:07:10,3,2017-03-16 11:07:10
447,冷蔵あさり_下準備1,1400,10,8,7,3,2017-03-16 11:42:56,9,2017-06-22 14:14:43
448,カレー_下準備,1404,3,8,,3,2017-03-22 10:42:05,3,2017-03-22 10:42:05
449,あさり_下準備1,1407,10,8,7,3,2017-03-22 14:48:10,3,2017-03-30 12:07:24
450,筍_下準備1,1408,8,,,3,2017-03-22 14:51:22,3,2017-03-22 14:51:22
451,豚肩ロース_下準備1,1410,2,8,7,3,2017-03-22 16:40:48,3,2017-03-22 16:40:48
452,鶏むね肉とお豆の具だくさんスープ_作り置き,1415,3,,,3,2017-03-29 17:31:16,3,2017-03-29 17:31:16
453,洋野菜ストック,1418,3,8,,9,2017-04-07 14:03:02,9,2017-04-07 14:03:02
454,アスパラ、エリンギ,1423,3,8,10,5,2017-04-18 10:43:32,5,2017-04-18 10:44:00
455,ナムル_下準備,1424,3,7,,9,2017-04-19 10:50:34,9,2017-04-19 10:50:34
456,タレ漬け牛肉_下準備,1425,3,7,7,9,2017-04-19 10:51:15,9,2017-04-26 10:35:05
457,きゅうりのハニーマスタード和え_下準備,1429,3,,,9,2017-04-24 13:43:05,9,2017-04-24 13:43:05
458,スライスベーコン(ハーフ)_下準備,1431,7,8,8,9,2017-04-24 13:47:19,9,2017-04-26 17:03:36
459,チーズさいのめ_下準備,1434,7,7,10,9,2017-04-24 14:29:31,9,2017-04-26 16:55:56
460,合挽きミンチ_下準備,1436,3,8,7,9,2017-04-24 14:30:58,9,2017-06-22 14:13:11
461,アスパラ_下準備,1441,3,8,10,9,2017-04-25 11:54:57,9,2017-06-22 14:10:43
462,ひき肉ジップロック_下準備1,1442,3,7,7,9,2017-04-26 10:24:41,9,2017-04-26 10:24:41
463,鶏肉セロリ葉ジップロック_下準備,1447,3,7,,9,2017-05-22 10:31:20,9,2017-05-22 10:31:20
464,豚肉_下準備,1449,2,8,7,9,2017-05-22 10:43:53,5,2017-09-04 17:35:41
465,豚肉ジップロック_下準備,1453,1,7,7,9,2017-05-22 10:46:27,9,2017-05-22 10:46:27
466,鶏肉ジップロック_下準備,1455,3,7,7,9,2017-05-22 10:48:37,9,2017-05-22 10:48:37
467,新しょうがの黒酢ピクルス_作り置き,1469,7,,,9,2017-05-29 09:45:59,9,2017-05-29 09:45:59
468,トマトときのこのスープ_下準備,1479,3,,,9,2017-06-16 14:51:45,9,2017-06-16 14:51:45
469,白ねぎカット_下準備,1480,3,8,10,9,2017-06-16 16:11:01,9,2017-06-22 14:19:10
470,モロヘイヤ_下準備1,1485,3,7,,9,2017-06-26 10:05:22,9,2017-06-26 10:05:22
471,モロヘイヤ刻み_下準備1,1490,3,7,,9,2017-06-26 10:05:59,9,2017-06-26 10:05:59
472,エビ_下準備1,1492,2,8,7,9,2017-06-26 10:07:01,5,2018-02-23 13:24:42
473,豚肉切_下準備1,1486,2,8,7,9,2017-06-26 10:09:20,5,2017-09-04 17:38:36
474,野菜のキムチマヨ炒め_下準備1,1494,3,,,9,2017-06-26 10:19:41,9,2017-06-26 10:19:41
475,きゅうりとみょうがの酢の物,1498,5,10,10,5,2017-06-27 18:07:15,5,2017-06-27 18:07:15
476,枝豆すりつぶし,1508,3,8,10,11,2017-07-06 13:48:04,11,2017-07-06 13:48:04
477,枝豆つくね丼下準備,1510,2,8,10,11,2017-07-06 15:36:55,5,2017-08-18 22:05:53
478,ガスパチョ_作り置き,1519,3,7,10,11,2017-07-11 16:13:18,11,2017-07-11 16:15:13
479,揚げナスの素麺_下準備,1523,3,,10,11,2017-07-13 13:56:29,11,2017-07-13 13:56:29
480,トマトの煮びたし_作り置き,1525,3,,,11,2017-07-13 14:57:04,11,2017-07-13 14:57:04
481,鯵の揚げない南蛮漬け,1536,7,,,11,2017-07-20 14:38:10,11,2017-07-20 14:40:06
483,タコライス_下準備,1546,3,,,11,2017-07-24 14:07:04,11,2017-07-24 14:11:03
484,オクラとレタスの和風スープ,1547,3,7,,11,2017-07-24 14:44:30,11,2017-07-24 14:46:14
485,合挽き肉_下準備,1548,3,8,7,11,2017-07-26 13:55:03,11,2017-07-26 13:56:44
486,人参とごぼうのきんぴら_作り置き,1553,3,,,11,2017-07-31 14:46:41,11,2017-07-31 14:47:50
487,冬瓜の冷製作り置き,1565,2,2,,11,2017-08-02 10:01:43,11,2017-08-02 11:25:04
488,豚バラ肉_下準備,1575,2,8,7,11,2017-08-24 15:24:30,5,2017-09-04 17:38:46
489,鶏と根菜のうま煮_作り置き,1591,3,10,10,5,2017-09-04 09:49:40,11,2017-12-19 11:50:12
490,牛肉（カレー・シチュー用）,1596,2,8,7,5,2017-09-04 10:09:49,5,2017-09-04 10:09:49
491,ブリの照り焼き_下準備（下味付き）,1597,3,8,10,5,2017-09-04 10:13:13,11,2017-12-19 11:49:58
492,さんま頭と腹を取ったもの,1599,2,8,7,11,2017-09-11 11:04:11,11,2017-09-11 11:04:11
493,ホットプレートでお手軽ビビンバの野菜,1608,1,7,10,5,2017-09-12 18:48:43,5,2017-09-12 18:48:43
494,ホットプレートでお手軽ビビンバの牛肉,1610,1,7,7,5,2017-09-12 18:49:45,5,2017-09-12 18:49:45
495,鶏むね肉のパプリカビネガー風_作り置き,1617,3,10,10,5,2017-09-18 21:36:32,11,2017-12-19 11:50:27
496,牛肉_下準備,1630,2,8,7,11,2017-09-26 11:56:20,11,2017-09-26 11:56:20
497,鶏もも肉_下準備2,1631,2,8,7,11,2017-09-26 11:57:14,11,2017-09-26 11:57:14
498,鶏もも肉カット_下準備,1632,2,8,7,11,2017-09-26 11:57:41,11,2017-09-26 11:57:41
499,ほうれん草_下準備2,1636,3,8,10,11,2017-09-26 12:08:48,11,2017-09-26 12:08:48
500,エビ茹で_下準備,1638,3,8,10,11,2017-09-27 09:10:05,11,2017-10-24 14:00:22
501,かぼちゃ茹で_下準備,1639,3,8,10,11,2017-09-27 09:10:58,11,2017-10-24 14:01:56
502,じゃがいも茹で_下準備,1641,3,8,10,11,2017-09-27 09:12:09,11,2017-10-24 14:01:49
503,ブロッコリー茹で_下準備,1642,3,8,10,11,2017-09-27 09:13:04,11,2017-11-28 11:19:21
504,ハンバーグセット_下準備,368,2,8,7,11,2017-10-05 13:58:06,11,2017-10-24 14:01:32
505,かぼちゃ角切り下茹で_下準備,1706,3,8,10,11,2017-10-10 13:23:00,11,2017-10-24 14:01:25
506,玉ねぎ、ベーコン、しめじ炒め_下準備,1707,3,8,10,11,2017-10-10 13:23:56,11,2017-10-24 14:01:17
507,鶏むね肉下味付_下準備,1703,3,8,7,11,2017-10-10 14:33:35,11,2017-10-24 14:01:03
508,豚ばら肉薄切り_下準備,1719,2,8,7,11,2017-10-24 11:15:49,11,2017-10-24 14:00:50
509,豚ばら肉薄切り_下準備,1728,2,8,7,11,2017-10-24 11:55:34,11,2017-10-24 14:00:44
510,鶏もも肉カット_下準備2,1739,2,8,7,11,2017-10-24 13:34:28,11,2017-10-24 13:34:28
511,豚ばら肉下味付_下準備,1747,2,8,7,11,2017-10-30 13:10:55,11,2017-10-30 13:12:12
512,塩鮭入りじゃがいも餅のあんかけ_下準備,1751,3,8,10,11,2017-11-13 16:15:53,11,2017-12-19 11:51:05
513,ふろふき大根_下準備,1765,3,8,10,11,2017-11-22 11:31:24,11,2017-12-19 11:50:52
514,肉うどん牛肉_下準備,1798,2,8,7,11,2017-11-28 11:11:07,11,2017-11-28 11:11:07
515,すき焼き風煮牛肉_下準備,1794,2,8,7,11,2017-11-28 11:15:50,11,2017-11-28 11:15:50
516,カニかまあん豆腐ブロッコリー_下準備,1782,3,8,10,11,2017-11-28 11:17:56,11,2017-11-28 11:17:56
517,カニかまサラダブロッコリー_下準備,1788,3,8,10,11,2017-11-28 11:18:59,11,2017-11-28 11:18:59
518,ブロッコリーとえのき茸のナムル_下準備,1799,3,8,10,11,2017-11-28 11:36:33,11,2017-12-19 11:53:08
519,チキンボール_下準備,1801,2,8,10,11,2017-12-05 15:45:51,11,2017-12-19 11:52:57
520,チキンボールの炒り煮_作り置き,1803,3,10,10,11,2017-12-05 15:48:41,11,2017-12-19 11:52:45
521,肉団子とネギのスープ_下準備,1807,2,8,10,11,2017-12-05 15:56:26,11,2017-12-19 11:52:31
522,ブリ下味付き_下準備,1810,3,8,7,11,2017-12-14 15:13:07,11,2017-12-19 11:49:31
523,おもちのイタリアン春巻き_下準備,1812,2,8,,11,2017-12-19 10:44:32,11,2017-12-20 10:46:22
524,おもちのイタリアン春巻き_下準備,1813,2,8,,11,2017-12-19 10:47:30,11,2017-12-20 10:46:28
525,餅とツナの肉巻き_作り置き,1815,3,10,10,11,2017-12-19 11:41:06,11,2017-12-19 11:48:37
526,かぶのみぞれ鍋鶏肉カット_下準備写真,1827,2,8,7,11,2017-12-19 15:01:08,11,2017-12-19 15:01:56
527,鶏肉とれんこんの塩煮込み,1828,2,8,7,11,2017-12-19 15:07:05,11,2017-12-19 15:07:05
528,豚肉とトマトのガーリック炒め,1829,2,8,7,11,2017-12-19 15:09:45,11,2017-12-19 15:09:45
529,豚肉ときのこのさっぱりポン酢炒め,1830,2,8,7,11,2017-12-19 15:12:31,11,2017-12-19 15:12:31
530,れんこんのきんぴら,1831,3,10,10,11,2017-12-19 15:14:58,11,2017-12-19 15:14:58
531,サーモンのかぶ巻き,829,7,10,,11,2017-12-22 10:08:35,11,2017-12-22 10:08:35
532,もつ（下茹で済み）,1900,3,8,7,5,2018-01-16 08:34:19,5,2018-01-16 08:34:19
533,もつの味噌炒め下準備,1901,3,8,7,5,2018-01-16 08:35:14,5,2018-01-16 08:35:14
534,ハムとフレッシュ野菜のサラダ,364,3,10,10,5,2018-01-22 11:37:36,5,2018-01-22 11:37:36
535,豚ばら肉薄切り＿下準備,1575,2,8,7,5,2018-01-26 09:42:17,5,2018-01-26 09:42:17
536,下準備_はまぐり,1949,,,,15,2018-02-15 17:21:22,15,2018-02-15 17:21:22
537,下準備_ちらし寿司具（みじん切り）,1948,3,8,10,15,2018-02-15 17:21:48,5,2018-02-22 09:27:29
538,下準備_ちらし寿司の具（煮はまぐり）,1947,3,8,10,15,2018-02-15 17:22:05,5,2018-02-22 09:27:38
539,下準備_ちらし寿司の具（錦糸卵）,1946,3,8,10,15,2018-02-15 17:22:21,5,2018-02-22 09:27:47
540,下準備_ちらし寿司の具（えび）,1945,3,8,10,15,2018-02-15 17:29:15,5,2018-02-22 09:27:53
541,下準備_ちらしずしの具（飾りつけ用）,1944,3,3,10,15,2018-02-15 17:29:29,15,2018-02-19 17:44:29
542,作り置き写真_じゃがいもとカニかまのサラダ_作り置き,212,3,,,15,2018-02-15 18:15:14,15,2018-02-20 15:59:02
543,作り置き写真_きのこのマリネ_作り置き,110,3,,,15,2018-02-15 18:31:15,15,2018-02-20 15:58:37
544,いんげんのそぼろ炒め＿下準備,2037,3,8,7,5,2018-03-21 18:50:47,5,2018-04-12 14:21:07
547,鶏肉を漬ける,2029,3,8,7,15,2018-03-29 11:00:08,15,2018-03-29 11:00:08
548,漬け込む,2031,3,8,7,15,2018-03-29 11:01:01,15,2018-03-29 11:01:01
549,チーズ入り鮭じゃがいも餅_作り置き,2039,3,8,10,15,2018-04-03 12:42:09,15,2018-04-03 12:44:39
550,彩野菜ドレッシング有_作り置き,2033,3,7,,15,2018-04-03 12:52:44,15,2018-04-03 12:52:44
551,鯛わかめ_下準備写真,2062,3,8,7,15,2018-04-06 11:27:30,15,2018-04-06 11:30:03
552,新じゃがサラダ_下準備写真,2061,3,8,10,15,2018-04-06 11:31:29,15,2018-04-06 11:31:29
553,わかめの和え物_下準備写真,2060,3,8,7,15,2018-04-06 11:33:58,15,2018-04-06 11:33:58
554,リゾット_下準備写真,2059,3,8,7,15,2018-04-06 11:35:09,15,2018-04-06 11:35:09
555,ミモザサラダ_下準備写真,2058,3,8,10,15,2018-04-06 11:36:11,15,2018-04-06 11:36:11
556,まぜそば_下準備写真,2057,3,8,7,15,2018-04-06 11:36:59,15,2018-04-06 11:36:59
557,ポトフ_下準備写真,2056,3,8,10,15,2018-04-06 11:37:53,15,2018-04-06 11:37:53
558,ピーマンピリ辛_下準備写真,2055,3,8,10,15,2018-04-06 11:38:44,15,2018-04-06 11:38:44
559,グラタン_下準備写真,2054,3,8,10,15,2018-04-06 11:39:32,15,2018-04-06 11:39:32
560,えんどうスープ_下準備写真,2052,3,8,10,15,2018-04-06 11:40:15,15,2018-04-06 11:40:15
561,いわしのロールフライ,2016,3,10,10,5,2018-04-12 14:02:24,5,2018-04-12 14:02:24
562,セロリと鶏肉の洋風煮込み,2074,3,10,10,5,2018-04-12 14:26:03,5,2018-04-12 14:26:03
563,醤油味のポークソテー_下準備写真1,2089,3,8,7,15,2018-04-23 18:32:43,15,2018-04-23 19:38:37
564,豚肉,2103,3,8,7,15,2018-04-23 19:50:55,15,2018-04-23 19:50:55
565,切り干し大根モリモリサラダ_作り置き写真,2116,3,8,,15,2018-06-04 17:45:39,15,2018-06-04 17:50:22
566,とうもろこしの焼きしゅうまい_作り置き写真,2110,,,,15,2018-06-04 17:47:14,15,2018-06-04 17:49:11
567,鯖味噌煮のブイヤベース風_作り置き写真,2112,,,,15,2018-06-04 17:47:58,15,2018-06-04 17:49:22
568,ラタトゥイユ_作り置き写真,2113,,,,15,2018-06-04 17:48:39,15,2018-06-04 17:49:36
