recipe_season_id,recipe_id,season_start,season_end,created_id,created_at,updated_id,updated_at
42,75,1201,631,1,2014-11-13 10:41:25,1,2016-01-22 12:40:54
146,265,1201,231,1,2014-11-13 10:41:25,1,2014-11-26 11:26:18
148,267,1201,231,1,2014-11-13 10:41:25,1,2014-12-04 22:13:37
151,271,701,931,1,2014-11-13 10:41:25,1,2016-06-28 15:22:49
162,288,1101,231,1,2014-11-13 10:41:25,1,2015-02-16 21:26:42
210,1638,1201,431,1,2014-11-17 20:57:31,1,2014-11-25 11:53:12
219,1657,1101,231,1,2014-11-27 12:08:52,1,2015-10-28 14:46:14
231,1701,601,831,1,2015-01-09 12:14:02,1,2016-05-27 15:58:32
243,1737,1101,231,1,2015-02-18 16:12:43,1,2016-11-11 00:00:00
252,1788,1101,231,1,2015-04-16 10:13:03,1,2016-07-12 15:58:49
269,1814,601,931,1,2015-05-12 14:28:27,1,2016-11-11 00:00:00
271,1818,601,831,1,2015-05-12 14:32:45,1,2016-11-11 00:00:00
272,1819,601,831,1,2015-05-12 14:33:56,1,2016-11-11 00:00:00
273,1822,701,831,1,2015-05-12 14:53:26,1,2016-11-11 00:00:00
274,1823,601,831,1,2015-05-12 15:07:50,1,2016-11-11 00:00:00
275,1824,601,831,1,2015-05-12 15:08:27,1,2015-06-10 14:39:10
277,1827,701,931,1,2015-05-12 15:12:49,1,2016-02-19 15:19:01
279,1829,301,531,1,2015-05-12 15:15:41,1,2016-02-19 14:55:54
281,1833,601,831,1,2015-05-12 15:21:01,1,2016-06-07 13:03:59
284,1837,1101,231,1,2015-05-12 15:30:12,1,2016-11-11 00:00:00
292,1849,401,531,1,2015-05-12 15:51:18,1,2016-11-11 00:00:00
293,1851,1201,431,1,2015-05-12 16:02:53,1,2016-02-29 11:08:27
295,1855,601,931,1,2015-05-12 16:08:26,1,2016-11-11 00:00:00
301,1865,601,831,1,2015-05-12 16:23:39,1,2016-11-11 00:00:00
303,1869,701,831,1,2015-05-12 16:30:46,1,2016-06-07 12:19:26
304,1871,601,831,1,2015-05-13 11:24:36,1,2016-11-11 00:00:00
305,1874,701,931,1,2015-05-13 12:39:25,1,2016-11-11 00:00:00
306,1875,601,831,1,2015-05-13 12:40:29,1,2016-11-11 00:00:00
307,1878,601,831,1,2015-05-13 13:27:55,1,2015-06-10 14:23:38
311,1883,701,931,1,2015-05-13 14:40:45,1,2016-06-30 13:43:39
313,1885,901,1131,1,2015-05-13 14:51:17,1,2016-11-11 00:00:00
315,1889,1101,131,1,2015-05-13 15:48:30,1,2015-06-10 14:36:04
316,1889,401,531,1,2015-05-13 15:48:30,1,2015-06-10 14:36:04
321,1895,701,931,1,2015-05-14 16:39:51,1,2015-07-02 09:42:03
322,1896,701,931,1,2015-05-14 16:41:37,1,2016-11-11 00:00:00
323,1898,1101,231,1,2015-05-14 16:57:00,1,2015-06-10 14:25:24
324,1899,701,931,1,2015-05-14 17:01:10,1,2015-06-04 13:57:40
331,1917,701,931,1,2015-05-22 13:17:05,1,2016-11-11 00:00:00
332,1918,701,931,1,2015-05-22 13:21:18,1,2015-06-29 16:50:09
333,1919,1101,231,1,2015-05-22 13:24:36,1,2016-11-11 00:00:00
334,1919,401,531,1,2015-05-22 13:24:36,1,2016-11-11 00:00:00
348,1947,701,931,1,2015-06-16 16:42:29,1,2016-06-30 13:24:06
351,1950,1101,231,1,2015-06-16 16:47:07,1,2015-06-30 16:15:29
352,1951,401,531,1,2015-06-16 16:49:10,1,2015-06-29 12:29:58
403,2085,1201,531,1,2016-01-05 17:29:35,1,2016-01-15 12:28:06
404,2088,1101,231,1,2016-01-06 13:00:11,1,2016-01-29 13:13:41
406,2092,1101,231,1,2016-01-06 13:28:11,1,2016-02-05 14:30:30
408,2095,1101,231,1,2016-01-06 13:45:08,1,2016-11-11 00:00:00
413,2101,501,631,1,2016-01-06 14:16:11,1,2016-01-15 14:34:37
414,2101,1001,1131,1,2016-01-06 14:16:11,1,2016-01-15 14:34:37
415,2102,601,831,1,2016-01-06 14:19:39,1,2016-06-08 15:24:22
426,2157,901,1131,1,2016-05-17 15:40:03,1,2016-10-12 09:38:47
428,2164,1201,631,1,2016-05-24 13:25:19,1,2016-06-27 11:26:42
457,1721,101,1231,1,2015-02-06 23:07:51,1,2016-11-11 00:00:00
459,1738,101,1231,1,2015-02-19 09:57:26,1,2016-11-11 00:00:00
462,2103,101,1231,1,2016-01-06 14:26:28,1,2016-11-11 00:00:00
532,1809,215,515,3,2016-11-18 15:02:53,3,2016-11-18 15:02:53
533,1809,901,1031,3,2016-11-18 15:02:53,3,2016-11-18 15:02:53
573,1931,101,1231,3,2016-11-21 09:31:00,3,2016-11-21 09:31:00
614,1750,401,630,3,2016-11-21 10:50:08,3,2016-11-21 10:50:08
615,1750,1001,1130,3,2016-11-21 10:50:08,3,2016-11-21 10:50:08
671,1929,801,1130,3,2016-11-24 11:03:30,3,2016-11-24 11:03:30
679,1836,1101,331,3,2016-11-24 14:31:16,3,2016-11-24 14:31:16
681,1860,101,1231,3,2016-11-24 14:36:33,3,2016-11-24 14:36:33
684,1665,315,531,3,2016-11-24 14:47:21,3,2016-11-24 14:47:21
690,1923,801,1130,3,2016-11-24 15:00:35,3,2016-11-24 15:00:35
706,121,101,1231,3,2016-11-24 16:13:32,3,2016-11-24 16:13:32
711,1892,1101,228,3,2016-11-24 16:21:54,3,2016-11-24 16:21:54
715,1959,601,831,3,2016-11-25 09:18:14,3,2016-11-25 09:18:14
716,1959,1101,1231,3,2016-11-25 09:18:14,3,2016-11-25 09:18:14
740,177,1101,331,3,2016-11-25 11:03:31,3,2016-11-25 11:03:31
741,1840,1101,331,3,2016-11-25 11:03:51,3,2016-11-25 11:03:51
744,2087,1101,228,3,2016-11-25 11:21:29,3,2016-11-25 11:21:29
752,280,1201,331,3,2016-11-25 13:14:15,3,2016-11-25 13:14:15
772,1640,1001,131,3,2016-11-25 16:09:09,3,2016-11-25 16:09:09
773,1640,401,630,3,2016-11-25 16:09:09,3,2016-11-25 16:09:09
774,1641,1001,131,3,2016-11-25 16:15:18,3,2016-11-25 16:15:18
775,1641,401,630,3,2016-11-25 16:15:18,3,2016-11-25 16:15:18
808,1716,301,531,3,2016-11-29 10:26:51,3,2016-11-29 10:26:51
809,1716,1001,1130,3,2016-11-29 10:26:51,3,2016-11-29 10:26:51
814,1877,101,1231,3,2016-11-29 10:36:04,3,2016-11-29 10:36:04
877,2094,701,931,3,2016-12-09 17:35:03,3,2016-12-09 17:35:03
882,1949,1201,331,3,2016-12-13 09:07:47,3,2016-12-13 09:07:47
883,282,1201,331,3,2016-12-13 09:08:02,3,2016-12-13 09:08:02
892,2104,1101,331,3,2016-12-13 09:27:40,3,2016-12-13 09:27:40
926,1948,1201,331,3,2016-12-20 12:16:38,3,2016-12-20 12:16:38
965,1930,1101,231,3,2016-12-26 09:58:53,3,2016-12-26 09:58:53
995,312,1130,228,3,2016-12-27 15:36:14,3,2016-12-27 15:36:14
1019,2155,101,1231,3,2017-01-10 14:32:25,3,2017-01-10 14:32:25
1020,2155,501,1031,3,2017-01-10 14:32:25,3,2017-01-10 14:32:25
1059,2111,101,1231,3,2017-01-13 13:34:28,3,2017-01-13 13:34:28
1061,2096,101,331,3,2017-01-13 13:35:10,3,2017-01-13 13:35:10
1083,1856,1101,131,3,2017-01-17 13:45:30,3,2017-01-17 13:45:30
1084,1856,401,531,3,2017-01-17 13:45:30,3,2017-01-17 13:45:30
1144,1960,401,1031,3,2017-01-19 16:12:43,3,2017-01-19 16:12:43
1161,1736,1101,231,3,2017-01-20 09:16:22,3,2017-01-20 09:16:22
1162,1839,1101,231,3,2017-01-20 09:16:41,3,2017-01-20 09:16:41
1185,239,1101,231,3,2017-01-23 15:56:31,3,2017-01-23 15:56:31
1186,239,401,531,3,2017-01-23 15:56:31,3,2017-01-23 15:56:31
1209,2287,1201,631,3,2017-01-24 16:06:13,3,2017-01-24 16:06:13
1339,1913,601,831,3,2017-02-07 09:43:56,3,2017-02-07 09:43:56
1359,1686,1101,231,3,2017-02-07 11:46:14,3,2017-02-07 11:46:14
1360,1686,401,531,3,2017-02-07 11:46:14,3,2017-02-07 11:46:14
1538,2288,101,331,3,2017-02-21 16:29:48,3,2017-02-21 16:29:48
1539,2097,101,331,3,2017-02-21 16:30:43,3,2017-02-21 16:30:43
1540,1743,101,331,3,2017-02-21 16:31:35,3,2017-02-21 16:31:35
1549,82,1201,431,3,2017-02-22 11:22:42,3,2017-02-22 11:22:42
1550,1916,1201,431,3,2017-02-22 11:23:14,3,2017-02-22 11:23:14
1557,1699,1115,331,3,2017-02-22 12:10:16,3,2017-02-22 12:10:16
1558,2176,1115,331,3,2017-02-22 12:10:32,3,2017-02-22 12:10:32
1560,1848,901,1131,3,2017-02-22 12:13:01,3,2017-02-22 12:13:01
1605,1731,1201,631,3,2017-03-02 12:14:24,3,2017-03-02 12:14:24
1609,1890,1201,631,3,2017-03-02 12:19:05,3,2017-03-02 12:19:05
1613,2385,1201,531,3,2017-03-03 16:37:38,3,2017-03-03 16:37:38
1629,2112,401,531,3,2017-03-08 08:59:06,3,2017-03-08 08:59:06
1641,1926,1201,231,3,2017-03-08 09:59:40,3,2017-03-08 09:59:40
1644,1881,1201,631,3,2017-03-08 10:03:53,3,2017-03-08 10:03:53
1647,2170,601,831,3,2017-03-08 10:26:23,3,2017-03-08 10:26:23
1649,1847,901,1131,3,2017-03-08 10:29:38,3,2017-03-08 10:29:38
1663,1853,1201,430,3,2017-03-09 15:47:56,3,2017-03-09 15:47:56
1664,1710,1201,430,3,2017-03-09 15:48:42,3,2017-03-09 15:48:42
1665,1786,1201,430,3,2017-03-09 15:49:34,3,2017-03-09 15:49:34
1672,1842,101,231,3,2017-03-09 16:24:38,3,2017-03-09 16:24:38
1714,1981,1101,231,3,2017-03-16 16:04:12,3,2017-03-16 16:04:12
1715,1894,315,531,3,2017-03-16 16:07:13,3,2017-03-16 16:07:13
1716,1888,101,1231,3,2017-03-16 16:08:02,3,2017-03-16 16:08:02
1717,1884,701,931,3,2017-03-16 16:08:27,3,2017-03-16 16:08:27
1718,1872,101,1231,3,2017-03-16 16:09:15,3,2017-03-16 16:09:15
1721,1749,1101,231,3,2017-03-16 16:10:33,3,2017-03-16 16:10:33
1723,1656,315,531,3,2017-03-16 16:11:19,3,2017-03-16 16:11:19
1725,317,101,1231,3,2017-03-16 16:13:06,3,2017-03-16 16:13:06
1738,1700,401,831,3,2017-03-21 12:16:44,3,2017-03-21 12:16:44
1739,1700,1101,1231,3,2017-03-21 12:16:44,3,2017-03-21 12:16:44
1847,2386,701,931,3,2017-03-28 12:10:30,3,2017-03-28 12:10:30
1852,2366,401,531,3,2017-03-28 12:12:50,3,2017-03-28 12:12:50
1854,2364,401,531,3,2017-03-28 12:13:40,3,2017-03-28 12:13:40
1856,2355,601,831,3,2017-03-28 12:17:14,3,2017-03-28 12:17:14
1860,2350,301,431,3,2017-03-28 12:19:42,3,2017-03-28 12:19:42
1862,2347,1101,228,3,2017-03-28 16:51:33,3,2017-03-28 16:51:33
1863,2327,1101,131,3,2017-03-28 16:52:11,3,2017-03-28 16:52:11
1864,2327,401,531,3,2017-03-28 16:52:11,3,2017-03-28 16:52:11
1867,2320,101,1231,3,2017-03-28 17:10:50,3,2017-03-28 17:10:50
1868,2318,301,431,3,2017-03-28 17:11:43,3,2017-03-28 17:11:43
1870,2307,1201,331,3,2017-03-28 18:24:32,3,2017-03-28 18:24:32
1877,2291,1101,228,3,2017-03-28 18:26:09,3,2017-03-28 18:26:09
1879,2339,1101,331,3,2017-03-28 18:27:09,3,2017-03-28 18:27:09
1880,2338,101,1231,3,2017-03-28 18:27:22,3,2017-03-28 18:27:22
1884,1906,315,531,3,2017-03-29 11:53:52,3,2017-03-29 11:53:52
1887,1798,1101,231,3,2017-03-29 11:55:27,3,2017-03-29 11:55:27
1888,1797,315,531,3,2017-03-29 11:55:50,3,2017-03-29 11:55:50
2037,2435,401,630,9,2017-04-21 13:51:56,9,2017-04-21 13:51:56
2038,2435,1001,1130,9,2017-04-21 13:51:56,9,2017-04-21 13:51:56
2041,2432,101,1231,9,2017-04-21 13:52:39,9,2017-04-21 13:52:39
2046,2424,401,531,9,2017-04-21 13:54:15,9,2017-04-21 13:54:15
2047,2424,1001,1130,9,2017-04-21 13:54:15,9,2017-04-21 13:54:15
2048,2424,601,930,9,2017-04-21 13:54:15,9,2017-04-21 13:54:15
2053,2380,601,831,9,2017-04-28 15:04:41,9,2017-04-28 15:04:41
2055,2444,101,1231,9,2017-04-28 15:05:48,9,2017-04-28 15:05:48
2056,2445,1101,231,9,2017-04-28 15:08:49,9,2017-04-28 15:08:49
2057,2445,401,531,9,2017-04-28 15:08:49,9,2017-04-28 15:08:49
2059,2447,315,531,9,2017-04-28 15:09:18,9,2017-04-28 15:09:18
2066,2471,401,531,9,2017-04-28 15:11:39,9,2017-04-28 15:11:39
2069,2478,1201,431,9,2017-04-28 15:13:09,9,2017-04-28 15:13:09
2074,2487,301,531,9,2017-04-28 15:15:39,9,2017-04-28 15:15:39
2077,2492,101,1231,9,2017-04-28 15:16:50,9,2017-04-28 15:16:50
2079,2499,1201,228,9,2017-04-28 15:20:49,9,2017-04-28 15:20:49
2082,2504,701,1231,9,2017-04-28 15:22:03,9,2017-04-28 15:22:03
2085,2506,501,631,9,2017-04-28 15:22:30,9,2017-04-28 15:22:30
2086,2506,1001,1131,9,2017-04-28 15:22:30,9,2017-04-28 15:22:30
2101,2526,401,531,9,2017-05-08 11:03:09,9,2017-05-08 11:03:09
2102,2526,1001,1130,9,2017-05-08 11:03:09,9,2017-05-08 11:03:09
2103,2526,601,930,9,2017-05-08 11:03:09,9,2017-05-08 11:03:09
2111,2530,601,931,9,2017-05-08 13:40:29,9,2017-05-08 13:40:29
2145,2532,601,831,5,2017-05-09 10:43:13,5,2017-05-09 10:43:13
2146,2533,601,931,5,2017-05-09 10:53:39,5,2017-05-09 10:53:39
2147,2528,801,1130,5,2017-05-09 11:44:38,5,2017-05-09 11:44:38
2149,2305,1101,331,9,2017-05-17 11:25:20,9,2017-05-17 11:25:20
2153,2464,101,1231,9,2017-05-17 11:36:54,9,2017-05-17 11:36:54
2198,2353,1101,231,9,2017-05-18 14:31:53,9,2017-05-18 14:31:53
2201,2558,601,831,9,2017-05-18 14:45:49,9,2017-05-18 14:45:49
2203,1841,1101,231,9,2017-05-18 14:52:34,9,2017-05-18 14:52:34
2205,2556,1101,231,9,2017-05-18 14:54:33,9,2017-05-18 14:54:33
2208,2549,601,831,9,2017-05-18 16:07:21,9,2017-05-18 16:07:21
2211,2547,601,930,9,2017-05-18 16:15:53,9,2017-05-18 16:15:53
2220,2442,601,930,9,2017-05-19 16:37:56,9,2017-05-19 16:37:56
2223,1937,601,930,9,2017-05-19 16:42:59,9,2017-05-19 16:42:59
2226,1867,601,931,9,2017-05-19 16:45:30,9,2017-05-19 16:45:30
2228,1825,601,931,9,2017-05-19 16:47:09,9,2017-05-19 16:47:09
2230,1810,601,930,9,2017-05-19 16:48:37,9,2017-05-19 16:48:37
2241,19,601,930,9,2017-05-22 13:56:12,9,2017-05-22 13:56:12
2248,1852,701,931,9,2017-05-22 14:14:58,9,2017-05-22 14:14:58
2252,1879,601,831,9,2017-05-22 15:56:16,9,2017-05-22 15:56:16
2255,2571,401,630,9,2017-05-24 15:58:40,9,2017-05-24 15:58:40
2256,2571,1001,1130,9,2017-05-24 15:58:40,9,2017-05-24 15:58:40
2258,2574,401,631,9,2017-05-24 16:55:42,9,2017-05-24 16:55:42
2260,2580,1101,228,9,2017-05-25 15:39:25,9,2017-05-25 15:39:25
2264,2579,101,1231,9,2017-05-26 09:34:50,9,2017-05-26 09:34:50
2271,2548,701,931,5,2017-05-26 14:57:02,5,2017-05-26 14:57:02
2274,2554,1101,231,5,2017-05-26 15:18:36,5,2017-05-26 15:18:36
2275,2554,401,531,5,2017-05-26 15:18:36,5,2017-05-26 15:18:36
2276,2550,601,1031,5,2017-05-26 15:31:41,5,2017-05-26 15:31:41
2277,2552,901,1130,5,2017-05-26 15:34:24,5,2017-05-26 15:34:24
2278,2555,1101,231,5,2017-05-26 15:39:30,5,2017-05-26 15:39:30
2279,2555,401,531,5,2017-05-26 15:39:30,5,2017-05-26 15:39:30
2280,2557,701,931,5,2017-05-26 15:44:57,5,2017-05-26 15:44:57
2282,2592,601,1031,5,2017-05-28 10:46:44,5,2017-05-28 10:46:44
2291,2594,601,831,5,2017-05-28 19:16:35,5,2017-05-28 19:16:35
2295,2597,215,515,9,2017-05-29 09:54:59,9,2017-05-29 09:54:59
2296,2597,901,1031,9,2017-05-29 09:54:59,9,2017-05-29 09:54:59
2312,2545,701,1231,9,2017-05-31 09:03:03,9,2017-05-31 09:03:03
2313,2335,701,1231,9,2017-05-31 09:03:48,9,2017-05-31 09:03:48
2316,2105,701,1231,9,2017-05-31 09:05:01,9,2017-05-31 09:05:01
2323,2595,101,1231,9,2017-05-31 09:10:41,9,2017-05-31 09:10:41
2324,2585,1001,1231,9,2017-05-31 09:13:04,9,2017-05-31 09:13:04
2325,2584,101,1231,9,2017-05-31 09:14:05,9,2017-05-31 09:14:05
2326,2583,101,1231,9,2017-05-31 09:14:46,9,2017-05-31 09:14:46
2327,2465,1201,631,9,2017-05-31 09:25:38,9,2017-05-31 09:25:38
2329,2290,101,1231,9,2017-05-31 09:27:30,9,2017-05-31 09:27:30
2334,2611,101,1231,9,2017-05-31 13:20:01,9,2017-05-31 13:20:01
2335,2573,1101,331,9,2017-05-31 13:30:54,9,2017-05-31 13:30:54
2337,2619,1115,315,9,2017-05-31 14:54:46,9,2017-05-31 14:54:46
2338,2621,315,531,9,2017-05-31 15:20:28,9,2017-05-31 15:20:28
2344,184,401,630,9,2017-06-01 10:42:31,9,2017-06-01 10:42:31
2345,184,1001,1130,9,2017-06-01 10:42:31,9,2017-06-01 10:42:31
2351,2446,1001,630,9,2017-06-01 13:10:13,9,2017-06-01 13:10:13
2352,2479,901,1130,9,2017-06-01 13:10:51,9,2017-06-01 13:10:51
2386,1666,601,831,9,2017-06-01 14:03:50,9,2017-06-01 14:03:50
2387,1668,401,531,9,2017-06-01 14:04:34,9,2017-06-01 14:04:34
2394,1747,901,1131,9,2017-06-01 14:14:46,9,2017-06-01 14:14:46
2395,1751,701,831,9,2017-06-01 14:15:17,9,2017-06-01 14:15:17
2398,1791,901,1131,9,2017-06-01 14:29:50,9,2017-06-01 14:29:50
2402,1808,215,515,9,2017-06-01 14:33:41,9,2017-06-01 14:33:41
2403,1808,901,1031,9,2017-06-01 14:33:41,9,2017-06-01 14:33:41
2404,1812,601,831,9,2017-06-01 14:34:19,9,2017-06-01 14:34:19
2406,1864,601,831,9,2017-06-01 14:37:52,9,2017-06-01 14:37:52
2407,1893,215,515,9,2017-06-01 14:52:32,9,2017-06-01 14:52:32
2408,1893,901,1031,9,2017-06-01 14:52:32,9,2017-06-01 14:52:32
2409,1900,901,1130,9,2017-06-01 14:53:57,9,2017-06-01 14:53:57
2410,1905,901,1131,9,2017-06-01 14:57:02,9,2017-06-01 14:57:02
2412,1925,1201,231,9,2017-06-01 14:59:17,9,2017-06-01 14:59:17
2413,1928,601,931,9,2017-06-01 15:00:38,9,2017-06-01 15:00:38
2415,1938,1101,228,9,2017-06-01 15:02:50,9,2017-06-01 15:02:50
2418,1958,1101,331,9,2017-06-01 15:10:32,9,2017-06-01 15:10:32
2419,1958,501,931,9,2017-06-01 15:10:32,9,2017-06-01 15:10:32
2420,1982,1201,131,9,2017-06-01 15:36:32,9,2017-06-01 15:36:32
2421,1987,215,515,9,2017-06-01 15:38:32,9,2017-06-01 15:38:32
2422,1987,901,1031,9,2017-06-01 15:38:32,9,2017-06-01 15:38:32
2440,2134,401,531,9,2017-06-01 16:05:08,9,2017-06-01 16:05:08
2443,2211,901,1131,9,2017-06-01 16:10:28,9,2017-06-01 16:10:28
2454,2282,1015,131,9,2017-06-01 16:26:39,9,2017-06-01 16:26:39
2455,2282,401,630,9,2017-06-01 16:26:39,9,2017-06-01 16:26:39
2461,2294,1101,331,9,2017-06-01 16:31:19,9,2017-06-01 16:31:19
2462,2294,501,931,9,2017-06-01 16:31:19,9,2017-06-01 16:31:19
2463,2295,901,1131,9,2017-06-01 16:31:53,9,2017-06-01 16:31:53
2464,2306,1201,228,9,2017-06-01 16:32:21,9,2017-06-01 16:32:21
2465,2314,1101,331,9,2017-06-01 16:33:12,9,2017-06-01 16:33:12
2466,2324,101,331,9,2017-06-01 16:34:26,9,2017-06-01 16:34:26
2468,2351,901,1131,9,2017-06-01 16:36:17,9,2017-06-01 16:36:17
2469,2354,101,1231,9,2017-06-01 16:36:40,9,2017-06-01 16:36:40
2470,2365,701,931,9,2017-06-01 16:37:52,9,2017-06-01 16:37:52
2472,2370,701,931,9,2017-06-01 16:40:05,9,2017-06-01 16:40:05
2476,2381,301,531,9,2017-06-01 16:42:55,9,2017-06-01 16:42:55
2477,2389,1115,331,9,2017-06-01 16:44:30,9,2017-06-01 16:44:30
2478,2393,1201,631,9,2017-06-01 16:44:58,9,2017-06-01 16:44:58
2479,2401,901,1131,9,2017-06-01 16:46:18,9,2017-06-01 16:46:18
2483,2412,401,631,9,2017-06-01 16:47:57,9,2017-06-01 16:47:57
2484,2416,601,931,9,2017-06-01 16:49:49,9,2017-06-01 16:49:49
2485,2418,1201,228,9,2017-06-01 16:50:20,9,2017-06-01 16:50:20
2486,2419,101,231,9,2017-06-01 16:50:46,9,2017-06-01 16:50:46
2491,2430,501,631,9,2017-06-01 16:53:58,9,2017-06-01 16:53:58
2492,2430,901,1031,9,2017-06-01 16:53:58,9,2017-06-01 16:53:58
2493,2431,601,931,9,2017-06-01 16:54:24,9,2017-06-01 16:54:24
2494,2433,1201,430,9,2017-06-01 16:54:51,9,2017-06-01 16:54:51
2495,2434,901,1130,9,2017-06-01 16:55:33,9,2017-06-01 16:55:33
2499,2456,401,531,9,2017-06-01 16:58:06,9,2017-06-01 16:58:06
2501,2463,101,1231,9,2017-06-01 16:59:03,9,2017-06-01 16:59:03
2504,2505,1101,231,9,2017-06-02 09:08:33,9,2017-06-02 09:08:33
2505,2505,401,531,9,2017-06-02 09:08:33,9,2017-06-02 09:08:33
2506,2503,1001,1231,9,2017-06-02 09:09:15,9,2017-06-02 09:09:15
2507,2502,401,531,9,2017-06-02 09:09:57,9,2017-06-02 09:09:57
2508,2491,901,1130,9,2017-06-02 09:13:25,9,2017-06-02 09:13:25
2509,2482,101,1231,9,2017-06-02 09:15:33,9,2017-06-02 09:15:33
2510,2481,601,1031,9,2017-06-02 09:16:02,9,2017-06-02 09:16:02
2511,2473,901,1131,9,2017-06-02 09:17:51,9,2017-06-02 09:17:51
2512,2086,101,1231,9,2017-06-02 09:22:22,9,2017-06-02 09:22:22
2526,1651,1101,231,9,2017-06-02 10:51:25,9,2017-06-02 10:51:25
2531,203,301,531,9,2017-06-02 11:02:01,9,2017-06-02 11:02:01
2534,202,301,531,9,2017-06-02 11:12:23,9,2017-06-02 11:12:23
2536,201,301,531,9,2017-06-02 11:13:33,9,2017-06-02 11:13:33
2550,1886,601,831,9,2017-06-02 11:58:52,9,2017-06-02 11:58:52
2571,2135,401,531,9,2017-06-02 14:24:25,9,2017-06-02 14:24:25
2572,2368,401,531,9,2017-06-02 14:24:29,9,2017-06-02 14:24:29
2573,1687,1101,331,9,2017-06-02 14:42:13,9,2017-06-02 14:42:13
2575,2091,1101,331,9,2017-06-02 14:44:10,9,2017-06-02 14:44:10
2580,1844,301,531,9,2017-06-02 15:48:51,9,2017-06-02 15:48:51
2582,2628,601,831,9,2017-06-02 15:54:40,9,2017-06-02 15:54:40
2584,2629,601,831,9,2017-06-02 15:59:01,9,2017-06-02 15:59:01
2586,1817,601,831,9,2017-06-02 16:01:35,9,2017-06-02 16:01:35
2587,2417,601,831,9,2017-06-02 16:02:00,9,2017-06-02 16:02:00
2588,2626,1115,315,9,2017-06-02 16:54:31,9,2017-06-02 16:54:31
2590,2624,301,531,9,2017-06-02 16:55:12,9,2017-06-02 16:55:12
2593,2609,701,1231,9,2017-06-02 16:58:09,9,2017-06-02 16:58:09
2594,2608,601,831,9,2017-06-02 16:58:35,9,2017-06-02 16:58:35
2602,2596,901,1130,9,2017-06-13 09:43:42,9,2017-06-13 09:43:42
2603,2467,501,731,9,2017-06-13 10:01:45,9,2017-06-13 10:01:45
2610,2593,801,1231,9,2017-06-13 15:35:44,9,2017-06-13 15:35:44
2612,2645,801,1231,9,2017-06-13 15:47:23,9,2017-06-13 15:47:23
2613,2641,601,831,9,2017-06-13 16:38:06,9,2017-06-13 16:38:06
2614,2643,601,831,9,2017-06-13 16:38:53,9,2017-06-13 16:38:53
2615,2524,1101,231,9,2017-06-13 16:39:18,9,2017-06-13 16:39:18
2616,2524,401,531,9,2017-06-13 16:39:19,9,2017-06-13 16:39:19
2617,2644,701,831,9,2017-06-13 16:40:03,9,2017-06-13 16:40:03
2620,2474,701,1231,9,2017-06-13 17:03:54,9,2017-06-13 17:03:54
2628,2426,101,1231,9,2017-06-15 13:22:56,9,2017-06-15 13:22:56
2635,2649,901,1130,9,2017-06-19 09:33:59,9,2017-06-19 09:33:59
2639,364,101,1231,9,2017-06-20 14:59:57,9,2017-06-20 14:59:57
2640,2655,101,1231,9,2017-06-20 15:01:40,9,2017-06-20 15:01:40
2646,1768,401,531,9,2017-06-22 11:46:33,9,2017-06-22 11:46:33
2650,2666,401,631,9,2017-06-23 09:53:44,9,2017-06-23 09:53:44
2652,2187,701,931,5,2017-06-26 21:06:36,5,2017-06-26 21:06:36
2665,2676,101,1231,9,2017-06-29 16:38:37,9,2017-06-29 16:38:37
2668,2616,401,630,9,2017-06-29 16:47:52,9,2017-06-29 16:47:52
2669,2616,1001,1130,9,2017-06-29 16:47:52,9,2017-06-29 16:47:52
2670,2675,215,515,9,2017-06-29 16:48:21,9,2017-06-29 16:48:21
2671,2675,901,1031,9,2017-06-29 16:48:21,9,2017-06-29 16:48:21
2674,2654,1115,531,9,2017-06-30 10:04:53,9,2017-06-30 10:04:53
2688,2681,101,1231,11,2017-07-03 16:30:05,11,2017-07-03 16:30:05
2693,2625,1201,231,11,2017-07-05 10:47:51,11,2017-07-05 10:47:51
2696,2687,1101,231,11,2017-07-05 12:01:14,11,2017-07-05 12:01:14
2697,2348,1101,231,5,2017-07-05 18:10:51,5,2017-07-05 18:10:51
2699,2677,101,1231,11,2017-07-06 09:12:03,11,2017-07-06 09:12:03
2701,2686,601,831,11,2017-07-06 09:15:24,11,2017-07-06 09:15:24
2712,2714,701,931,11,2017-07-18 11:20:30,11,2017-07-18 11:20:30
2722,2718,601,1031,5,2017-07-20 10:42:23,5,2017-07-20 10:42:23
2723,2725,315,531,5,2017-07-20 16:27:22,5,2017-07-20 16:27:22
2724,2725,915,1130,5,2017-07-20 16:27:22,5,2017-07-20 16:27:22
2730,2735,501,931,5,2017-07-24 19:21:04,5,2017-07-24 19:21:04
2734,2716,315,715,5,2017-07-26 08:46:24,5,2017-07-26 08:46:24
2740,2748,701,931,11,2017-07-28 15:09:24,11,2017-07-28 15:09:24
2743,2751,601,930,5,2017-07-28 16:53:56,5,2017-07-28 16:53:56
2745,2493,1101,228,11,2017-07-31 11:47:58,11,2017-07-31 11:47:58
2752,2759,501,631,5,2017-07-31 18:30:32,5,2017-07-31 18:30:32
2753,2759,1001,1131,5,2017-07-31 18:30:32,5,2017-07-31 18:30:32
2754,2760,601,831,5,2017-07-31 18:33:59,5,2017-07-31 18:33:59
2760,2775,701,931,5,2017-08-03 17:00:55,5,2017-08-03 17:00:55
2761,2776,1101,231,5,2017-08-03 17:09:30,5,2017-08-03 17:09:30
2762,2776,401,531,5,2017-08-03 17:09:30,5,2017-08-03 17:09:30
2765,2780,701,931,5,2017-08-03 17:34:16,5,2017-08-03 17:34:16
2766,2781,701,931,5,2017-08-03 17:35:18,5,2017-08-03 17:35:18
2772,2792,601,1031,11,2017-08-04 12:04:05,11,2017-08-04 12:04:05
2773,2793,1101,228,5,2017-08-04 16:06:42,5,2017-08-04 16:06:42
2776,2326,601,831,11,2017-08-07 11:26:31,11,2017-08-07 11:26:31
2779,2795,501,631,11,2017-08-07 12:10:14,11,2017-08-07 12:10:14
2780,2795,1001,1131,11,2017-08-07 12:10:14,11,2017-08-07 12:10:14
2785,2484,701,931,11,2017-08-09 14:47:45,11,2017-08-09 14:47:45
2790,2791,101,1231,5,2017-08-18 23:04:49,5,2017-08-18 23:04:49
2819,2814,801,1231,5,2017-08-22 18:21:21,5,2017-08-22 18:21:21
2829,2804,701,931,5,2017-08-22 19:25:11,5,2017-08-22 19:25:11
2831,2817,1101,231,11,2017-08-23 13:52:28,11,2017-08-23 13:52:28
2834,2367,101,1231,11,2017-08-24 10:23:53,11,2017-08-24 10:23:53
2836,2826,501,1001,5,2017-08-24 21:25:21,5,2017-08-24 21:25:21
2837,2827,501,631,5,2017-08-24 21:40:54,5,2017-08-24 21:40:54
2838,2827,901,1031,5,2017-08-24 21:40:54,5,2017-08-24 21:40:54
2840,2831,701,931,5,2017-08-24 21:59:26,5,2017-08-24 21:59:26
2841,2832,701,931,11,2017-08-25 09:15:49,11,2017-08-25 09:15:49
2850,2834,501,631,11,2017-08-25 09:53:43,11,2017-08-25 09:53:43
2851,2834,901,1031,11,2017-08-25 09:53:43,11,2017-08-25 09:53:43
2852,2724,601,831,11,2017-08-25 10:12:52,11,2017-08-25 10:12:52
2854,2841,701,931,11,2017-08-25 10:37:22,11,2017-08-25 10:37:22
2856,2842,701,931,11,2017-08-25 10:48:29,11,2017-08-25 10:48:29
2858,2843,701,931,11,2017-08-25 11:02:12,11,2017-08-25 11:02:12
2860,2844,701,931,11,2017-08-25 11:06:07,11,2017-08-25 11:06:07
2862,2846,101,1231,11,2017-08-25 11:14:14,11,2017-08-25 11:14:14
2865,2845,1001,1231,11,2017-08-25 16:28:34,11,2017-08-25 16:28:34
2881,2859,401,630,5,2017-08-30 11:36:47,5,2017-08-30 11:36:47
2882,2859,1001,1130,5,2017-08-30 11:36:47,5,2017-08-30 11:36:47
2883,2867,401,630,5,2017-08-30 11:45:27,5,2017-08-30 11:45:27
2884,2867,1001,1130,5,2017-08-30 11:45:27,5,2017-08-30 11:45:27
2916,2871,1201,431,5,2017-09-03 19:59:02,5,2017-09-03 19:59:02
2917,2873,901,1131,5,2017-09-04 08:32:54,5,2017-09-04 08:32:54
2919,2860,1115,315,5,2017-09-04 08:50:14,5,2017-09-04 08:50:14
2921,2864,901,1131,5,2017-09-04 08:57:01,5,2017-09-04 08:57:01
2924,2869,101,1231,5,2017-09-04 09:18:12,5,2017-09-04 09:18:12
2925,2869,501,1031,5,2017-09-04 09:18:12,5,2017-09-04 09:18:12
2938,2156,101,1231,11,2017-09-05 13:54:28,11,2017-09-05 13:54:28
2940,2878,501,631,11,2017-09-05 14:17:30,11,2017-09-05 14:17:30
2941,2878,901,1031,11,2017-09-05 14:17:30,11,2017-09-05 14:17:30
2951,2618,1001,1231,11,2017-09-05 15:50:10,11,2017-09-05 15:50:10
2960,2837,1201,231,11,2017-09-06 15:12:55,11,2017-09-06 15:12:55
2963,2882,301,531,11,2017-09-06 15:30:22,11,2017-09-06 15:30:22
2964,2882,901,1131,11,2017-09-06 15:30:22,11,2017-09-06 15:30:22
2966,2371,601,831,11,2017-09-06 16:02:45,11,2017-09-06 16:02:45
2969,2885,601,831,11,2017-09-07 11:57:50,11,2017-09-07 11:57:50
2971,2414,1101,331,11,2017-09-08 11:07:55,11,2017-09-08 11:07:55
3015,2698,601,930,5,2017-09-12 23:44:41,5,2017-09-12 23:44:41
3019,1997,101,1231,11,2017-09-14 10:31:34,11,2017-09-14 10:31:34
3026,3,215,515,12,2017-09-15 09:27:01,12,2017-09-15 09:27:01
3027,3,901,1031,12,2017-09-15 09:27:01,12,2017-09-15 09:27:01
3034,6,215,515,12,2017-09-15 09:41:14,12,2017-09-15 09:41:14
3035,6,901,1031,12,2017-09-15 09:41:14,12,2017-09-15 09:41:14
3068,63,601,831,12,2017-09-15 14:40:09,12,2017-09-15 14:40:09
3079,7,215,515,12,2017-09-15 16:38:56,12,2017-09-15 16:38:56
3080,7,901,1031,12,2017-09-15 16:38:56,12,2017-09-15 16:38:56
3092,22,701,731,1,2017-09-19 09:24:08,1,2017-09-19 09:24:08
3093,22,1001,1231,1,2017-09-19 09:24:08,1,2017-09-19 09:24:08
3108,2897,901,1031,5,2017-09-19 12:46:54,5,2017-09-19 12:46:54
3115,85,901,1031,1,2017-09-19 13:17:12,1,2017-09-19 13:17:12
3172,192,101,231,12,2017-09-20 16:25:59,12,2017-09-20 16:25:59
3183,210,601,1031,12,2017-09-20 17:32:56,12,2017-09-20 17:32:56
3223,248,901,1131,12,2017-09-21 17:05:45,12,2017-09-21 17:05:45
3224,249,901,1131,12,2017-09-21 17:14:13,12,2017-09-21 17:14:13
3229,2928,401,630,11,2017-09-22 09:13:02,11,2017-09-22 09:13:02
3230,2928,1001,1130,11,2017-09-22 09:13:02,11,2017-09-22 09:13:02
3231,2932,1101,231,11,2017-09-22 09:54:16,11,2017-09-22 09:54:16
3233,2930,1001,1231,11,2017-09-22 10:01:40,11,2017-09-22 10:01:40
3237,260,401,531,12,2017-09-22 11:12:46,12,2017-09-22 11:12:46
3243,2926,101,1231,11,2017-09-22 11:37:18,11,2017-09-22 11:37:18
3244,2935,401,531,11,2017-09-22 11:44:25,11,2017-09-22 11:44:25
3245,2935,1001,1130,11,2017-09-22 11:44:25,11,2017-09-22 11:44:25
3246,2935,601,930,11,2017-09-22 11:44:25,11,2017-09-22 11:44:25
3251,283,901,1131,12,2017-09-22 13:15:58,12,2017-09-22 13:15:58
3285,157,1201,131,5,2017-09-23 10:46:18,5,2017-09-23 10:46:18
3291,2884,1101,315,11,2017-09-25 09:04:10,11,2017-09-25 09:04:10
3297,345,401,531,12,2017-09-25 10:06:24,12,2017-09-25 10:06:24
3302,358,101,331,12,2017-09-25 12:45:37,12,2017-09-25 12:45:37
3310,1163,1001,1231,12,2017-09-25 14:02:04,12,2017-09-25 14:02:04
3334,2920,1201,131,5,2017-09-25 21:00:08,5,2017-09-25 21:00:08
3343,84,901,1031,12,2017-09-26 13:21:23,12,2017-09-26 13:21:23
3359,1807,101,1231,12,2017-09-26 17:00:29,12,2017-09-26 17:00:29
3376,52,401,630,12,2017-09-27 11:30:20,12,2017-09-27 11:30:20
3377,52,1001,1130,12,2017-09-27 11:30:20,12,2017-09-27 11:30:20
3378,58,1201,631,12,2017-09-27 11:33:38,12,2017-09-27 11:33:38
3386,73,701,931,12,2017-09-27 11:49:18,12,2017-09-27 11:49:18
3393,98,501,631,12,2017-09-27 13:23:52,12,2017-09-27 13:23:52
3394,98,1001,1131,12,2017-09-27 13:23:52,12,2017-09-27 13:23:52
3422,225,901,1131,12,2017-09-27 16:23:23,12,2017-09-27 16:23:23
3423,238,1101,231,12,2017-09-27 16:32:16,12,2017-09-27 16:32:16
3424,238,401,531,12,2017-09-27 16:32:16,12,2017-09-27 16:32:16
3442,333,701,931,12,2017-09-27 17:21:27,12,2017-09-27 17:21:27
3443,340,801,1231,12,2017-09-27 17:31:23,12,2017-09-27 17:31:23
3444,341,801,1231,12,2017-09-27 17:32:20,12,2017-09-27 17:32:20
3445,346,401,531,12,2017-09-27 17:33:28,12,2017-09-27 17:33:28
3446,349,601,831,12,2017-09-27 17:35:51,12,2017-09-27 17:35:51
3448,359,101,331,12,2017-09-27 17:41:25,12,2017-09-27 17:41:25
3452,1160,1001,1231,12,2017-09-27 17:49:56,12,2017-09-27 17:49:56
3453,1166,101,331,12,2017-09-27 17:51:47,12,2017-09-27 17:51:47
3461,2947,1001,1231,11,2017-09-28 14:59:25,11,2017-09-28 14:59:25
3472,16,1001,630,11,2017-09-29 09:18:39,11,2017-09-29 09:18:39
3486,1679,101,1231,12,2017-10-02 09:19:58,12,2017-10-02 09:19:58
3487,1681,101,1231,12,2017-10-02 09:21:09,12,2017-10-02 09:21:09
3488,1682,101,131,12,2017-10-02 09:23:36,12,2017-10-02 09:23:36
3489,1683,101,1231,12,2017-10-02 09:25:52,12,2017-10-02 09:25:52
3501,1803,1201,228,12,2017-10-02 10:35:07,12,2017-10-02 10:35:07
3502,1805,301,531,12,2017-10-02 10:37:39,12,2017-10-02 10:37:39
3503,1932,601,831,12,2017-10-02 10:40:07,12,2017-10-02 10:40:07
3510,1677,101,1231,12,2017-10-02 11:08:29,12,2017-10-02 11:08:29
3525,281,1201,331,11,2017-10-02 14:15:19,11,2017-10-02 14:15:19
3526,2673,1201,431,11,2017-10-02 15:55:21,11,2017-10-02 15:55:21
3530,1644,1201,431,11,2017-10-02 16:44:17,11,2017-10-02 16:44:17
3534,2949,101,1231,5,2017-10-04 09:32:14,5,2017-10-04 09:32:14
3535,2931,1101,315,11,2017-10-04 10:16:34,11,2017-10-04 10:16:34
3545,2969,101,1231,11,2017-10-05 14:02:50,11,2017-10-05 14:02:50
3547,1796,1201,430,11,2017-10-05 15:04:49,11,2017-10-05 15:04:49
3548,2466,1201,431,11,2017-10-05 15:05:15,11,2017-10-05 15:05:15
3550,2682,1201,431,11,2017-10-05 15:06:10,11,2017-10-05 15:06:10
3551,1908,1201,430,11,2017-10-05 15:06:37,11,2017-10-05 15:06:37
3554,2847,101,1231,11,2017-10-06 09:59:18,11,2017-10-06 09:59:18
3560,158,1115,315,11,2017-10-06 16:54:00,11,2017-10-06 16:54:00
3563,2965,1201,431,11,2017-10-10 15:34:35,11,2017-10-10 15:34:35
3570,2953,101,1231,11,2017-10-11 10:22:21,11,2017-10-11 10:22:21
3572,1933,101,1231,11,2017-10-11 10:56:30,11,2017-10-11 10:56:30
3589,2976,901,1130,11,2017-10-12 10:27:37,11,2017-10-12 10:27:37
3594,1674,601,831,11,2017-10-12 11:49:52,11,2017-10-12 11:49:52
3601,242,901,1131,11,2017-10-16 14:21:44,11,2017-10-16 14:21:44
3639,2975,901,1131,11,2017-10-17 15:00:05,11,2017-10-17 15:00:05
3669,2828,801,1231,11,2017-10-19 12:12:04,11,2017-10-19 12:12:04
3684,2410,1001,1231,11,2017-10-20 15:15:15,11,2017-10-20 15:15:15
3689,141,501,631,11,2017-10-23 09:19:27,11,2017-10-23 09:19:27
3690,141,1001,1131,11,2017-10-23 09:19:27,11,2017-10-23 09:19:27
3703,2768,101,1231,11,2017-10-23 13:52:39,11,2017-10-23 13:52:39
3720,266,1201,231,11,2017-10-25 15:16:31,11,2017-10-25 15:16:31
3724,2374,1101,315,11,2017-10-26 09:28:52,11,2017-10-26 09:28:52
3725,2372,101,1231,11,2017-10-26 09:30:00,11,2017-10-26 09:30:00
3730,47,701,1231,1,2017-10-26 15:45:09,1,2017-10-26 15:45:09
3732,294,601,831,11,2017-10-26 16:44:42,11,2017-10-26 16:44:42
3775,2870,401,630,11,2017-11-02 14:27:08,11,2017-11-02 14:27:08
3776,2870,1001,1130,11,2017-11-02 14:27:08,11,2017-11-02 14:27:08
3791,3003,101,1231,11,2017-11-07 14:49:45,11,2017-11-07 14:49:45
3801,147,701,1231,11,2017-11-08 14:12:13,11,2017-11-08 14:12:13
3808,217,401,531,11,2017-11-08 15:44:52,11,2017-11-08 15:44:52
3818,2542,701,931,11,2017-11-09 13:56:04,11,2017-11-09 13:56:04
3823,263,1101,331,11,2017-11-09 16:15:14,11,2017-11-09 16:15:14
3824,286,1101,231,11,2017-11-09 16:23:48,11,2017-11-09 16:23:48
3828,2114,401,630,5,2017-11-09 17:17:43,5,2017-11-09 17:17:43
3829,2114,1001,1130,5,2017-11-09 17:17:43,5,2017-11-09 17:17:43
3831,1746,1115,531,11,2017-11-13 09:15:45,11,2017-11-13 09:15:45
3839,2140,601,831,11,2017-11-14 10:58:06,11,2017-11-14 10:58:06
3841,1940,101,1231,11,2017-11-14 11:24:47,11,2017-11-14 11:24:47
3842,1711,901,1031,11,2017-11-14 11:42:00,11,2017-11-14 11:42:00
3845,188,601,831,11,2017-11-14 11:50:08,11,2017-11-14 11:50:08
3850,2123,901,1131,11,2017-11-14 13:28:44,11,2017-11-14 13:28:44
3854,1715,1115,315,11,2017-11-14 14:05:50,11,2017-11-14 14:05:50
3855,1680,901,1131,11,2017-11-14 14:07:23,11,2017-11-14 14:07:23
3856,1669,101,1231,11,2017-11-14 14:09:23,11,2017-11-14 14:09:23
3866,1977,701,1131,12,2017-11-15 18:03:21,12,2017-11-15 18:03:21
3869,1991,101,1231,12,2017-11-15 21:04:40,12,2017-11-15 21:04:40
3873,1952,101,231,11,2017-11-16 10:17:48,11,2017-11-16 10:17:48
3876,1934,401,1031,11,2017-11-16 11:35:50,11,2017-11-16 11:35:50
3878,3006,601,831,11,2017-11-16 11:57:49,11,2017-11-16 11:57:49
3879,285,1101,231,11,2017-11-16 14:00:26,11,2017-11-16 14:00:26
3880,103,1201,431,11,2017-11-16 14:32:35,11,2017-11-16 14:32:35
3888,1998,1001,131,12,2017-11-16 18:24:56,12,2017-11-16 18:24:56
3923,120,101,1231,11,2017-11-17 15:13:23,11,2017-11-17 15:13:23
3924,2821,101,1231,11,2017-11-17 15:26:54,11,2017-11-17 15:26:54
3925,2774,901,1130,11,2017-11-17 15:28:37,11,2017-11-17 15:28:37
3928,1801,501,731,11,2017-11-17 16:02:50,11,2017-11-17 16:02:50
3929,45,801,1130,11,2017-11-17 16:11:22,11,2017-11-17 16:11:22
3931,2001,101,1231,12,2017-11-17 16:29:47,12,2017-11-17 16:29:47
3944,1802,1101,331,11,2017-11-22 09:47:02,11,2017-11-22 09:47:02
3945,1802,501,931,11,2017-11-22 09:47:02,11,2017-11-22 09:47:02
3953,1728,1101,228,11,2017-11-22 16:43:56,11,2017-11-22 16:43:56
3959,128,101,1231,11,2017-11-27 15:21:44,11,2017-11-27 15:21:44
3960,2876,101,231,11,2017-11-27 16:06:31,11,2017-11-27 16:06:31
3965,2777,1101,231,11,2017-11-29 09:11:56,11,2017-11-29 09:11:56
3966,2777,401,531,11,2017-11-29 09:11:56,11,2017-11-29 09:11:56
3968,1702,1101,228,11,2017-11-29 09:21:55,11,2017-11-29 09:21:55
3975,2986,101,231,11,2017-11-29 11:34:41,11,2017-11-29 11:34:41
3981,331,1101,228,11,2017-12-01 10:28:14,11,2017-12-01 10:28:14
3991,230,101,1231,11,2017-12-01 13:52:30,11,2017-12-01 13:52:30
3995,2679,601,930,11,2017-12-04 13:17:37,11,2017-12-04 13:17:37
3997,3011,1201,131,11,2017-12-04 14:49:13,11,2017-12-04 14:49:13
3998,3010,1201,131,11,2017-12-04 14:49:32,11,2017-12-04 14:49:32
4010,1709,1101,228,11,2017-12-05 14:27:48,11,2017-12-05 14:27:48
4013,4,215,515,11,2017-12-06 10:52:41,11,2017-12-06 10:52:41
4014,4,901,1031,11,2017-12-06 10:52:41,11,2017-12-06 10:52:41
4015,5,215,515,11,2017-12-06 10:53:00,11,2017-12-06 10:53:00
4016,5,901,1031,11,2017-12-06 10:53:00,11,2017-12-06 10:53:00
4019,3014,801,1130,11,2017-12-06 13:55:10,11,2017-12-06 13:55:10
4020,46,701,1231,11,2017-12-06 14:12:54,11,2017-12-06 14:12:54
4026,159,1115,315,12,2017-12-06 18:27:34,12,2017-12-06 18:27:34
4028,219,901,1031,12,2017-12-06 19:46:24,12,2017-12-06 19:46:24
4029,2954,1001,1231,11,2017-12-07 09:30:40,11,2017-12-07 09:30:40
4030,2954,615,915,11,2017-12-07 09:30:40,11,2017-12-07 09:30:40
4031,2944,1101,331,11,2017-12-07 09:31:29,11,2017-12-07 09:31:29
4033,2895,901,1130,11,2017-12-07 09:35:21,11,2017-12-07 09:35:21
4038,356,501,731,11,2017-12-07 14:22:08,11,2017-12-07 14:22:08
4042,2989,1201,131,11,2017-12-07 15:00:54,11,2017-12-07 15:00:54
4048,3035,701,1231,11,2017-12-08 09:53:43,11,2017-12-08 09:53:43
4054,313,901,1131,12,2017-12-08 11:07:52,12,2017-12-08 11:07:52
4057,1655,101,1231,12,2017-12-08 11:45:01,12,2017-12-08 11:45:01
4087,2875,601,931,11,2017-12-13 16:53:12,11,2017-12-13 16:53:12
4112,1706,301,531,11,2017-12-15 09:31:49,11,2017-12-15 09:31:49
4113,1706,1001,1231,11,2017-12-15 09:31:49,11,2017-12-15 09:31:49
4114,2408,101,1231,11,2017-12-15 10:06:00,11,2017-12-15 10:06:00
4117,1891,1101,231,11,2017-12-15 13:55:37,11,2017-12-15 13:55:37
4127,3051,101,1231,11,2017-12-20 10:49:13,11,2017-12-20 10:49:13
4165,108,1201,131,11,2017-12-20 15:31:48,11,2017-12-20 15:31:48
4171,2489,601,1031,11,2017-12-21 13:16:43,11,2017-12-21 13:16:43
4181,74,1201,631,11,2017-12-21 15:12:33,11,2017-12-21 15:12:33
4186,3058,1101,215,11,2017-12-21 15:21:12,11,2017-12-21 15:21:12
4194,2423,401,531,11,2017-12-21 15:34:16,11,2017-12-21 15:34:16
4195,2423,1001,1130,11,2017-12-21 15:34:16,11,2017-12-21 15:34:16
4196,2423,601,930,11,2017-12-21 15:34:16,11,2017-12-21 15:34:16
4198,53,315,531,12,2017-12-21 17:50:23,12,2017-12-21 17:50:23
4203,101,101,1231,12,2017-12-21 20:19:54,12,2017-12-21 20:19:54
4204,2331,1101,331,11,2017-12-22 09:18:00,11,2017-12-22 09:18:00
4206,3039,1101,215,11,2017-12-22 09:35:04,11,2017-12-22 09:35:04
4207,2362,1101,215,11,2017-12-22 09:35:25,11,2017-12-22 09:35:25
4208,2337,1101,215,11,2017-12-22 09:35:41,11,2017-12-22 09:35:41
4210,1684,101,1231,11,2017-12-22 09:36:25,11,2017-12-22 09:36:25
4211,3049,101,1231,11,2017-12-22 09:54:15,11,2017-12-22 09:54:15
4213,3059,101,1231,11,2017-12-22 10:15:09,11,2017-12-22 10:15:09
4215,3053,1101,231,11,2017-12-22 10:44:28,11,2017-12-22 10:44:28
4216,3053,401,531,11,2017-12-22 10:44:28,11,2017-12-22 10:44:28
4219,304,1101,131,11,2017-12-22 14:09:41,11,2017-12-22 14:09:41
4220,304,401,531,11,2017-12-22 14:09:41,11,2017-12-22 14:09:41
4223,92,401,630,11,2017-12-22 14:48:35,11,2017-12-22 14:48:35
4224,92,1001,1130,11,2017-12-22 14:48:36,11,2017-12-22 14:48:36
4226,3050,1001,331,11,2017-12-22 15:28:51,11,2017-12-22 15:28:51
4235,149,601,831,12,2017-12-22 19:49:55,12,2017-12-22 19:49:55
4237,297,401,531,12,2017-12-22 21:48:57,12,2017-12-22 21:48:57
4241,3060,401,531,11,2017-12-25 14:10:41,11,2017-12-25 14:10:41
4250,190,701,931,11,2017-12-26 09:21:59,11,2017-12-26 09:21:59
4254,1990,101,1231,11,2017-12-26 09:45:27,11,2017-12-26 09:45:27
4268,3054,1101,131,11,2017-12-26 15:29:10,11,2017-12-26 15:29:10
4270,3041,1101,215,11,2017-12-26 15:33:57,11,2017-12-26 15:33:57
4271,3055,1101,131,11,2017-12-26 15:36:22,11,2017-12-26 15:36:22
4274,2425,101,1231,11,2017-12-26 15:57:05,11,2017-12-26 15:57:05
4276,2987,101,1231,11,2017-12-26 16:05:18,11,2017-12-26 16:05:18
4278,3057,101,131,11,2017-12-27 09:19:25,11,2017-12-27 09:19:25
4283,2734,501,931,11,2017-12-27 16:43:13,11,2017-12-27 16:43:13
4284,2722,1101,231,11,2017-12-27 16:45:54,11,2017-12-27 16:45:54
4285,2722,401,531,11,2017-12-27 16:45:54,11,2017-12-27 16:45:54
4287,2000,101,1231,12,2017-12-27 18:23:12,12,2017-12-27 18:23:12
4300,2030,901,231,12,2017-12-27 21:46:19,12,2017-12-27 21:46:19
4302,2136,1101,228,11,2017-12-28 09:43:00,11,2017-12-28 09:43:00
4303,2099,1101,231,11,2017-12-28 09:46:00,11,2017-12-28 09:46:00
4304,2099,401,531,11,2017-12-28 09:46:00,11,2017-12-28 09:46:00
4305,1955,701,931,11,2017-12-28 11:44:55,11,2017-12-28 11:44:55
4306,1924,601,931,11,2017-12-28 11:46:11,11,2017-12-28 11:46:11
4307,1857,315,531,11,2017-12-28 11:55:14,11,2017-12-28 11:55:14
4308,1857,915,1130,11,2017-12-28 11:55:14,11,2017-12-28 11:55:14
4309,1831,601,831,11,2017-12-28 12:07:16,11,2017-12-28 12:07:16
4310,1828,701,931,11,2017-12-28 12:10:33,11,2017-12-28 12:10:33
4311,1820,401,630,11,2017-12-28 12:12:39,11,2017-12-28 12:12:39
4312,1820,1001,1130,11,2017-12-28 12:12:39,11,2017-12-28 12:12:39
4313,1652,701,1231,11,2017-12-28 13:34:41,11,2017-12-28 13:34:41
4314,54,315,531,11,2017-12-28 13:46:05,11,2017-12-28 13:46:05
4316,2161,101,1231,11,2017-12-28 13:51:54,11,2017-12-28 13:51:54
4318,1903,1101,231,11,2017-12-28 13:55:17,11,2017-12-28 13:55:17
4319,1794,1101,231,11,2017-12-28 13:58:09,11,2017-12-28 13:58:09
4320,2789,315,715,11,2017-12-28 14:19:40,11,2017-12-28 14:19:40
4321,2785,601,831,11,2017-12-28 14:26:13,11,2017-12-28 14:26:13
4322,2773,601,831,11,2017-12-28 14:30:06,11,2017-12-28 14:30:06
4323,2172,601,831,11,2017-12-28 14:56:20,11,2017-12-28 14:56:20
4327,35,601,831,11,2017-12-28 15:12:32,11,2017-12-28 15:12:32
4332,1639,1101,331,11,2017-12-28 15:21:41,11,2017-12-28 15:21:41
4333,1698,1101,331,11,2017-12-28 15:22:02,11,2017-12-28 15:22:02
4334,1835,1101,331,11,2017-12-28 15:22:26,11,2017-12-28 15:22:26
4335,2376,1101,315,11,2017-12-28 15:35:13,11,2017-12-28 15:35:13
4344,206,501,731,12,2018-01-11 21:41:34,12,2018-01-11 21:41:34
4349,279,1201,331,12,2018-01-11 22:46:19,12,2018-01-11 22:46:19
4352,1967,1115,331,12,2018-01-12 00:53:49,12,2018-01-12 00:53:49
4355,2052,1115,315,12,2018-01-16 20:21:01,12,2018-01-16 20:21:01
4357,2060,901,131,12,2018-01-17 01:22:11,12,2018-01-17 01:22:11
4358,2067,1201,131,12,2018-01-18 15:22:59,12,2018-01-18 15:22:59
4359,2068,1201,131,12,2018-01-18 15:34:26,12,2018-01-18 15:34:26
4365,2080,1201,431,12,2018-01-18 17:30:50,12,2018-01-18 17:30:50
4371,32,315,531,5,2018-01-18 18:14:18,5,2018-01-18 18:14:18
4372,2124,1115,228,12,2018-01-18 18:44:46,12,2018-01-18 18:44:46
4373,2124,615,915,12,2018-01-18 18:44:46,12,2018-01-18 18:44:46
4379,2169,401,631,12,2018-01-18 20:42:45,12,2018-01-18 20:42:45
4381,2182,301,431,12,2018-01-18 20:58:15,12,2018-01-18 20:58:15
4387,97,401,630,12,2018-01-18 23:19:34,12,2018-01-18 23:19:34
4388,97,1001,1130,12,2018-01-18 23:19:34,12,2018-01-18 23:19:34
4392,135,701,931,12,2018-01-18 23:27:23,12,2018-01-18 23:27:23
4393,145,701,1231,12,2018-01-18 23:29:48,12,2018-01-18 23:29:48
4397,1161,601,931,12,2018-01-19 00:13:43,12,2018-01-19 00:13:43
4405,2215,501,531,12,2018-01-19 17:02:52,12,2018-01-19 17:02:52
4406,2257,1201,228,12,2018-01-19 21:29:16,12,2018-01-19 21:29:16
4407,2259,101,1231,12,2018-01-19 21:51:13,12,2018-01-19 21:51:13
4410,2264,101,1231,12,2018-01-19 22:21:18,12,2018-01-19 22:21:18
4411,2267,1101,228,12,2018-01-19 22:30:11,12,2018-01-19 22:30:11
4413,2269,1201,228,12,2018-01-19 22:38:16,12,2018-01-19 22:38:16
4414,2270,1201,228,12,2018-01-19 22:47:06,12,2018-01-19 22:47:06
4415,2271,901,1130,12,2018-01-19 22:53:52,12,2018-01-19 22:53:52
4417,2274,901,1130,12,2018-01-19 23:05:13,12,2018-01-19 23:05:13
4418,2275,101,1231,12,2018-01-19 23:13:05,12,2018-01-19 23:13:05
4419,2276,1101,228,12,2018-01-19 23:16:52,12,2018-01-19 23:16:52
4420,2277,701,931,12,2018-01-19 23:21:35,12,2018-01-19 23:21:35
4421,2278,1101,228,12,2018-01-19 23:28:03,12,2018-01-19 23:28:03
4422,2279,101,1231,12,2018-01-19 23:31:33,12,2018-01-19 23:31:33
4423,2280,101,1231,12,2018-01-19 23:35:48,12,2018-01-19 23:35:48
4424,2281,101,1231,12,2018-01-19 23:38:10,12,2018-01-19 23:38:10
4425,2281,1101,228,12,2018-01-19 23:38:10,12,2018-01-19 23:38:10
4426,2281,401,630,12,2018-01-19 23:38:10,12,2018-01-19 23:38:10
4427,2283,1201,228,12,2018-01-19 23:41:10,12,2018-01-19 23:41:10
4429,2285,101,1231,12,2018-01-19 23:45:55,12,2018-01-19 23:45:55
4430,2286,101,1231,12,2018-01-19 23:50:25,12,2018-01-19 23:50:25
4431,2292,1001,1231,12,2018-01-19 23:53:29,12,2018-01-19 23:53:29
4434,2342,1201,131,12,2018-01-20 00:10:22,12,2018-01-20 00:10:22
4435,2373,1101,315,12,2018-01-20 00:19:19,12,2018-01-20 00:19:19
4436,2375,101,1231,12,2018-01-20 00:22:15,12,2018-01-20 00:22:15
4437,2377,601,831,12,2018-01-20 00:24:07,12,2018-01-20 00:24:07
4438,2402,215,515,12,2018-01-20 00:29:37,12,2018-01-20 00:29:37
4439,2402,901,1031,12,2018-01-20 00:29:37,12,2018-01-20 00:29:37
4440,2404,1101,228,12,2018-01-20 00:32:22,12,2018-01-20 00:32:22
4441,2405,101,1231,12,2018-01-20 00:33:41,12,2018-01-20 00:33:41
4443,2421,201,430,12,2018-01-20 17:46:31,12,2018-01-20 17:46:31
4444,2422,215,515,12,2018-01-20 17:49:27,12,2018-01-20 17:49:27
4445,2422,901,1031,12,2018-01-20 17:49:27,12,2018-01-20 17:49:27
4448,2429,101,1231,12,2018-01-20 18:05:56,12,2018-01-20 18:05:56
4449,2438,101,1231,12,2018-01-20 18:07:32,12,2018-01-20 18:07:32
4450,2438,301,531,12,2018-01-20 18:07:32,12,2018-01-20 18:07:32
4451,2439,101,1231,12,2018-01-20 18:08:48,12,2018-01-20 18:08:48
4452,2440,101,1231,12,2018-01-20 18:11:13,12,2018-01-20 18:11:13
4453,2440,301,531,12,2018-01-20 18:11:13,12,2018-01-20 18:11:13
4454,2441,101,1231,12,2018-01-20 18:13:30,12,2018-01-20 18:13:30
4455,2703,601,930,12,2018-01-20 21:03:19,12,2018-01-20 21:03:19
4463,34,601,831,12,2018-01-22 21:46:29,12,2018-01-22 21:46:29
4464,37,601,831,12,2018-01-22 21:48:25,12,2018-01-22 21:48:25
4486,2341,1101,331,5,2018-01-25 11:59:41,5,2018-01-25 11:59:41
4487,3098,801,1231,5,2018-01-26 10:05:58,5,2018-01-26 10:05:58
4488,2906,1115,331,5,2018-01-26 10:29:38,5,2018-01-26 10:29:38
4489,175,1101,231,5,2018-01-29 15:03:17,5,2018-01-29 15:03:17
4490,209,601,1031,5,2018-02-02 11:30:45,5,2018-02-02 11:30:45
4495,284,1201,231,5,2018-02-02 13:35:38,5,2018-02-02 13:35:38
4496,132,701,931,5,2018-02-03 14:46:07,5,2018-02-03 14:46:07
4498,302,1001,1131,5,2018-02-03 14:55:09,5,2018-02-03 14:55:09
4504,134,701,931,12,2018-02-13 17:06:24,12,2018-02-13 17:06:24
4505,2171,301,431,12,2018-02-13 17:22:52,12,2018-02-13 17:22:52
4507,3110,1101,431,15,2018-02-13 18:33:22,15,2018-02-13 18:33:22
4508,344,401,531,12,2018-02-13 19:13:36,12,2018-02-13 19:13:36
4509,311,1130,228,12,2018-02-13 19:17:22,12,2018-02-13 19:17:22
4511,195,701,931,12,2018-02-14 10:18:04,12,2018-02-14 10:18:04
4517,3120,1101,228,5,2018-02-17 12:07:29,5,2018-02-17 12:07:29
4519,146,701,1231,5,2018-02-17 14:57:25,5,2018-02-17 14:57:25
4522,193,101,231,5,2018-02-17 15:04:47,5,2018-02-17 15:04:47
4523,3113,201,431,15,2018-02-19 18:13:19,15,2018-02-19 18:13:19
4524,48,701,1231,12,2018-02-20 15:38:22,12,2018-02-20 15:38:22
4525,208,601,1031,12,2018-02-20 15:58:49,12,2018-02-20 15:58:49
4526,2284,101,1231,12,2018-02-20 16:07:05,12,2018-02-20 16:07:05
4527,2268,101,1231,15,2018-02-21 10:35:30,15,2018-02-21 10:35:30
4528,2330,101,1231,5,2018-02-26 09:09:30,5,2018-02-26 09:09:30
4531,36,601,831,5,2018-02-26 09:22:20,5,2018-02-26 09:22:20
4546,1708,1101,331,5,2018-03-03 16:09:39,5,2018-03-03 16:09:39
4550,2428,101,1231,15,2018-03-08 10:39:48,15,2018-03-08 10:39:48
4551,2428,301,531,15,2018-03-08 10:39:48,15,2018-03-08 10:39:48
4556,2805,501,631,5,2018-03-10 11:26:48,5,2018-03-10 11:26:48
4557,2805,901,1031,5,2018-03-10 11:26:48,5,2018-03-10 11:26:48
4559,2803,501,1001,5,2018-03-10 11:37:16,5,2018-03-10 11:37:16
4562,3125,601,831,5,2018-03-10 11:46:21,5,2018-03-10 11:46:21
4563,2919,1101,231,5,2018-03-10 11:52:09,5,2018-03-10 11:52:09
4567,3127,101,331,5,2018-03-17 09:35:09,5,2018-03-17 09:35:09
4568,1741,315,531,5,2018-03-17 09:39:40,5,2018-03-17 09:39:40
4569,2898,401,531,5,2018-03-17 09:57:06,5,2018-03-17 09:57:06
4582,8,315,715,5,2018-03-23 23:16:36,5,2018-03-23 23:16:36
4601,3123,101,1231,5,2018-04-13 15:43:25,5,2018-04-13 15:43:25
4603,1723,101,1231,5,2018-04-13 15:58:57,5,2018-04-13 15:58:57
4613,2968,1001,131,15,2018-04-27 12:19:04,15,2018-04-27 12:19:04
4614,2968,401,630,15,2018-04-27 12:19:04,15,2018-04-27 12:19:04
4617,3131,215,515,5,2018-05-03 14:31:37,5,2018-05-03 14:31:37
4618,3131,901,1031,5,2018-05-03 14:31:37,5,2018-05-03 14:31:37
4619,3133,601,931,5,2018-05-03 15:04:07,5,2018-05-03 15:04:07
4621,2329,1101,215,15,2018-05-09 11:01:27,15,2018-05-09 11:01:27
4624,1732,401,831,15,2018-05-09 13:41:16,15,2018-05-09 13:41:16
4625,1732,1101,1231,15,2018-05-09 13:41:16,15,2018-05-09 13:41:16
4632,11,215,515,5,2018-05-24 09:06:24,5,2018-05-24 09:06:24
4633,11,901,1031,5,2018-05-24 09:06:24,5,2018-05-24 09:06:24
4635,2899,501,1001,5,2018-05-24 09:27:24,5,2018-05-24 09:27:24
4636,1880,601,1031,5,2018-05-24 10:20:36,5,2018-05-24 10:20:36
4637,3101,1001,1231,5,2018-05-24 10:26:17,5,2018-05-24 10:26:17
4639,2175,601,1031,5,2018-05-24 10:51:44,5,2018-05-24 10:51:44
4646,1813,501,631,5,2018-05-24 11:36:34,5,2018-05-24 11:36:34
4647,1813,901,1031,5,2018-05-24 11:36:34,5,2018-05-24 11:36:34
4648,17,601,931,15,2018-05-24 13:12:21,15,2018-05-24 13:12:21
4649,25,601,931,15,2018-05-24 13:15:49,15,2018-05-24 13:15:49
4650,18,601,930,15,2018-05-24 13:17:02,15,2018-05-24 13:17:02
4651,40,301,531,15,2018-05-24 13:19:34,15,2018-05-24 13:19:34
4652,40,1001,1130,15,2018-05-24 13:19:34,15,2018-05-24 13:19:34
4653,38,501,631,15,2018-05-24 13:25:09,15,2018-05-24 13:25:09
4654,38,901,1031,15,2018-05-24 13:25:09,15,2018-05-24 13:25:09
4655,67,601,831,15,2018-05-24 13:27:08,15,2018-05-24 13:27:08
4656,66,601,831,15,2018-05-24 13:27:55,15,2018-05-24 13:27:55
4657,65,601,831,15,2018-05-24 13:28:45,15,2018-05-24 13:28:45
4658,64,601,831,15,2018-05-24 13:29:30,15,2018-05-24 13:29:30
4659,62,601,831,15,2018-05-24 13:30:26,15,2018-05-24 13:30:26
4660,77,1101,231,15,2018-05-24 13:31:16,15,2018-05-24 13:31:16
4661,77,401,531,15,2018-05-24 13:31:16,15,2018-05-24 13:31:16
4662,72,701,931,15,2018-05-24 13:31:59,15,2018-05-24 13:31:59
4663,83,901,1031,15,2018-05-24 13:34:41,15,2018-05-24 13:34:41
4664,81,1201,431,15,2018-05-24 13:35:21,15,2018-05-24 13:35:21
4665,80,601,931,15,2018-05-24 13:36:15,15,2018-05-24 13:36:15
4666,126,601,931,15,2018-05-24 13:42:15,15,2018-05-24 13:42:15
4667,136,701,931,15,2018-05-24 13:43:29,15,2018-05-24 13:43:29
4668,133,701,931,15,2018-05-24 13:44:11,15,2018-05-24 13:44:11
4669,131,701,931,15,2018-05-24 13:44:54,15,2018-05-24 13:44:54
4670,129,701,931,15,2018-05-24 13:45:34,15,2018-05-24 13:45:34
4671,138,301,531,15,2018-05-24 13:47:46,15,2018-05-24 13:47:46
4672,156,601,831,15,2018-05-24 13:48:29,15,2018-05-24 13:48:29
4673,155,601,831,15,2018-05-24 13:49:06,15,2018-05-24 13:49:06
4674,154,601,930,15,2018-05-24 13:49:44,15,2018-05-24 13:49:44
4675,151,601,831,15,2018-05-24 13:50:54,15,2018-05-24 13:50:54
4676,150,601,831,15,2018-05-24 13:51:31,15,2018-05-24 13:51:31
4677,165,1101,231,15,2018-05-24 13:53:12,15,2018-05-24 13:53:12
4678,162,1101,331,15,2018-05-24 13:54:38,15,2018-05-24 13:54:38
4679,161,1101,331,15,2018-05-24 13:55:16,15,2018-05-24 13:55:16
4680,176,1101,331,15,2018-05-24 13:55:57,15,2018-05-24 13:55:57
4681,174,1101,231,15,2018-05-24 13:56:40,15,2018-05-24 13:56:40
4682,173,1101,231,15,2018-05-24 13:57:22,15,2018-05-24 13:57:22
4683,172,1101,231,15,2018-05-24 13:58:00,15,2018-05-24 13:58:00
4684,178,1101,231,15,2018-05-24 14:01:33,15,2018-05-24 14:01:33
4685,194,101,231,15,2018-05-24 14:02:55,15,2018-05-24 14:02:55
4686,191,401,831,15,2018-05-24 14:03:38,15,2018-05-24 14:03:38
4687,191,1101,1231,15,2018-05-24 14:03:38,15,2018-05-24 14:03:38
4688,189,701,831,15,2018-05-24 14:04:23,15,2018-05-24 14:04:23
4689,205,301,531,15,2018-05-24 14:07:02,15,2018-05-24 14:07:02
4690,211,601,1030,15,2018-05-24 14:08:36,15,2018-05-24 14:08:36
4691,213,1201,631,15,2018-05-24 14:09:10,15,2018-05-24 14:09:10
4692,224,1101,231,15,2018-05-24 14:10:34,15,2018-05-24 14:10:34
4693,224,401,531,15,2018-05-24 14:10:34,15,2018-05-24 14:10:34
4694,221,1101,231,15,2018-05-24 14:11:51,15,2018-05-24 14:11:51
4695,221,401,531,15,2018-05-24 14:11:51,15,2018-05-24 14:11:51
4696,237,601,831,15,2018-05-24 14:13:05,15,2018-05-24 14:13:05
4697,246,901,1131,15,2018-05-24 14:14:37,15,2018-05-24 14:14:37
4698,243,901,1131,15,2018-05-24 14:15:20,15,2018-05-24 14:15:20
4699,240,101,1231,15,2018-05-24 14:16:19,15,2018-05-24 14:16:19
4700,241,901,1130,15,2018-05-24 14:17:24,15,2018-05-24 14:17:24
4701,256,601,831,15,2018-05-24 14:18:36,15,2018-05-24 14:18:36
4702,254,401,531,15,2018-05-24 14:19:12,15,2018-05-24 14:19:12
4703,253,1201,231,15,2018-05-24 14:20:33,15,2018-05-24 14:20:33
4704,251,701,931,15,2018-05-24 14:21:19,15,2018-05-24 14:21:19
4705,252,701,931,15,2018-05-24 14:22:00,15,2018-05-24 14:22:00
4706,264,1201,231,15,2018-05-24 14:23:16,15,2018-05-24 14:23:16
4707,258,101,1231,15,2018-05-24 14:25:23,15,2018-05-24 14:25:23
4708,277,1201,431,15,2018-05-24 14:26:04,15,2018-05-24 14:26:04
4709,270,701,931,15,2018-05-24 14:28:15,15,2018-05-24 14:28:15
4710,204,601,1031,15,2018-05-25 14:26:02,15,2018-05-25 14:26:02
4711,200,301,531,15,2018-05-25 14:27:14,15,2018-05-25 14:27:14
4712,278,1201,430,15,2018-05-25 14:32:11,15,2018-05-25 14:32:11
4713,296,1001,1131,15,2018-05-25 14:34:30,15,2018-05-25 14:34:30
4714,293,1101,231,15,2018-05-25 14:36:05,15,2018-05-25 14:36:05
4715,293,401,531,15,2018-05-25 14:36:05,15,2018-05-25 14:36:05
4716,290,1001,131,15,2018-05-25 14:37:19,15,2018-05-25 14:37:19
4717,290,401,630,15,2018-05-25 14:37:19,15,2018-05-25 14:37:19
4718,289,1101,231,15,2018-05-25 14:38:02,15,2018-05-25 14:38:02
4719,307,315,531,15,2018-05-25 14:38:43,15,2018-05-25 14:38:43
4720,307,915,1130,15,2018-05-25 14:38:43,15,2018-05-25 14:38:43
4721,306,301,531,15,2018-05-25 14:39:20,15,2018-05-25 14:39:20
4722,306,901,1131,15,2018-05-25 14:39:20,15,2018-05-25 14:39:20
4723,305,1101,131,15,2018-05-25 14:40:13,15,2018-05-25 14:40:13
4724,305,401,531,15,2018-05-25 14:40:13,15,2018-05-25 14:40:13
4725,303,601,931,15,2018-05-25 14:40:49,15,2018-05-25 14:40:49
4726,316,101,1231,15,2018-05-25 14:42:40,15,2018-05-25 14:42:40
4727,327,101,1231,15,2018-05-25 14:44:26,15,2018-05-25 14:44:26
4728,323,1101,131,15,2018-05-25 14:45:14,15,2018-05-25 14:45:14
4729,323,401,531,15,2018-05-25 14:45:14,15,2018-05-25 14:45:14
4730,322,1201,631,15,2018-05-25 14:45:51,15,2018-05-25 14:45:51
4731,343,1101,228,15,2018-05-25 15:52:14,15,2018-05-25 15:52:14
4732,362,301,431,15,2018-05-25 15:54:30,15,2018-05-25 15:54:30
4733,9,101,1231,15,2018-05-31 10:50:50,15,2018-05-31 10:50:50
4734,13,101,1231,15,2018-05-31 10:51:39,15,2018-05-31 10:51:39
4735,13,501,1031,15,2018-05-31 10:51:39,15,2018-05-31 10:51:39
4736,119,101,1231,15,2018-05-31 10:55:06,15,2018-05-31 10:55:06
4737,163,1101,231,15,2018-05-31 10:57:28,15,2018-05-31 10:57:28
4738,199,101,1231,15,2018-05-31 10:59:41,15,2018-05-31 10:59:41
4739,220,315,531,15,2018-05-31 11:01:40,15,2018-05-31 11:01:40
4740,236,1001,1231,15,2018-05-31 11:02:40,15,2018-05-31 11:02:40
4741,247,901,1131,15,2018-05-31 11:04:58,15,2018-05-31 11:04:58
4742,245,901,1131,15,2018-05-31 11:05:45,15,2018-05-31 11:05:45
4743,244,901,1130,15,2018-05-31 11:06:31,15,2018-05-31 11:06:31
4744,268,701,931,15,2018-05-31 11:09:18,15,2018-05-31 11:09:18
4745,287,1101,231,15,2018-05-31 11:10:03,15,2018-05-31 11:10:03
4746,309,1101,331,15,2018-05-31 11:14:37,15,2018-05-31 11:14:37
4747,328,601,831,15,2018-05-31 11:19:17,15,2018-05-31 11:19:17
4748,347,401,531,15,2018-05-31 11:20:21,15,2018-05-31 11:20:21
4749,360,101,1231,15,2018-05-31 11:23:42,15,2018-05-31 11:23:42
4750,1671,101,1231,15,2018-05-31 11:28:07,15,2018-05-31 11:28:07
4751,1676,101,1231,15,2018-05-31 11:29:11,15,2018-05-31 11:29:11
4752,1675,101,1231,15,2018-05-31 11:30:04,15,2018-05-31 11:30:04
4753,1759,101,1231,15,2018-05-31 11:37:00,15,2018-05-31 11:37:00
4754,1759,501,1031,15,2018-05-31 11:37:00,15,2018-05-31 11:37:00
4755,1771,401,631,15,2018-05-31 11:38:41,15,2018-05-31 11:38:41
4756,1765,1201,531,15,2018-05-31 11:40:09,15,2018-05-31 11:40:09
4757,1776,1101,228,15,2018-05-31 11:44:46,15,2018-05-31 11:44:46
4758,1784,901,1130,15,2018-05-31 11:45:39,15,2018-05-31 11:45:39
4759,123,701,831,15,2018-05-31 13:58:17,15,2018-05-31 13:58:17
4760,1936,401,631,15,2018-05-31 15:16:36,15,2018-05-31 15:16:36
4761,1935,501,931,15,2018-05-31 15:17:29,15,2018-05-31 15:17:29
4762,1978,601,831,15,2018-05-31 15:19:51,15,2018-05-31 15:19:51
4763,1988,601,931,15,2018-05-31 15:20:59,15,2018-05-31 15:20:59
4764,3100,1101,331,15,2018-06-05 11:44:12,15,2018-06-05 11:44:12
4765,3097,1101,331,15,2018-06-05 11:44:40,15,2018-06-05 11:44:40
4766,3013,215,515,15,2018-06-05 11:51:56,15,2018-06-05 11:51:56
4767,3013,901,1031,15,2018-06-05 11:51:56,15,2018-06-05 11:51:56
4768,2995,1101,131,15,2018-06-05 11:57:14,15,2018-06-05 11:57:14
4769,2995,401,531,15,2018-06-05 11:57:14,15,2018-06-05 11:57:14
4770,2964,101,1231,15,2018-06-05 11:59:23,15,2018-06-05 11:59:23
4771,2757,101,1231,15,2018-06-05 12:16:07,15,2018-06-05 12:16:07
4772,2757,501,1031,15,2018-06-05 12:16:07,15,2018-06-05 12:16:07
4773,2427,101,1231,15,2018-06-05 12:28:48,15,2018-06-05 12:28:48
4774,2407,101,1231,15,2018-06-05 12:30:11,15,2018-06-05 12:30:11
4775,2406,1101,228,15,2018-06-05 12:30:35,15,2018-06-05 12:30:35
4776,2403,801,1231,15,2018-06-05 12:31:08,15,2018-06-05 12:31:08
4777,2272,901,1130,15,2018-06-05 12:34:04,15,2018-06-05 12:34:04
4778,2263,1201,331,15,2018-06-05 12:34:55,15,2018-06-05 12:34:55
4779,2262,101,1231,15,2018-06-05 12:35:21,15,2018-06-05 12:35:21
4780,2261,101,1231,15,2018-06-05 12:35:46,15,2018-06-05 12:35:46
4781,2260,101,1231,15,2018-06-05 12:36:18,15,2018-06-05 12:36:18
4782,2138,301,531,15,2018-06-05 12:42:53,15,2018-06-05 12:42:53
4783,2132,1130,331,15,2018-06-05 12:44:03,15,2018-06-05 12:44:03
4784,2128,601,831,15,2018-06-05 12:45:27,15,2018-06-05 12:45:27
4785,2121,1101,131,15,2018-06-05 12:46:59,15,2018-06-05 12:46:59
4786,2121,401,531,15,2018-06-05 12:46:59,15,2018-06-05 12:46:59
4787,2115,101,1231,15,2018-06-05 12:48:52,15,2018-06-05 12:48:52
4788,2053,301,531,15,2018-06-05 12:51:51,15,2018-06-05 12:51:51
4789,2046,1001,630,15,2018-06-05 12:53:29,15,2018-06-05 12:53:29
4790,2042,401,630,15,2018-06-05 12:54:38,15,2018-06-05 12:54:38
4791,2042,1001,1130,15,2018-06-05 12:54:38,15,2018-06-05 12:54:38
4792,2038,301,531,15,2018-06-05 12:56:15,15,2018-06-05 12:56:15
4793,2022,1101,331,15,2018-06-05 12:59:24,15,2018-06-05 12:59:24
4794,2024,1001,131,15,2018-06-05 12:59:46,15,2018-06-05 12:59:46
4795,2024,401,631,15,2018-06-05 12:59:46,15,2018-06-05 12:59:46
4796,2021,1001,131,15,2018-06-05 13:00:08,15,2018-06-05 13:00:08
4797,2021,401,631,15,2018-06-05 13:00:08,15,2018-06-05 13:00:08
4798,2019,1001,131,15,2018-06-05 13:00:35,15,2018-06-05 13:00:35
4799,2019,401,630,15,2018-06-05 13:00:35,15,2018-06-05 13:00:35
4800,2020,1001,331,15,2018-06-05 13:00:57,15,2018-06-05 13:00:57
4801,2020,601,831,15,2018-06-05 13:00:57,15,2018-06-05 13:00:57
4802,2017,315,531,15,2018-06-05 13:01:43,15,2018-06-05 13:01:43
4803,2017,915,1130,15,2018-06-05 13:01:43,15,2018-06-05 13:01:43
4804,2016,1101,231,15,2018-06-05 13:02:08,15,2018-06-05 13:02:08
4805,2015,101,1231,15,2018-06-05 13:02:35,15,2018-06-05 13:02:35
4806,2014,1101,331,15,2018-06-05 13:02:58,15,2018-06-05 13:02:58
4807,2014,601,931,15,2018-06-05 13:02:58,15,2018-06-05 13:02:58
4808,2013,601,831,15,2018-06-05 13:03:19,15,2018-06-05 13:03:19
4809,2012,501,831,15,2018-06-05 13:04:18,15,2018-06-05 13:04:18
4810,2010,401,931,15,2018-06-05 13:05:08,15,2018-06-05 13:05:08
4811,2009,1001,1231,15,2018-06-05 13:05:38,15,2018-06-05 13:05:38
4812,2009,615,915,15,2018-06-05 13:05:38,15,2018-06-05 13:05:38
4813,2008,601,931,15,2018-06-05 13:06:03,15,2018-06-05 13:06:03
4814,2007,301,531,15,2018-06-05 13:06:27,15,2018-06-05 13:06:27
4815,2006,101,1231,15,2018-06-05 13:06:50,15,2018-06-05 13:06:50
4816,2005,101,1231,15,2018-06-05 13:07:14,15,2018-06-05 13:07:14
4817,2003,101,1231,15,2018-06-05 13:08:00,15,2018-06-05 13:08:00
4818,2002,901,1231,15,2018-06-05 13:08:22,15,2018-06-05 13:08:22
4819,1996,401,831,15,2018-06-05 13:09:15,15,2018-06-05 13:09:15
4820,1995,101,1231,15,2018-06-05 13:09:41,15,2018-06-05 13:09:41
4821,1994,901,1131,15,2018-06-05 13:10:03,15,2018-06-05 13:10:03
4822,1993,601,931,15,2018-06-05 13:10:26,15,2018-06-05 13:10:26
4823,1992,1001,831,15,2018-06-05 13:10:46,15,2018-06-05 13:10:46
4824,1806,601,831,15,2018-06-05 13:15:17,15,2018-06-05 13:15:17
4825,1806,1101,1231,15,2018-06-05 13:15:17,15,2018-06-05 13:15:17
4826,1703,101,1231,15,2018-06-05 13:19:55,15,2018-06-05 13:19:55
4827,1678,101,1231,15,2018-06-05 13:20:54,15,2018-06-05 13:20:54
4828,1658,101,1231,15,2018-06-05 13:22:40,15,2018-06-05 13:22:40
4829,363,1101,231,15,2018-06-05 13:24:41,15,2018-06-05 13:24:41
4830,361,1115,331,15,2018-06-05 13:25:04,15,2018-06-05 13:25:04
4831,308,401,531,15,2018-06-05 13:28:22,15,2018-06-05 13:28:22
4832,298,401,531,15,2018-06-05 13:29:33,15,2018-06-05 13:29:33
4833,295,1101,231,15,2018-06-05 13:30:09,15,2018-06-05 13:30:09
4834,295,401,531,15,2018-06-05 13:30:09,15,2018-06-05 13:30:09
4835,183,401,630,15,2018-06-05 13:35:35,15,2018-06-05 13:35:35
4836,183,1001,1130,15,2018-06-05 13:35:35,15,2018-06-05 13:35:35
4837,182,401,531,15,2018-06-05 13:35:57,15,2018-06-05 13:35:57
4838,130,701,931,15,2018-06-05 13:39:12,15,2018-06-05 13:39:12
4839,125,601,831,15,2018-06-05 13:39:44,15,2018-06-05 13:39:44
4840,124,601,831,15,2018-06-05 13:40:06,15,2018-06-05 13:40:06
4841,122,701,831,15,2018-06-05 13:40:45,15,2018-06-05 13:40:45
4842,99,501,631,15,2018-06-05 13:42:53,15,2018-06-05 13:42:53
4843,99,1001,1131,15,2018-06-05 13:42:53,15,2018-06-05 13:42:53
4844,71,701,931,15,2018-06-05 13:45:28,15,2018-06-05 13:45:28
4845,61,1001,630,15,2018-06-05 13:46:15,15,2018-06-05 13:46:15
4846,59,1201,631,15,2018-06-05 13:47:55,15,2018-06-05 13:47:55
4847,49,801,1130,15,2018-06-05 13:49:00,15,2018-06-05 13:49:00
4848,44,801,1130,15,2018-06-05 13:49:30,15,2018-06-05 13:49:30
4849,43,601,931,15,2018-06-05 13:49:56,15,2018-06-05 13:49:56
4850,21,601,931,15,2018-06-05 13:51:48,15,2018-06-05 13:51:48
4851,20,601,931,15,2018-06-05 13:52:12,15,2018-06-05 13:52:12
4852,15,1001,630,15,2018-06-05 13:52:42,15,2018-06-05 13:52:42
4853,14,101,1231,15,2018-06-05 13:53:12,15,2018-06-05 13:53:12
4854,14,501,1031,15,2018-06-05 13:53:12,15,2018-06-05 13:53:12
4855,12,101,1231,15,2018-06-05 13:55:00,15,2018-06-05 13:55:00
4856,12,501,1031,15,2018-06-05 13:55:00,15,2018-06-05 13:55:00
4857,10,101,1231,15,2018-06-05 13:56:02,15,2018-06-05 13:56:02
4858,10,1020,131,15,2018-06-05 13:56:02,15,2018-06-05 13:56:02
4859,2,101,1231,15,2018-06-05 13:56:36,15,2018-06-05 13:56:36
4860,1,101,1231,15,2018-06-05 13:56:59,15,2018-06-05 13:56:59
